event_id,trip_id,train_id,direction,service_type,station_code,scheduled_arrival_s,scheduled_arrival_hhmmss,dwell_s,scheduled_departure_s,scheduled_departure_hhmmss,run_time_to_next_s,platform_id,route_id,assigned_depot,model_scope,evidence_class,validation_status,limitations
1,TR-CCW-001,EMU-CCW-02,COUNTERCLOCKWISE,EAST_SECTION_INDICATIVE_PATTERN,Y01,25200,07:00:00,45,25245,07:00:45,193,Y01-T2,R-Y01-CCW,UNVERIFIED_DEPOT_ALLOCATION_SOUTH,EAST_SECTION_12_STATIONS_ONLY,INDICATIVE_HEADWAY_SCHEDULE,UNVALIDATED_LACKS_BLOCK_INTERLOCKING_WHOLE_RING,"Covers only 12 East stations (Y29-Y01); lacks whole-ring loop, depot throat tracks, block signals, and interlocking models; short-turn Y22-Y38 incorrectly traverses all 12 stations."
589,TR-CW-001,EMU-CW-02,CLOCKWISE,EAST_SECTION_INDICATIVE_PATTERN,Y29,25200,07:00:00,45,25245,07:00:45,89,Y29-T1,R-Y29-CW,UNVERIFIED_DEPOT_ALLOCATION_SOUTH,EAST_SECTION_12_STATIONS_ONLY,INDICATIVE_HEADWAY_SCHEDULE,UNVALIDATED_LACKS_BLOCK_INTERLOCKING_WHOLE_RING,"Covers only 12 East stations (Y29-Y01); lacks whole-ring loop, depot throat tracks, block signals, and interlocking models."
590,TR-CW-001,EMU-CW-02,CLOCKWISE,EAST_SECTION_INDICATIVE_PATTERN,Y30,25334,07:02:14,30,25364,07:02:44,92,Y30-T1,R-Y30-CW,UNVERIFIED_DEPOT_ALLOCATION_SOUTH,EAST_SECTION_12_STATIONS_ONLY,INDICATIVE_HEADWAY_SCHEDULE,UNVALIDATED_LACKS_BLOCK_INTERLOCKING_WHOLE_RING,"Covers only 12 East stations (Y29-Y01); lacks whole-ring loop, depot throat tracks, block signals, and interlocking models."
13,TR-CCW-002,EMU-CCW-03,COUNTERCLOCKWISE,EAST_SECTION_INDICATIVE_PATTERN,Y01,25350,07:02:30,45,25395,07:03:15,193,Y01-T2,R-Y01-CCW,UNVERIFIED_DEPOT_ALLOCATION_SOUTH,EAST_SECTION_12_STATIONS_ONLY,INDICATIVE_HEADWAY_SCHEDULE,UNVALIDATED_LACKS_BLOCK_INTERLOCKING_WHOLE_RING,"Covers only 12 East stations (Y29-Y01); lacks whole-ring loop, depot throat tracks, block signals, and interlocking models; short-turn Y22-Y38 incorrectly traverses all 12 stations."
601,TR-CW-002,EMU-CW-03,CLOCKWISE,EAST_SECTION_INDICATIVE_PATTERN,Y29,25398,07:03:18,45,25443,07:04:03,89,Y29-T1,R-Y29-CW,UNVERIFIED_DEPOT_ALLOCATION_SOUTH,EAST_SECTION_12_STATIONS_ONLY,INDICATIVE_HEADWAY_SCHEDULE,UNVALIDATED_LACKS_BLOCK_INTERLOCKING_WHOLE_RING,"Covers only 12 East stations (Y29-Y01); lacks whole-ring loop, depot throat tracks, block signals, and interlocking models."
2,TR-CCW-001,EMU-CCW-02,COUNTERCLOCKWISE,EAST_SECTION_INDICATIVE_PATTERN,Y39,25438,07:03:58,30,25468,07:04:28,92,Y39-T2,R-Y39-CCW,UNVERIFIED_DEPOT_ALLOCATION_SOUTH,EAST_SECTION_12_STATIONS_ONLY,INDICATIVE_HEADWAY_SCHEDULE,UNVALIDATED_LACKS_BLOCK_INTERLOCKING_WHOLE_RING,"Covers only 12 East stations (Y29-Y01); lacks whole-ring loop, depot throat tracks, block signals, and interlocking models; short-turn Y22-Y38 incorrectly traverses all 12 stations."
591,TR-CW-001,EMU-CW-02,CLOCKWISE,EAST_SECTION_INDICATIVE_PATTERN,Y31,25456,07:04:16,30,25486,07:04:46,72,Y31-T1,R-Y31-CW,UNVERIFIED_DEPOT_ALLOCATION_SOUTH,EAST_SECTION_12_STATIONS_ONLY,INDICATIVE_HEADWAY_SCHEDULE,UNVALIDATED_LACKS_BLOCK_INTERLOCKING_WHOLE_RING,"Covers only 12 East stations (Y29-Y01); lacks whole-ring loop, depot throat tracks, block signals, and interlocking models."
25,TR-CCW-003,EMU-CCW-04,COUNTERCLOCKWISE,SHORT_TURN_Y22_Y38,Y01,25500,07:05:00,45,25545,07:05:45,193,Y01-T2,R-Y01-CCW,UNVERIFIED_DEPOT_ALLOCATION_EAST,EAST_SECTION_12_STATIONS_ONLY,INDICATIVE_HEADWAY_SCHEDULE,UNVALIDATED_LACKS_BLOCK_INTERLOCKING_WHOLE_RING,"Covers only 12 East stations (Y29-Y01); lacks whole-ring loop, depot throat tracks, block signals, and interlocking models; short-turn Y22-Y38 incorrectly traverses all 12 stations."
602,TR-CW-002,EMU-CW-03,CLOCKWISE,EAST_SECTION_INDICATIVE_PATTERN,Y30,25532,07:05:32,30,25562,07:06:02,92,Y30-T1,R-Y30-CW,UNVERIFIED_DEPOT_ALLOCATION_SOUTH,EAST_SECTION_12_STATIONS_ONLY,INDICATIVE_HEADWAY_SCHEDULE,UNVALIDATED_LACKS_BLOCK_INTERLOCKING_WHOLE_RING,"Covers only 12 East stations (Y29-Y01); lacks whole-ring loop, depot throat tracks, block signals, and interlocking models."
592,TR-CW-001,EMU-CW-02,CLOCKWISE,EAST_SECTION_INDICATIVE_PATTERN,Y32,25558,07:05:58,30,25588,07:06:28,87,Y32-T1,R-Y32-CW,UNVERIFIED_DEPOT_ALLOCATION_SOUTH,EAST_SECTION_12_STATIONS_ONLY,INDICATIVE_HEADWAY_SCHEDULE,UNVALIDATED_LACKS_BLOCK_INTERLOCKING_WHOLE_RING,"Covers only 12 East stations (Y29-Y01); lacks whole-ring loop, depot throat tracks, block signals, and interlocking models."
3,TR-CCW-001,EMU-CCW-02,COUNTERCLOCKWISE,EAST_SECTION_INDICATIVE_PATTERN,Y38,25560,07:06:00,45,25605,07:06:45,128,Y38-T2,R-Y38-CCW,UNVERIFIED_DEPOT_ALLOCATION_SOUTH,EAST_SECTION_12_STATIONS_ONLY,INDICATIVE_HEADWAY_SCHEDULE,UNVALIDATED_LACKS_BLOCK_INTERLOCKING_WHOLE_RING,"Covers only 12 East stations (Y29-Y01); lacks whole-ring loop, depot throat tracks, block signals, and interlocking models; short-turn Y22-Y38 incorrectly traverses all 12 stations."
14,TR-CCW-002,EMU-CCW-03,COUNTERCLOCKWISE,EAST_SECTION_INDICATIVE_PATTERN,Y39,25588,07:06:28,30,25618,07:06:58,92,Y39-T2,R-Y39-CCW,UNVERIFIED_DEPOT_ALLOCATION_SOUTH,EAST_SECTION_12_STATIONS_ONLY,INDICATIVE_HEADWAY_SCHEDULE,UNVALIDATED_LACKS_BLOCK_INTERLOCKING_WHOLE_RING,"Covers only 12 East stations (Y29-Y01); lacks whole-ring loop, depot throat tracks, block signals, and interlocking models; short-turn Y22-Y38 incorrectly traverses all 12 stations."
613,TR-CW-003,EMU-CW-04,CLOCKWISE,EAST_SECTION_INDICATIVE_PATTERN,Y29,25596,07:06:36,45,25641,07:07:21,89,Y29-T1,R-Y29-CW,UNVERIFIED_DEPOT_ALLOCATION_SOUTH,EAST_SECTION_12_STATIONS_ONLY,INDICATIVE_HEADWAY_SCHEDULE,UNVALIDATED_LACKS_BLOCK_INTERLOCKING_WHOLE_RING,"Covers only 12 East stations (Y29-Y01); lacks whole-ring loop, depot throat tracks, block signals, and interlocking models."
37,TR-CCW-004,EMU-CCW-05,COUNTERCLOCKWISE,EAST_SECTION_INDICATIVE_PATTERN,Y01,25650,07:07:30,45,25695,07:08:15,193,Y01-T2,R-Y01-CCW,UNVERIFIED_DEPOT_ALLOCATION_SOUTH,EAST_SECTION_12_STATIONS_ONLY,INDICATIVE_HEADWAY_SCHEDULE,UNVALIDATED_LACKS_BLOCK_INTERLOCKING_WHOLE_RING,"Covers only 12 East stations (Y29-Y01); lacks whole-ring loop, depot throat tracks, block signals, and interlocking models; short-turn Y22-Y38 incorrectly traverses all 12 stations."
603,TR-CW-002,EMU-CW-03,CLOCKWISE,EAST_SECTION_INDICATIVE_PATTERN,Y31,25654,07:07:34,30,25684,07:08:04,72,Y31-T1,R-Y31-CW,UNVERIFIED_DEPOT_ALLOCATION_SOUTH,EAST_SECTION_12_STATIONS_ONLY,INDICATIVE_HEADWAY_SCHEDULE,UNVALIDATED_LACKS_BLOCK_INTERLOCKING_WHOLE_RING,"Covers only 12 East stations (Y29-Y01); lacks whole-ring loop, depot throat tracks, block signals, and interlocking models."
593,TR-CW-001,EMU-CW-02,CLOCKWISE,EAST_SECTION_INDICATIVE_PATTERN,Y33,25675,07:07:55,45,25720,07:08:40,94,Y33-T1,R-Y33-CW,UNVERIFIED_DEPOT_ALLOCATION_SOUTH,EAST_SECTION_12_STATIONS_ONLY,INDICATIVE_HEADWAY_SCHEDULE,UNVALIDATED_LACKS_BLOCK_INTERLOCKING_WHOLE_RING,"Covers only 12 East stations (Y29-Y01); lacks whole-ring loop, depot throat tracks, block signals, and interlocking models."
15,TR-CCW-002,EMU-CCW-03,COUNTERCLOCKWISE,EAST_SECTION_INDICATIVE_PATTERN,Y38,25710,07:08:30,45,25755,07:09:15,128,Y38-T2,R-Y38-CCW,UNVERIFIED_DEPOT_ALLOCATION_SOUTH,EAST_SECTION_12_STATIONS_ONLY,INDICATIVE_HEADWAY_SCHEDULE,UNVALIDATED_LACKS_BLOCK_INTERLOCKING_WHOLE_RING,"Covers only 12 East stations (Y29-Y01); lacks whole-ring loop, depot throat tracks, block signals, and interlocking models; short-turn Y22-Y38 incorrectly traverses all 12 stations."
614,TR-CW-003,EMU-CW-04,CLOCKWISE,EAST_SECTION_INDICATIVE_PATTERN,Y30,25730,07:08:50,30,25760,07:09:20,92,Y30-T1,R-Y30-CW,UNVERIFIED_DEPOT_ALLOCATION_SOUTH,EAST_SECTION_12_STATIONS_ONLY,INDICATIVE_HEADWAY_SCHEDULE,UNVALIDATED_LACKS_BLOCK_INTERLOCKING_WHOLE_RING,"Covers only 12 East stations (Y29-Y01); lacks whole-ring loop, depot throat tracks, block signals, and interlocking models."
4,TR-CCW-001,EMU-CCW-02,COUNTERCLOCKWISE,EAST_SECTION_INDICATIVE_PATTERN,Y37,25733,07:08:53,45,25778,07:09:38,85,Y37-T2,R-Y37-CCW,UNVERIFIED_DEPOT_ALLOCATION_SOUTH,EAST_SECTION_12_STATIONS_ONLY,INDICATIVE_HEADWAY_SCHEDULE,UNVALIDATED_LACKS_BLOCK_INTERLOCKING_WHOLE_RING,"Covers only 12 East stations (Y29-Y01); lacks whole-ring loop, depot throat tracks, block signals, and interlocking models; short-turn Y22-Y38 incorrectly traverses all 12 stations."
26,TR-CCW-003,EMU-CCW-04,COUNTERCLOCKWISE,SHORT_TURN_Y22_Y38,Y39,25738,07:08:58,30,25768,07:09:28,92,Y39-T2,R-Y39-CCW,UNVERIFIED_DEPOT_ALLOCATION_EAST,EAST_SECTION_12_STATIONS_ONLY,INDICATIVE_HEADWAY_SCHEDULE,UNVALIDATED_LACKS_BLOCK_INTERLOCKING_WHOLE_RING,"Covers only 12 East stations (Y29-Y01); lacks whole-ring loop, depot throat tracks, block signals, and interlocking models; short-turn Y22-Y38 incorrectly traverses all 12 stations."
604,TR-CW-002,EMU-CW-03,CLOCKWISE,EAST_SECTION_INDICATIVE_PATTERN,Y32,25756,07:09:16,30,25786,07:09:46,87,Y32-T1,R-Y32-CW,UNVERIFIED_DEPOT_ALLOCATION_SOUTH,EAST_SECTION_12_STATIONS_ONLY,INDICATIVE_HEADWAY_SCHEDULE,UNVALIDATED_LACKS_BLOCK_INTERLOCKING_WHOLE_RING,"Covers only 12 East stations (Y29-Y01); lacks whole-ring loop, depot throat tracks, block signals, and interlocking models."
625,TR-CW-004,EMU-CW-05,CLOCKWISE,EAST_SECTION_INDICATIVE_PATTERN,Y29,25794,07:09:54,45,25839,07:10:39,89,Y29-T1,R-Y29-CW,UNVERIFIED_DEPOT_ALLOCATION_SOUTH,EAST_SECTION_12_STATIONS_ONLY,INDICATIVE_HEADWAY_SCHEDULE,UNVALIDATED_LACKS_BLOCK_INTERLOCKING_WHOLE_RING,"Covers only 12 East stations (Y29-Y01); lacks whole-ring loop, depot throat tracks, block signals, and interlocking models."
49,TR-CCW-005,EMU-CCW-06,COUNTERCLOCKWISE,EAST_SECTION_INDICATIVE_PATTERN,Y01,25800,07:10:00,45,25845,07:10:45,193,Y01-T2,R-Y01-CCW,UNVERIFIED_DEPOT_ALLOCATION_SOUTH,EAST_SECTION_12_STATIONS_ONLY,INDICATIVE_HEADWAY_SCHEDULE,UNVALIDATED_LACKS_BLOCK_INTERLOCKING_WHOLE_RING,"Covers only 12 East stations (Y29-Y01); lacks whole-ring loop, depot throat tracks, block signals, and interlocking models; short-turn Y22-Y38 incorrectly traverses all 12 stations."
594,TR-CW-001,EMU-CW-02,CLOCKWISE,EAST_SECTION_INDICATIVE_PATTERN,Y34,25814,07:10:14,30,25844,07:10:44,88,Y34-T1,R-Y34-CW,UNVERIFIED_DEPOT_ALLOCATION_SOUTH,EAST_SECTION_12_STATIONS_ONLY,INDICATIVE_HEADWAY_SCHEDULE,UNVALIDATED_LACKS_BLOCK_INTERLOCKING_WHOLE_RING,"Covers only 12 East stations (Y29-Y01); lacks whole-ring loop, depot throat tracks, block signals, and interlocking models."
615,TR-CW-003,EMU-CW-04,CLOCKWISE,EAST_SECTION_INDICATIVE_PATTERN,Y31,25852,07:10:52,30,25882,07:11:22,72,Y31-T1,R-Y31-CW,UNVERIFIED_DEPOT_ALLOCATION_SOUTH,EAST_SECTION_12_STATIONS_ONLY,INDICATIVE_HEADWAY_SCHEDULE,UNVALIDATED_LACKS_BLOCK_INTERLOCKING_WHOLE_RING,"Covers only 12 East stations (Y29-Y01); lacks whole-ring loop, depot throat tracks, block signals, and interlocking models."
27,TR-CCW-003,EMU-CCW-04,COUNTERCLOCKWISE,SHORT_TURN_Y22_Y38,Y38,25860,07:11:00,45,25905,07:11:45,128,Y38-T2,R-Y38-CCW,UNVERIFIED_DEPOT_ALLOCATION_EAST,EAST_SECTION_12_STATIONS_ONLY,INDICATIVE_HEADWAY_SCHEDULE,UNVALIDATED_LACKS_BLOCK_INTERLOCKING_WHOLE_RING,"Covers only 12 East stations (Y29-Y01); lacks whole-ring loop, depot throat tracks, block signals, and interlocking models; short-turn Y22-Y38 incorrectly traverses all 12 stations."
5,TR-CCW-001,EMU-CCW-02,COUNTERCLOCKWISE,EAST_SECTION_INDICATIVE_PATTERN,Y36,25863,07:11:03,45,25908,07:11:48,123,Y36-T2,R-Y36-CCW,UNVERIFIED_DEPOT_ALLOCATION_SOUTH,EAST_SECTION_12_STATIONS_ONLY,INDICATIVE_HEADWAY_SCHEDULE,UNVALIDATED_LACKS_BLOCK_INTERLOCKING_WHOLE_RING,"Covers only 12 East stations (Y29-Y01); lacks whole-ring loop, depot throat tracks, block signals, and interlocking models; short-turn Y22-Y38 incorrectly traverses all 12 stations."
605,TR-CW-002,EMU-CW-03,CLOCKWISE,EAST_SECTION_INDICATIVE_PATTERN,Y33,25873,07:11:13,45,25918,07:11:58,94,Y33-T1,R-Y33-CW,UNVERIFIED_DEPOT_ALLOCATION_SOUTH,EAST_SECTION_12_STATIONS_ONLY,INDICATIVE_HEADWAY_SCHEDULE,UNVALIDATED_LACKS_BLOCK_INTERLOCKING_WHOLE_RING,"Covers only 12 East stations (Y29-Y01); lacks whole-ring loop, depot throat tracks, block signals, and interlocking models."
16,TR-CCW-002,EMU-CCW-03,COUNTERCLOCKWISE,EAST_SECTION_INDICATIVE_PATTERN,Y37,25883,07:11:23,45,25928,07:12:08,85,Y37-T2,R-Y37-CCW,UNVERIFIED_DEPOT_ALLOCATION_SOUTH,EAST_SECTION_12_STATIONS_ONLY,INDICATIVE_HEADWAY_SCHEDULE,UNVALIDATED_LACKS_BLOCK_INTERLOCKING_WHOLE_RING,"Covers only 12 East stations (Y29-Y01); lacks whole-ring loop, depot throat tracks, block signals, and interlocking models; short-turn Y22-Y38 incorrectly traverses all 12 stations."
38,TR-CCW-004,EMU-CCW-05,COUNTERCLOCKWISE,EAST_SECTION_INDICATIVE_PATTERN,Y39,25888,07:11:28,30,25918,07:11:58,92,Y39-T2,R-Y39-CCW,UNVERIFIED_DEPOT_ALLOCATION_SOUTH,EAST_SECTION_12_STATIONS_ONLY,INDICATIVE_HEADWAY_SCHEDULE,UNVALIDATED_LACKS_BLOCK_INTERLOCKING_WHOLE_RING,"Covers only 12 East stations (Y29-Y01); lacks whole-ring loop, depot throat tracks, block signals, and interlocking models; short-turn Y22-Y38 incorrectly traverses all 12 stations."
626,TR-CW-004,EMU-CW-05,CLOCKWISE,EAST_SECTION_INDICATIVE_PATTERN,Y30,25928,07:12:08,30,25958,07:12:38,92,Y30-T1,R-Y30-CW,UNVERIFIED_DEPOT_ALLOCATION_SOUTH,EAST_SECTION_12_STATIONS_ONLY,INDICATIVE_HEADWAY_SCHEDULE,UNVALIDATED_LACKS_BLOCK_INTERLOCKING_WHOLE_RING,"Covers only 12 East stations (Y29-Y01); lacks whole-ring loop, depot throat tracks, block signals, and interlocking models."
595,TR-CW-001,EMU-CW-02,CLOCKWISE,EAST_SECTION_INDICATIVE_PATTERN,Y35,25932,07:12:12,45,25977,07:12:57,123,Y35-T1,R-Y35-CW,UNVERIFIED_DEPOT_ALLOCATION_SOUTH,EAST_SECTION_12_STATIONS_ONLY,INDICATIVE_HEADWAY_SCHEDULE,UNVALIDATED_LACKS_BLOCK_INTERLOCKING_WHOLE_RING,"Covers only 12 East stations (Y29-Y01); lacks whole-ring loop, depot throat tracks, block signals, and interlocking models."
61,TR-CCW-006,EMU-CCW-07,COUNTERCLOCKWISE,SHORT_TURN_Y22_Y38,Y01,25950,07:12:30,45,25995,07:13:15,193,Y01-T2,R-Y01-CCW,UNVERIFIED_DEPOT_ALLOCATION_EAST,EAST_SECTION_12_STATIONS_ONLY,INDICATIVE_HEADWAY_SCHEDULE,UNVALIDATED_LACKS_BLOCK_INTERLOCKING_WHOLE_RING,"Covers only 12 East stations (Y29-Y01); lacks whole-ring loop, depot throat tracks, block signals, and interlocking models; short-turn Y22-Y38 incorrectly traverses all 12 stations."
616,TR-CW-003,EMU-CW-04,CLOCKWISE,EAST_SECTION_INDICATIVE_PATTERN,Y32,25954,07:12:34,30,25984,07:13:04,87,Y32-T1,R-Y32-CW,UNVERIFIED_DEPOT_ALLOCATION_SOUTH,EAST_SECTION_12_STATIONS_ONLY,INDICATIVE_HEADWAY_SCHEDULE,UNVALIDATED_LACKS_BLOCK_INTERLOCKING_WHOLE_RING,"Covers only 12 East stations (Y29-Y01); lacks whole-ring loop, depot throat tracks, block signals, and interlocking models."
637,TR-CW-005,EMU-CW-06,CLOCKWISE,EAST_SECTION_INDICATIVE_PATTERN,Y29,25992,07:13:12,45,26037,07:13:57,89,Y29-T1,R-Y29-CW,UNVERIFIED_DEPOT_ALLOCATION_SOUTH,EAST_SECTION_12_STATIONS_ONLY,INDICATIVE_HEADWAY_SCHEDULE,UNVALIDATED_LACKS_BLOCK_INTERLOCKING_WHOLE_RING,"Covers only 12 East stations (Y29-Y01); lacks whole-ring loop, depot throat tracks, block signals, and interlocking models."
39,TR-CCW-004,EMU-CCW-05,COUNTERCLOCKWISE,EAST_SECTION_INDICATIVE_PATTERN,Y38,26010,07:13:30,45,26055,07:14:15,128,Y38-T2,R-Y38-CCW,UNVERIFIED_DEPOT_ALLOCATION_SOUTH,EAST_SECTION_12_STATIONS_ONLY,INDICATIVE_HEADWAY_SCHEDULE,UNVALIDATED_LACKS_BLOCK_INTERLOCKING_WHOLE_RING,"Covers only 12 East stations (Y29-Y01); lacks whole-ring loop, depot throat tracks, block signals, and interlocking models; short-turn Y22-Y38 incorrectly traverses all 12 stations."
606,TR-CW-002,EMU-CW-03,CLOCKWISE,EAST_SECTION_INDICATIVE_PATTERN,Y34,26012,07:13:32,30,26042,07:14:02,88,Y34-T1,R-Y34-CW,UNVERIFIED_DEPOT_ALLOCATION_SOUTH,EAST_SECTION_12_STATIONS_ONLY,INDICATIVE_HEADWAY_SCHEDULE,UNVALIDATED_LACKS_BLOCK_INTERLOCKING_WHOLE_RING,"Covers only 12 East stations (Y29-Y01); lacks whole-ring loop, depot throat tracks, block signals, and interlocking models."
17,TR-CCW-002,EMU-CCW-03,COUNTERCLOCKWISE,EAST_SECTION_INDICATIVE_PATTERN,Y36,26013,07:13:33,45,26058,07:14:18,123,Y36-T2,R-Y36-CCW,UNVERIFIED_DEPOT_ALLOCATION_SOUTH,EAST_SECTION_12_STATIONS_ONLY,INDICATIVE_HEADWAY_SCHEDULE,UNVALIDATED_LACKS_BLOCK_INTERLOCKING_WHOLE_RING,"Covers only 12 East stations (Y29-Y01); lacks whole-ring loop, depot throat tracks, block signals, and interlocking models; short-turn Y22-Y38 incorrectly traverses all 12 stations."
6,TR-CCW-001,EMU-CCW-02,COUNTERCLOCKWISE,EAST_SECTION_INDICATIVE_PATTERN,Y35,26031,07:13:51,45,26076,07:14:36,88,Y35-T2,R-Y35-CCW,UNVERIFIED_DEPOT_ALLOCATION_SOUTH,EAST_SECTION_12_STATIONS_ONLY,INDICATIVE_HEADWAY_SCHEDULE,UNVALIDATED_LACKS_BLOCK_INTERLOCKING_WHOLE_RING,"Covers only 12 East stations (Y29-Y01); lacks whole-ring loop, depot throat tracks, block signals, and interlocking models; short-turn Y22-Y38 incorrectly traverses all 12 stations."
28,TR-CCW-003,EMU-CCW-04,COUNTERCLOCKWISE,SHORT_TURN_Y22_Y38,Y37,26033,07:13:53,45,26078,07:14:38,85,Y37-T2,R-Y37-CCW,UNVERIFIED_DEPOT_ALLOCATION_EAST,EAST_SECTION_12_STATIONS_ONLY,INDICATIVE_HEADWAY_SCHEDULE,UNVALIDATED_LACKS_BLOCK_INTERLOCKING_WHOLE_RING,"Covers only 12 East stations (Y29-Y01); lacks whole-ring loop, depot throat tracks, block signals, and interlocking models; short-turn Y22-Y38 incorrectly traverses all 12 stations."
50,TR-CCW-005,EMU-CCW-06,COUNTERCLOCKWISE,EAST_SECTION_INDICATIVE_PATTERN,Y39,26038,07:13:58,30,26068,07:14:28,92,Y39-T2,R-Y39-CCW,UNVERIFIED_DEPOT_ALLOCATION_SOUTH,EAST_SECTION_12_STATIONS_ONLY,INDICATIVE_HEADWAY_SCHEDULE,UNVALIDATED_LACKS_BLOCK_INTERLOCKING_WHOLE_RING,"Covers only 12 East stations (Y29-Y01); lacks whole-ring loop, depot throat tracks, block signals, and interlocking models; short-turn Y22-Y38 incorrectly traverses all 12 stations."
627,TR-CW-004,EMU-CW-05,CLOCKWISE,EAST_SECTION_INDICATIVE_PATTERN,Y31,26050,07:14:10,30,26080,07:14:40,72,Y31-T1,R-Y31-CW,UNVERIFIED_DEPOT_ALLOCATION_SOUTH,EAST_SECTION_12_STATIONS_ONLY,INDICATIVE_HEADWAY_SCHEDULE,UNVALIDATED_LACKS_BLOCK_INTERLOCKING_WHOLE_RING,"Covers only 12 East stations (Y29-Y01); lacks whole-ring loop, depot throat tracks, block signals, and interlocking models."
617,TR-CW-003,EMU-CW-04,CLOCKWISE,EAST_SECTION_INDICATIVE_PATTERN,Y33,26071,07:14:31,45,26116,07:15:16,94,Y33-T1,R-Y33-CW,UNVERIFIED_DEPOT_ALLOCATION_SOUTH,EAST_SECTION_12_STATIONS_ONLY,INDICATIVE_HEADWAY_SCHEDULE,UNVALIDATED_LACKS_BLOCK_INTERLOCKING_WHOLE_RING,"Covers only 12 East stations (Y29-Y01); lacks whole-ring loop, depot throat tracks, block signals, and interlocking models."
73,TR-CCW-007,EMU-CCW-08,COUNTERCLOCKWISE,EAST_SECTION_INDICATIVE_PATTERN,Y01,26100,07:15:00,45,26145,07:15:45,193,Y01-T2,R-Y01-CCW,UNVERIFIED_DEPOT_ALLOCATION_SOUTH,EAST_SECTION_12_STATIONS_ONLY,INDICATIVE_HEADWAY_SCHEDULE,UNVALIDATED_LACKS_BLOCK_INTERLOCKING_WHOLE_RING,"Covers only 12 East stations (Y29-Y01); lacks whole-ring loop, depot throat tracks, block signals, and interlocking models; short-turn Y22-Y38 incorrectly traverses all 12 stations."
596,TR-CW-001,EMU-CW-02,CLOCKWISE,EAST_SECTION_INDICATIVE_PATTERN,Y36,26100,07:15:00,45,26145,07:15:45,85,Y36-T1,R-Y36-CW,UNVERIFIED_DEPOT_ALLOCATION_SOUTH,EAST_SECTION_12_STATIONS_ONLY,INDICATIVE_HEADWAY_SCHEDULE,UNVALIDATED_LACKS_BLOCK_INTERLOCKING_WHOLE_RING,"Covers only 12 East stations (Y29-Y01); lacks whole-ring loop, depot throat tracks, block signals, and interlocking models."
638,TR-CW-005,EMU-CW-06,CLOCKWISE,EAST_SECTION_INDICATIVE_PATTERN,Y30,26126,07:15:26,30,26156,07:15:56,92,Y30-T1,R-Y30-CW,UNVERIFIED_DEPOT_ALLOCATION_SOUTH,EAST_SECTION_12_STATIONS_ONLY,INDICATIVE_HEADWAY_SCHEDULE,UNVALIDATED_LACKS_BLOCK_INTERLOCKING_WHOLE_RING,"Covers only 12 East stations (Y29-Y01); lacks whole-ring loop, depot throat tracks, block signals, and interlocking models."
607,TR-CW-002,EMU-CW-03,CLOCKWISE,EAST_SECTION_INDICATIVE_PATTERN,Y35,26130,07:15:30,45,26175,07:16:15,123,Y35-T1,R-Y35-CW,UNVERIFIED_DEPOT_ALLOCATION_SOUTH,EAST_SECTION_12_STATIONS_ONLY,INDICATIVE_HEADWAY_SCHEDULE,UNVALIDATED_LACKS_BLOCK_INTERLOCKING_WHOLE_RING,"Covers only 12 East stations (Y29-Y01); lacks whole-ring loop, depot throat tracks, block signals, and interlocking models."
628,TR-CW-004,EMU-CW-05,CLOCKWISE,EAST_SECTION_INDICATIVE_PATTERN,Y32,26152,07:15:52,30,26182,07:16:22,87,Y32-T1,R-Y32-CW,UNVERIFIED_DEPOT_ALLOCATION_SOUTH,EAST_SECTION_12_STATIONS_ONLY,INDICATIVE_HEADWAY_SCHEDULE,UNVALIDATED_LACKS_BLOCK_INTERLOCKING_WHOLE_RING,"Covers only 12 East stations (Y29-Y01); lacks whole-ring loop, depot throat tracks, block signals, and interlocking models."
51,TR-CCW-005,EMU-CCW-06,COUNTERCLOCKWISE,EAST_SECTION_INDICATIVE_PATTERN,Y38,26160,07:16:00,45,26205,07:16:45,128,Y38-T2,R-Y38-CCW,UNVERIFIED_DEPOT_ALLOCATION_SOUTH,EAST_SECTION_12_STATIONS_ONLY,INDICATIVE_HEADWAY_SCHEDULE,UNVALIDATED_LACKS_BLOCK_INTERLOCKING_WHOLE_RING,"Covers only 12 East stations (Y29-Y01); lacks whole-ring loop, depot throat tracks, block signals, and interlocking models; short-turn Y22-Y38 incorrectly traverses all 12 stations."
29,TR-CCW-003,EMU-CCW-04,COUNTERCLOCKWISE,SHORT_TURN_Y22_Y38,Y36,26163,07:16:03,45,26208,07:16:48,123,Y36-T2,R-Y36-CCW,UNVERIFIED_DEPOT_ALLOCATION_EAST,EAST_SECTION_12_STATIONS_ONLY,INDICATIVE_HEADWAY_SCHEDULE,UNVALIDATED_LACKS_BLOCK_INTERLOCKING_WHOLE_RING,"Covers only 12 East stations (Y29-Y01); lacks whole-ring loop, depot throat tracks, block signals, and interlocking models; short-turn Y22-Y38 incorrectly traverses all 12 stations."
7,TR-CCW-001,EMU-CCW-02,COUNTERCLOCKWISE,EAST_SECTION_INDICATIVE_PATTERN,Y34,26164,07:16:04,30,26194,07:16:34,94,Y34-T2,R-Y34-CCW,UNVERIFIED_DEPOT_ALLOCATION_SOUTH,EAST_SECTION_12_STATIONS_ONLY,INDICATIVE_HEADWAY_SCHEDULE,UNVALIDATED_LACKS_BLOCK_INTERLOCKING_WHOLE_RING,"Covers only 12 East stations (Y29-Y01); lacks whole-ring loop, depot throat tracks, block signals, and interlocking models; short-turn Y22-Y38 incorrectly traverses all 12 stations."
18,TR-CCW-002,EMU-CCW-03,COUNTERCLOCKWISE,EAST_SECTION_INDICATIVE_PATTERN,Y35,26181,07:16:21,45,26226,07:17:06,88,Y35-T2,R-Y35-CCW,UNVERIFIED_DEPOT_ALLOCATION_SOUTH,EAST_SECTION_12_STATIONS_ONLY,INDICATIVE_HEADWAY_SCHEDULE,UNVALIDATED_LACKS_BLOCK_INTERLOCKING_WHOLE_RING,"Covers only 12 East stations (Y29-Y01); lacks whole-ring loop, depot throat tracks, block signals, and interlocking models; short-turn Y22-Y38 incorrectly traverses all 12 stations."
40,TR-CCW-004,EMU-CCW-05,COUNTERCLOCKWISE,EAST_SECTION_INDICATIVE_PATTERN,Y37,26183,07:16:23,45,26228,07:17:08,85,Y37-T2,R-Y37-CCW,UNVERIFIED_DEPOT_ALLOCATION_SOUTH,EAST_SECTION_12_STATIONS_ONLY,INDICATIVE_HEADWAY_SCHEDULE,UNVALIDATED_LACKS_BLOCK_INTERLOCKING_WHOLE_RING,"Covers only 12 East stations (Y29-Y01); lacks whole-ring loop, depot throat tracks, block signals, and interlocking models; short-turn Y22-Y38 incorrectly traverses all 12 stations."
62,TR-CCW-006,EMU-CCW-07,COUNTERCLOCKWISE,SHORT_TURN_Y22_Y38,Y39,26188,07:16:28,30,26218,07:16:58,92,Y39-T2,R-Y39-CCW,UNVERIFIED_DEPOT_ALLOCATION_EAST,EAST_SECTION_12_STATIONS_ONLY,INDICATIVE_HEADWAY_SCHEDULE,UNVALIDATED_LACKS_BLOCK_INTERLOCKING_WHOLE_RING,"Covers only 12 East stations (Y29-Y01); lacks whole-ring loop, depot throat tracks, block signals, and interlocking models; short-turn Y22-Y38 incorrectly traverses all 12 stations."
649,TR-CW-006,EMU-CW-07,CLOCKWISE,EAST_SECTION_INDICATIVE_PATTERN,Y29,26190,07:16:30,45,26235,07:17:15,89,Y29-T1,R-Y29-CW,UNVERIFIED_DEPOT_ALLOCATION_SOUTH,EAST_SECTION_12_STATIONS_ONLY,INDICATIVE_HEADWAY_SCHEDULE,UNVALIDATED_LACKS_BLOCK_INTERLOCKING_WHOLE_RING,"Covers only 12 East stations (Y29-Y01); lacks whole-ring loop, depot throat tracks, block signals, and interlocking models."
618,TR-CW-003,EMU-CW-04,CLOCKWISE,EAST_SECTION_INDICATIVE_PATTERN,Y34,26210,07:16:50,30,26240,07:17:20,88,Y34-T1,R-Y34-CW,UNVERIFIED_DEPOT_ALLOCATION_SOUTH,EAST_SECTION_12_STATIONS_ONLY,INDICATIVE_HEADWAY_SCHEDULE,UNVALIDATED_LACKS_BLOCK_INTERLOCKING_WHOLE_RING,"Covers only 12 East stations (Y29-Y01); lacks whole-ring loop, depot throat tracks, block signals, and interlocking models."
597,TR-CW-001,EMU-CW-02,CLOCKWISE,EAST_SECTION_INDICATIVE_PATTERN,Y37,26230,07:17:10,45,26275,07:17:55,128,Y37-T1,R-Y37-CW,UNVERIFIED_DEPOT_ALLOCATION_SOUTH,EAST_SECTION_12_STATIONS_ONLY,INDICATIVE_HEADWAY_SCHEDULE,UNVALIDATED_LACKS_BLOCK_INTERLOCKING_WHOLE_RING,"Covers only 12 East stations (Y29-Y01); lacks whole-ring loop, depot throat tracks, block signals, and interlocking models."
639,TR-CW-005,EMU-CW-06,CLOCKWISE,EAST_SECTION_INDICATIVE_PATTERN,Y31,26248,07:17:28,30,26278,07:17:58,72,Y31-T1,R-Y31-CW,UNVERIFIED_DEPOT_ALLOCATION_SOUTH,EAST_SECTION_12_STATIONS_ONLY,INDICATIVE_HEADWAY_SCHEDULE,UNVALIDATED_LACKS_BLOCK_INTERLOCKING_WHOLE_RING,"Covers only 12 East stations (Y29-Y01); lacks whole-ring loop, depot throat tracks, block signals, and interlocking models."
85,TR-CCW-008,EMU-CCW-09,COUNTERCLOCKWISE,EAST_SECTION_INDICATIVE_PATTERN,Y01,26250,07:17:30,45,26295,07:18:15,193,Y01-T2,R-Y01-CCW,UNVERIFIED_DEPOT_ALLOCATION_SOUTH,EAST_SECTION_12_STATIONS_ONLY,INDICATIVE_HEADWAY_SCHEDULE,UNVALIDATED_LACKS_BLOCK_INTERLOCKING_WHOLE_RING,"Covers only 12 East stations (Y29-Y01); lacks whole-ring loop, depot throat tracks, block signals, and interlocking models; short-turn Y22-Y38 incorrectly traverses all 12 stations."
629,TR-CW-004,EMU-CW-05,CLOCKWISE,EAST_SECTION_INDICATIVE_PATTERN,Y33,26269,07:17:49,45,26314,07:18:34,94,Y33-T1,R-Y33-CW,UNVERIFIED_DEPOT_ALLOCATION_SOUTH,EAST_SECTION_12_STATIONS_ONLY,INDICATIVE_HEADWAY_SCHEDULE,UNVALIDATED_LACKS_BLOCK_INTERLOCKING_WHOLE_RING,"Covers only 12 East stations (Y29-Y01); lacks whole-ring loop, depot throat tracks, block signals, and interlocking models."
8,TR-CCW-001,EMU-CCW-02,COUNTERCLOCKWISE,EAST_SECTION_INDICATIVE_PATTERN,Y33,26288,07:18:08,45,26333,07:18:53,87,Y33-T2,R-Y33-CCW,UNVERIFIED_DEPOT_ALLOCATION_SOUTH,EAST_SECTION_12_STATIONS_ONLY,INDICATIVE_HEADWAY_SCHEDULE,UNVALIDATED_LACKS_BLOCK_INTERLOCKING_WHOLE_RING,"Covers only 12 East stations (Y29-Y01); lacks whole-ring loop, depot throat tracks, block signals, and interlocking models; short-turn Y22-Y38 incorrectly traverses all 12 stations."
608,TR-CW-002,EMU-CW-03,CLOCKWISE,EAST_SECTION_INDICATIVE_PATTERN,Y36,26298,07:18:18,45,26343,07:19:03,85,Y36-T1,R-Y36-CW,UNVERIFIED_DEPOT_ALLOCATION_SOUTH,EAST_SECTION_12_STATIONS_ONLY,INDICATIVE_HEADWAY_SCHEDULE,UNVALIDATED_LACKS_BLOCK_INTERLOCKING_WHOLE_RING,"Covers only 12 East stations (Y29-Y01); lacks whole-ring loop, depot throat tracks, block signals, and interlocking models."
63,TR-CCW-006,EMU-CCW-07,COUNTERCLOCKWISE,SHORT_TURN_Y22_Y38,Y38,26310,07:18:30,45,26355,07:19:15,128,Y38-T2,R-Y38-CCW,UNVERIFIED_DEPOT_ALLOCATION_EAST,EAST_SECTION_12_STATIONS_ONLY,INDICATIVE_HEADWAY_SCHEDULE,UNVALIDATED_LACKS_BLOCK_INTERLOCKING_WHOLE_RING,"Covers only 12 East stations (Y29-Y01); lacks whole-ring loop, depot throat tracks, block signals, and interlocking models; short-turn Y22-Y38 incorrectly traverses all 12 stations."
41,TR-CCW-004,EMU-CCW-05,COUNTERCLOCKWISE,EAST_SECTION_INDICATIVE_PATTERN,Y36,26313,07:18:33,45,26358,07:19:18,123,Y36-T2,R-Y36-CCW,UNVERIFIED_DEPOT_ALLOCATION_SOUTH,EAST_SECTION_12_STATIONS_ONLY,INDICATIVE_HEADWAY_SCHEDULE,UNVALIDATED_LACKS_BLOCK_INTERLOCKING_WHOLE_RING,"Covers only 12 East stations (Y29-Y01); lacks whole-ring loop, depot throat tracks, block signals, and interlocking models; short-turn Y22-Y38 incorrectly traverses all 12 stations."
19,TR-CCW-002,EMU-CCW-03,COUNTERCLOCKWISE,EAST_SECTION_INDICATIVE_PATTERN,Y34,26314,07:18:34,30,26344,07:19:04,94,Y34-T2,R-Y34-CCW,UNVERIFIED_DEPOT_ALLOCATION_SOUTH,EAST_SECTION_12_STATIONS_ONLY,INDICATIVE_HEADWAY_SCHEDULE,UNVALIDATED_LACKS_BLOCK_INTERLOCKING_WHOLE_RING,"Covers only 12 East stations (Y29-Y01); lacks whole-ring loop, depot throat tracks, block signals, and interlocking models; short-turn Y22-Y38 incorrectly traverses all 12 stations."
650,TR-CW-006,EMU-CW-07,CLOCKWISE,EAST_SECTION_INDICATIVE_PATTERN,Y30,26324,07:18:44,30,26354,07:19:14,92,Y30-T1,R-Y30-CW,UNVERIFIED_DEPOT_ALLOCATION_SOUTH,EAST_SECTION_12_STATIONS_ONLY,INDICATIVE_HEADWAY_SCHEDULE,UNVALIDATED_LACKS_BLOCK_INTERLOCKING_WHOLE_RING,"Covers only 12 East stations (Y29-Y01); lacks whole-ring loop, depot throat tracks, block signals, and interlocking models."
619,TR-CW-003,EMU-CW-04,CLOCKWISE,EAST_SECTION_INDICATIVE_PATTERN,Y35,26328,07:18:48,45,26373,07:19:33,123,Y35-T1,R-Y35-CW,UNVERIFIED_DEPOT_ALLOCATION_SOUTH,EAST_SECTION_12_STATIONS_ONLY,INDICATIVE_HEADWAY_SCHEDULE,UNVALIDATED_LACKS_BLOCK_INTERLOCKING_WHOLE_RING,"Covers only 12 East stations (Y29-Y01); lacks whole-ring loop, depot throat tracks, block signals, and interlocking models."
30,TR-CCW-003,EMU-CCW-04,COUNTERCLOCKWISE,SHORT_TURN_Y22_Y38,Y35,26331,07:18:51,45,26376,07:19:36,88,Y35-T2,R-Y35-CCW,UNVERIFIED_DEPOT_ALLOCATION_EAST,EAST_SECTION_12_STATIONS_ONLY,INDICATIVE_HEADWAY_SCHEDULE,UNVALIDATED_LACKS_BLOCK_INTERLOCKING_WHOLE_RING,"Covers only 12 East stations (Y29-Y01); lacks whole-ring loop, depot throat tracks, block signals, and interlocking models; short-turn Y22-Y38 incorrectly traverses all 12 stations."
52,TR-CCW-005,EMU-CCW-06,COUNTERCLOCKWISE,EAST_SECTION_INDICATIVE_PATTERN,Y37,26333,07:18:53,45,26378,07:19:38,85,Y37-T2,R-Y37-CCW,UNVERIFIED_DEPOT_ALLOCATION_SOUTH,EAST_SECTION_12_STATIONS_ONLY,INDICATIVE_HEADWAY_SCHEDULE,UNVALIDATED_LACKS_BLOCK_INTERLOCKING_WHOLE_RING,"Covers only 12 East stations (Y29-Y01); lacks whole-ring loop, depot throat tracks, block signals, and interlocking models; short-turn Y22-Y38 incorrectly traverses all 12 stations."
74,TR-CCW-007,EMU-CCW-08,COUNTERCLOCKWISE,EAST_SECTION_INDICATIVE_PATTERN,Y39,26338,07:18:58,30,26368,07:19:28,92,Y39-T2,R-Y39-CCW,UNVERIFIED_DEPOT_ALLOCATION_SOUTH,EAST_SECTION_12_STATIONS_ONLY,INDICATIVE_HEADWAY_SCHEDULE,UNVALIDATED_LACKS_BLOCK_INTERLOCKING_WHOLE_RING,"Covers only 12 East stations (Y29-Y01); lacks whole-ring loop, depot throat tracks, block signals, and interlocking models; short-turn Y22-Y38 incorrectly traverses all 12 stations."
640,TR-CW-005,EMU-CW-06,CLOCKWISE,EAST_SECTION_INDICATIVE_PATTERN,Y32,26350,07:19:10,30,26380,07:19:40,87,Y32-T1,R-Y32-CW,UNVERIFIED_DEPOT_ALLOCATION_SOUTH,EAST_SECTION_12_STATIONS_ONLY,INDICATIVE_HEADWAY_SCHEDULE,UNVALIDATED_LACKS_BLOCK_INTERLOCKING_WHOLE_RING,"Covers only 12 East stations (Y29-Y01); lacks whole-ring loop, depot throat tracks, block signals, and interlocking models."
661,TR-CW-007,EMU-CW-08,CLOCKWISE,EAST_SECTION_INDICATIVE_PATTERN,Y29,26388,07:19:48,45,26433,07:20:33,89,Y29-T1,R-Y29-CW,UNVERIFIED_DEPOT_ALLOCATION_SOUTH,EAST_SECTION_12_STATIONS_ONLY,INDICATIVE_HEADWAY_SCHEDULE,UNVALIDATED_LACKS_BLOCK_INTERLOCKING_WHOLE_RING,"Covers only 12 East stations (Y29-Y01); lacks whole-ring loop, depot throat tracks, block signals, and interlocking models."
97,TR-CCW-009,EMU-CCW-10,COUNTERCLOCKWISE,SHORT_TURN_Y22_Y38,Y01,26400,07:20:00,45,26445,07:20:45,193,Y01-T2,R-Y01-CCW,UNVERIFIED_DEPOT_ALLOCATION_EAST,EAST_SECTION_12_STATIONS_ONLY,INDICATIVE_HEADWAY_SCHEDULE,UNVALIDATED_LACKS_BLOCK_INTERLOCKING_WHOLE_RING,"Covers only 12 East stations (Y29-Y01); lacks whole-ring loop, depot throat tracks, block signals, and interlocking models; short-turn Y22-Y38 incorrectly traverses all 12 stations."
598,TR-CW-001,EMU-CW-02,CLOCKWISE,EAST_SECTION_INDICATIVE_PATTERN,Y38,26403,07:20:03,45,26448,07:20:48,92,Y38-T1,R-Y38-CW,UNVERIFIED_DEPOT_ALLOCATION_SOUTH,EAST_SECTION_12_STATIONS_ONLY,INDICATIVE_HEADWAY_SCHEDULE,UNVALIDATED_LACKS_BLOCK_INTERLOCKING_WHOLE_RING,"Covers only 12 East stations (Y29-Y01); lacks whole-ring loop, depot throat tracks, block signals, and interlocking models."
630,TR-CW-004,EMU-CW-05,CLOCKWISE,EAST_SECTION_INDICATIVE_PATTERN,Y34,26408,07:20:08,30,26438,07:20:38,88,Y34-T1,R-Y34-CW,UNVERIFIED_DEPOT_ALLOCATION_SOUTH,EAST_SECTION_12_STATIONS_ONLY,INDICATIVE_HEADWAY_SCHEDULE,UNVALIDATED_LACKS_BLOCK_INTERLOCKING_WHOLE_RING,"Covers only 12 East stations (Y29-Y01); lacks whole-ring loop, depot throat tracks, block signals, and interlocking models."
9,TR-CCW-001,EMU-CCW-02,COUNTERCLOCKWISE,EAST_SECTION_INDICATIVE_PATTERN,Y32,26420,07:20:20,30,26450,07:20:50,72,Y32-T2,R-Y32-CCW,UNVERIFIED_DEPOT_ALLOCATION_SOUTH,EAST_SECTION_12_STATIONS_ONLY,INDICATIVE_HEADWAY_SCHEDULE,UNVALIDATED_LACKS_BLOCK_INTERLOCKING_WHOLE_RING,"Covers only 12 East stations (Y29-Y01); lacks whole-ring loop, depot throat tracks, block signals, and interlocking models; short-turn Y22-Y38 incorrectly traverses all 12 stations."
609,TR-CW-002,EMU-CW-03,CLOCKWISE,EAST_SECTION_INDICATIVE_PATTERN,Y37,26428,07:20:28,45,26473,07:21:13,128,Y37-T1,R-Y37-CW,UNVERIFIED_DEPOT_ALLOCATION_SOUTH,EAST_SECTION_12_STATIONS_ONLY,INDICATIVE_HEADWAY_SCHEDULE,UNVALIDATED_LACKS_BLOCK_INTERLOCKING_WHOLE_RING,"Covers only 12 East stations (Y29-Y01); lacks whole-ring loop, depot throat tracks, block signals, and interlocking models."
20,TR-CCW-002,EMU-CCW-03,COUNTERCLOCKWISE,EAST_SECTION_INDICATIVE_PATTERN,Y33,26438,07:20:38,45,26483,07:21:23,87,Y33-T2,R-Y33-CCW,UNVERIFIED_DEPOT_ALLOCATION_SOUTH,EAST_SECTION_12_STATIONS_ONLY,INDICATIVE_HEADWAY_SCHEDULE,UNVALIDATED_LACKS_BLOCK_INTERLOCKING_WHOLE_RING,"Covers only 12 East stations (Y29-Y01); lacks whole-ring loop, depot throat tracks, block signals, and interlocking models; short-turn Y22-Y38 incorrectly traverses all 12 stations."
651,TR-CW-006,EMU-CW-07,CLOCKWISE,EAST_SECTION_INDICATIVE_PATTERN,Y31,26446,07:20:46,30,26476,07:21:16,72,Y31-T1,R-Y31-CW,UNVERIFIED_DEPOT_ALLOCATION_SOUTH,EAST_SECTION_12_STATIONS_ONLY,INDICATIVE_HEADWAY_SCHEDULE,UNVALIDATED_LACKS_BLOCK_INTERLOCKING_WHOLE_RING,"Covers only 12 East stations (Y29-Y01); lacks whole-ring loop, depot throat tracks, block signals, and interlocking models."
75,TR-CCW-007,EMU-CCW-08,COUNTERCLOCKWISE,EAST_SECTION_INDICATIVE_PATTERN,Y38,26460,07:21:00,45,26505,07:21:45,128,Y38-T2,R-Y38-CCW,UNVERIFIED_DEPOT_ALLOCATION_SOUTH,EAST_SECTION_12_STATIONS_ONLY,INDICATIVE_HEADWAY_SCHEDULE,UNVALIDATED_LACKS_BLOCK_INTERLOCKING_WHOLE_RING,"Covers only 12 East stations (Y29-Y01); lacks whole-ring loop, depot throat tracks, block signals, and interlocking models; short-turn Y22-Y38 incorrectly traverses all 12 stations."
53,TR-CCW-005,EMU-CCW-06,COUNTERCLOCKWISE,EAST_SECTION_INDICATIVE_PATTERN,Y36,26463,07:21:03,45,26508,07:21:48,123,Y36-T2,R-Y36-CCW,UNVERIFIED_DEPOT_ALLOCATION_SOUTH,EAST_SECTION_12_STATIONS_ONLY,INDICATIVE_HEADWAY_SCHEDULE,UNVALIDATED_LACKS_BLOCK_INTERLOCKING_WHOLE_RING,"Covers only 12 East stations (Y29-Y01); lacks whole-ring loop, depot throat tracks, block signals, and interlocking models; short-turn Y22-Y38 incorrectly traverses all 12 stations."
31,TR-CCW-003,EMU-CCW-04,COUNTERCLOCKWISE,SHORT_TURN_Y22_Y38,Y34,26464,07:21:04,30,26494,07:21:34,94,Y34-T2,R-Y34-CCW,UNVERIFIED_DEPOT_ALLOCATION_EAST,EAST_SECTION_12_STATIONS_ONLY,INDICATIVE_HEADWAY_SCHEDULE,UNVALIDATED_LACKS_BLOCK_INTERLOCKING_WHOLE_RING,"Covers only 12 East stations (Y29-Y01); lacks whole-ring loop, depot throat tracks, block signals, and interlocking models; short-turn Y22-Y38 incorrectly traverses all 12 stations."
641,TR-CW-005,EMU-CW-06,CLOCKWISE,EAST_SECTION_INDICATIVE_PATTERN,Y33,26467,07:21:07,45,26512,07:21:52,94,Y33-T1,R-Y33-CW,UNVERIFIED_DEPOT_ALLOCATION_SOUTH,EAST_SECTION_12_STATIONS_ONLY,INDICATIVE_HEADWAY_SCHEDULE,UNVALIDATED_LACKS_BLOCK_INTERLOCKING_WHOLE_RING,"Covers only 12 East stations (Y29-Y01); lacks whole-ring loop, depot throat tracks, block signals, and interlocking models."
42,TR-CCW-004,EMU-CCW-05,COUNTERCLOCKWISE,EAST_SECTION_INDICATIVE_PATTERN,Y35,26481,07:21:21,45,26526,07:22:06,88,Y35-T2,R-Y35-CCW,UNVERIFIED_DEPOT_ALLOCATION_SOUTH,EAST_SECTION_12_STATIONS_ONLY,INDICATIVE_HEADWAY_SCHEDULE,UNVALIDATED_LACKS_BLOCK_INTERLOCKING_WHOLE_RING,"Covers only 12 East stations (Y29-Y01); lacks whole-ring loop, depot throat tracks, block signals, and interlocking models; short-turn Y22-Y38 incorrectly traverses all 12 stations."
64,TR-CCW-006,EMU-CCW-07,COUNTERCLOCKWISE,SHORT_TURN_Y22_Y38,Y37,26483,07:21:23,45,26528,07:22:08,85,Y37-T2,R-Y37-CCW,UNVERIFIED_DEPOT_ALLOCATION_EAST,EAST_SECTION_12_STATIONS_ONLY,INDICATIVE_HEADWAY_SCHEDULE,UNVALIDATED_LACKS_BLOCK_INTERLOCKING_WHOLE_RING,"Covers only 12 East stations (Y29-Y01); lacks whole-ring loop, depot throat tracks, block signals, and interlocking models; short-turn Y22-Y38 incorrectly traverses all 12 stations."
86,TR-CCW-008,EMU-CCW-09,COUNTERCLOCKWISE,EAST_SECTION_INDICATIVE_PATTERN,Y39,26488,07:21:28,30,26518,07:21:58,92,Y39-T2,R-Y39-CCW,UNVERIFIED_DEPOT_ALLOCATION_SOUTH,EAST_SECTION_12_STATIONS_ONLY,INDICATIVE_HEADWAY_SCHEDULE,UNVALIDATED_LACKS_BLOCK_INTERLOCKING_WHOLE_RING,"Covers only 12 East stations (Y29-Y01); lacks whole-ring loop, depot throat tracks, block signals, and interlocking models; short-turn Y22-Y38 incorrectly traverses all 12 stations."
620,TR-CW-003,EMU-CW-04,CLOCKWISE,EAST_SECTION_INDICATIVE_PATTERN,Y36,26496,07:21:36,45,26541,07:22:21,85,Y36-T1,R-Y36-CW,UNVERIFIED_DEPOT_ALLOCATION_SOUTH,EAST_SECTION_12_STATIONS_ONLY,INDICATIVE_HEADWAY_SCHEDULE,UNVALIDATED_LACKS_BLOCK_INTERLOCKING_WHOLE_RING,"Covers only 12 East stations (Y29-Y01); lacks whole-ring loop, depot throat tracks, block signals, and interlocking models."
10,TR-CCW-001,EMU-CCW-02,COUNTERCLOCKWISE,EAST_SECTION_INDICATIVE_PATTERN,Y31,26522,07:22:02,30,26552,07:22:32,92,Y31-T2,R-Y31-CCW,UNVERIFIED_DEPOT_ALLOCATION_SOUTH,EAST_SECTION_12_STATIONS_ONLY,INDICATIVE_HEADWAY_SCHEDULE,UNVALIDATED_LACKS_BLOCK_INTERLOCKING_WHOLE_RING,"Covers only 12 East stations (Y29-Y01); lacks whole-ring loop, depot throat tracks, block signals, and interlocking models; short-turn Y22-Y38 incorrectly traverses all 12 stations."
662,TR-CW-007,EMU-CW-08,CLOCKWISE,EAST_SECTION_INDICATIVE_PATTERN,Y30,26522,07:22:02,30,26552,07:22:32,92,Y30-T1,R-Y30-CW,UNVERIFIED_DEPOT_ALLOCATION_SOUTH,EAST_SECTION_12_STATIONS_ONLY,INDICATIVE_HEADWAY_SCHEDULE,UNVALIDATED_LACKS_BLOCK_INTERLOCKING_WHOLE_RING,"Covers only 12 East stations (Y29-Y01); lacks whole-ring loop, depot throat tracks, block signals, and interlocking models."
631,TR-CW-004,EMU-CW-05,CLOCKWISE,EAST_SECTION_INDICATIVE_PATTERN,Y35,26526,07:22:06,45,26571,07:22:51,123,Y35-T1,R-Y35-CW,UNVERIFIED_DEPOT_ALLOCATION_SOUTH,EAST_SECTION_12_STATIONS_ONLY,INDICATIVE_HEADWAY_SCHEDULE,UNVALIDATED_LACKS_BLOCK_INTERLOCKING_WHOLE_RING,"Covers only 12 East stations (Y29-Y01); lacks whole-ring loop, depot throat tracks, block signals, and interlocking models."
599,TR-CW-001,EMU-CW-02,CLOCKWISE,EAST_SECTION_INDICATIVE_PATTERN,Y39,26540,07:22:20,30,26570,07:22:50,193,Y39-T1,R-Y39-CW,UNVERIFIED_DEPOT_ALLOCATION_SOUTH,EAST_SECTION_12_STATIONS_ONLY,INDICATIVE_HEADWAY_SCHEDULE,UNVALIDATED_LACKS_BLOCK_INTERLOCKING_WHOLE_RING,"Covers only 12 East stations (Y29-Y01); lacks whole-ring loop, depot throat tracks, block signals, and interlocking models."
652,TR-CW-006,EMU-CW-07,CLOCKWISE,EAST_SECTION_INDICATIVE_PATTERN,Y32,26548,07:22:28,30,26578,07:22:58,87,Y32-T1,R-Y32-CW,UNVERIFIED_DEPOT_ALLOCATION_SOUTH,EAST_SECTION_12_STATIONS_ONLY,INDICATIVE_HEADWAY_SCHEDULE,UNVALIDATED_LACKS_BLOCK_INTERLOCKING_WHOLE_RING,"Covers only 12 East stations (Y29-Y01); lacks whole-ring loop, depot throat tracks, block signals, and interlocking models."
109,TR-CCW-010,EMU-CCW-11,COUNTERCLOCKWISE,EAST_SECTION_INDICATIVE_PATTERN,Y01,26550,07:22:30,45,26595,07:23:15,193,Y01-T2,R-Y01-CCW,UNVERIFIED_DEPOT_ALLOCATION_SOUTH,EAST_SECTION_12_STATIONS_ONLY,INDICATIVE_HEADWAY_SCHEDULE,UNVALIDATED_LACKS_BLOCK_INTERLOCKING_WHOLE_RING,"Covers only 12 East stations (Y29-Y01); lacks whole-ring loop, depot throat tracks, block signals, and interlocking models; short-turn Y22-Y38 incorrectly traverses all 12 stations."
21,TR-CCW-002,EMU-CCW-03,COUNTERCLOCKWISE,EAST_SECTION_INDICATIVE_PATTERN,Y32,26570,07:22:50,30,26600,07:23:20,72,Y32-T2,R-Y32-CCW,UNVERIFIED_DEPOT_ALLOCATION_SOUTH,EAST_SECTION_12_STATIONS_ONLY,INDICATIVE_HEADWAY_SCHEDULE,UNVALIDATED_LACKS_BLOCK_INTERLOCKING_WHOLE_RING,"Covers only 12 East stations (Y29-Y01); lacks whole-ring loop, depot throat tracks, block signals, and interlocking models; short-turn Y22-Y38 incorrectly traverses all 12 stations."
673,TR-CW-008,EMU-CW-09,CLOCKWISE,EAST_SECTION_INDICATIVE_PATTERN,Y29,26586,07:23:06,45,26631,07:23:51,89,Y29-T1,R-Y29-CW,UNVERIFIED_DEPOT_ALLOCATION_SOUTH,EAST_SECTION_12_STATIONS_ONLY,INDICATIVE_HEADWAY_SCHEDULE,UNVALIDATED_LACKS_BLOCK_INTERLOCKING_WHOLE_RING,"Covers only 12 East stations (Y29-Y01); lacks whole-ring loop, depot throat tracks, block signals, and interlocking models."
32,TR-CCW-003,EMU-CCW-04,COUNTERCLOCKWISE,SHORT_TURN_Y22_Y38,Y33,26588,07:23:08,45,26633,07:23:53,87,Y33-T2,R-Y33-CCW,UNVERIFIED_DEPOT_ALLOCATION_EAST,EAST_SECTION_12_STATIONS_ONLY,INDICATIVE_HEADWAY_SCHEDULE,UNVALIDATED_LACKS_BLOCK_INTERLOCKING_WHOLE_RING,"Covers only 12 East stations (Y29-Y01); lacks whole-ring loop, depot throat tracks, block signals, and interlocking models; short-turn Y22-Y38 incorrectly traverses all 12 stations."
610,TR-CW-002,EMU-CW-03,CLOCKWISE,EAST_SECTION_INDICATIVE_PATTERN,Y38,26601,07:23:21,45,26646,07:24:06,92,Y38-T1,R-Y38-CW,UNVERIFIED_DEPOT_ALLOCATION_SOUTH,EAST_SECTION_12_STATIONS_ONLY,INDICATIVE_HEADWAY_SCHEDULE,UNVALIDATED_LACKS_BLOCK_INTERLOCKING_WHOLE_RING,"Covers only 12 East stations (Y29-Y01); lacks whole-ring loop, depot throat tracks, block signals, and interlocking models."
642,TR-CW-005,EMU-CW-06,CLOCKWISE,EAST_SECTION_INDICATIVE_PATTERN,Y34,26606,07:23:26,30,26636,07:23:56,88,Y34-T1,R-Y34-CW,UNVERIFIED_DEPOT_ALLOCATION_SOUTH,EAST_SECTION_12_STATIONS_ONLY,INDICATIVE_HEADWAY_SCHEDULE,UNVALIDATED_LACKS_BLOCK_INTERLOCKING_WHOLE_RING,"Covers only 12 East stations (Y29-Y01); lacks whole-ring loop, depot throat tracks, block signals, and interlocking models."
87,TR-CCW-008,EMU-CCW-09,COUNTERCLOCKWISE,EAST_SECTION_INDICATIVE_PATTERN,Y38,26610,07:23:30,45,26655,07:24:15,128,Y38-T2,R-Y38-CCW,UNVERIFIED_DEPOT_ALLOCATION_SOUTH,EAST_SECTION_12_STATIONS_ONLY,INDICATIVE_HEADWAY_SCHEDULE,UNVALIDATED_LACKS_BLOCK_INTERLOCKING_WHOLE_RING,"Covers only 12 East stations (Y29-Y01); lacks whole-ring loop, depot throat tracks, block signals, and interlocking models; short-turn Y22-Y38 incorrectly traverses all 12 stations."
65,TR-CCW-006,EMU-CCW-07,COUNTERCLOCKWISE,SHORT_TURN_Y22_Y38,Y36,26613,07:23:33,45,26658,07:24:18,123,Y36-T2,R-Y36-CCW,UNVERIFIED_DEPOT_ALLOCATION_EAST,EAST_SECTION_12_STATIONS_ONLY,INDICATIVE_HEADWAY_SCHEDULE,UNVALIDATED_LACKS_BLOCK_INTERLOCKING_WHOLE_RING,"Covers only 12 East stations (Y29-Y01); lacks whole-ring loop, depot throat tracks, block signals, and interlocking models; short-turn Y22-Y38 incorrectly traverses all 12 stations."
43,TR-CCW-004,EMU-CCW-05,COUNTERCLOCKWISE,EAST_SECTION_INDICATIVE_PATTERN,Y34,26614,07:23:34,30,26644,07:24:04,94,Y34-T2,R-Y34-CCW,UNVERIFIED_DEPOT_ALLOCATION_SOUTH,EAST_SECTION_12_STATIONS_ONLY,INDICATIVE_HEADWAY_SCHEDULE,UNVALIDATED_LACKS_BLOCK_INTERLOCKING_WHOLE_RING,"Covers only 12 East stations (Y29-Y01); lacks whole-ring loop, depot throat tracks, block signals, and interlocking models; short-turn Y22-Y38 incorrectly traverses all 12 stations."
621,TR-CW-003,EMU-CW-04,CLOCKWISE,EAST_SECTION_INDICATIVE_PATTERN,Y37,26626,07:23:46,45,26671,07:24:31,128,Y37-T1,R-Y37-CW,UNVERIFIED_DEPOT_ALLOCATION_SOUTH,EAST_SECTION_12_STATIONS_ONLY,INDICATIVE_HEADWAY_SCHEDULE,UNVALIDATED_LACKS_BLOCK_INTERLOCKING_WHOLE_RING,"Covers only 12 East stations (Y29-Y01); lacks whole-ring loop, depot throat tracks, block signals, and interlocking models."
54,TR-CCW-005,EMU-CCW-06,COUNTERCLOCKWISE,EAST_SECTION_INDICATIVE_PATTERN,Y35,26631,07:23:51,45,26676,07:24:36,88,Y35-T2,R-Y35-CCW,UNVERIFIED_DEPOT_ALLOCATION_SOUTH,EAST_SECTION_12_STATIONS_ONLY,INDICATIVE_HEADWAY_SCHEDULE,UNVALIDATED_LACKS_BLOCK_INTERLOCKING_WHOLE_RING,"Covers only 12 East stations (Y29-Y01); lacks whole-ring loop, depot throat tracks, block signals, and interlocking models; short-turn Y22-Y38 incorrectly traverses all 12 stations."
76,TR-CCW-007,EMU-CCW-08,COUNTERCLOCKWISE,EAST_SECTION_INDICATIVE_PATTERN,Y37,26633,07:23:53,45,26678,07:24:38,85,Y37-T2,R-Y37-CCW,UNVERIFIED_DEPOT_ALLOCATION_SOUTH,EAST_SECTION_12_STATIONS_ONLY,INDICATIVE_HEADWAY_SCHEDULE,UNVALIDATED_LACKS_BLOCK_INTERLOCKING_WHOLE_RING,"Covers only 12 East stations (Y29-Y01); lacks whole-ring loop, depot throat tracks, block signals, and interlocking models; short-turn Y22-Y38 incorrectly traverses all 12 stations."
98,TR-CCW-009,EMU-CCW-10,COUNTERCLOCKWISE,SHORT_TURN_Y22_Y38,Y39,26638,07:23:58,30,26668,07:24:28,92,Y39-T2,R-Y39-CCW,UNVERIFIED_DEPOT_ALLOCATION_EAST,EAST_SECTION_12_STATIONS_ONLY,INDICATIVE_HEADWAY_SCHEDULE,UNVALIDATED_LACKS_BLOCK_INTERLOCKING_WHOLE_RING,"Covers only 12 East stations (Y29-Y01); lacks whole-ring loop, depot throat tracks, block signals, and interlocking models; short-turn Y22-Y38 incorrectly traverses all 12 stations."
11,TR-CCW-001,EMU-CCW-02,COUNTERCLOCKWISE,EAST_SECTION_INDICATIVE_PATTERN,Y30,26644,07:24:04,30,26674,07:24:34,89,Y30-T2,R-Y30-CCW,UNVERIFIED_DEPOT_ALLOCATION_SOUTH,EAST_SECTION_12_STATIONS_ONLY,INDICATIVE_HEADWAY_SCHEDULE,UNVALIDATED_LACKS_BLOCK_INTERLOCKING_WHOLE_RING,"Covers only 12 East stations (Y29-Y01); lacks whole-ring loop, depot throat tracks, block signals, and interlocking models; short-turn Y22-Y38 incorrectly traverses all 12 stations."
663,TR-CW-007,EMU-CW-08,CLOCKWISE,EAST_SECTION_INDICATIVE_PATTERN,Y31,26644,07:24:04,30,26674,07:24:34,72,Y31-T1,R-Y31-CW,UNVERIFIED_DEPOT_ALLOCATION_SOUTH,EAST_SECTION_12_STATIONS_ONLY,INDICATIVE_HEADWAY_SCHEDULE,UNVALIDATED_LACKS_BLOCK_INTERLOCKING_WHOLE_RING,"Covers only 12 East stations (Y29-Y01); lacks whole-ring loop, depot throat tracks, block signals, and interlocking models."
653,TR-CW-006,EMU-CW-07,CLOCKWISE,EAST_SECTION_INDICATIVE_PATTERN,Y33,26665,07:24:25,45,26710,07:25:10,94,Y33-T1,R-Y33-CW,UNVERIFIED_DEPOT_ALLOCATION_SOUTH,EAST_SECTION_12_STATIONS_ONLY,INDICATIVE_HEADWAY_SCHEDULE,UNVALIDATED_LACKS_BLOCK_INTERLOCKING_WHOLE_RING,"Covers only 12 East stations (Y29-Y01); lacks whole-ring loop, depot throat tracks, block signals, and interlocking models."
22,TR-CCW-002,EMU-CCW-03,COUNTERCLOCKWISE,EAST_SECTION_INDICATIVE_PATTERN,Y31,26672,07:24:32,30,26702,07:25:02,92,Y31-T2,R-Y31-CCW,UNVERIFIED_DEPOT_ALLOCATION_SOUTH,EAST_SECTION_12_STATIONS_ONLY,INDICATIVE_HEADWAY_SCHEDULE,UNVALIDATED_LACKS_BLOCK_INTERLOCKING_WHOLE_RING,"Covers only 12 East stations (Y29-Y01); lacks whole-ring loop, depot throat tracks, block signals, and interlocking models; short-turn Y22-Y38 incorrectly traverses all 12 stations."
632,TR-CW-004,EMU-CW-05,CLOCKWISE,EAST_SECTION_INDICATIVE_PATTERN,Y36,26694,07:24:54,45,26739,07:25:39,85,Y36-T1,R-Y36-CW,UNVERIFIED_DEPOT_ALLOCATION_SOUTH,EAST_SECTION_12_STATIONS_ONLY,INDICATIVE_HEADWAY_SCHEDULE,UNVALIDATED_LACKS_BLOCK_INTERLOCKING_WHOLE_RING,"Covers only 12 East stations (Y29-Y01); lacks whole-ring loop, depot throat tracks, block signals, and interlocking models."
121,TR-CCW-011,EMU-CCW-12,COUNTERCLOCKWISE,EAST_SECTION_INDICATIVE_PATTERN,Y01,26700,07:25:00,45,26745,07:25:45,193,Y01-T2,R-Y01-CCW,UNVERIFIED_DEPOT_ALLOCATION_SOUTH,EAST_SECTION_12_STATIONS_ONLY,INDICATIVE_HEADWAY_SCHEDULE,UNVALIDATED_LACKS_BLOCK_INTERLOCKING_WHOLE_RING,"Covers only 12 East stations (Y29-Y01); lacks whole-ring loop, depot throat tracks, block signals, and interlocking models; short-turn Y22-Y38 incorrectly traverses all 12 stations."
33,TR-CCW-003,EMU-CCW-04,COUNTERCLOCKWISE,SHORT_TURN_Y22_Y38,Y32,26720,07:25:20,30,26750,07:25:50,72,Y32-T2,R-Y32-CCW,UNVERIFIED_DEPOT_ALLOCATION_EAST,EAST_SECTION_12_STATIONS_ONLY,INDICATIVE_HEADWAY_SCHEDULE,UNVALIDATED_LACKS_BLOCK_INTERLOCKING_WHOLE_RING,"Covers only 12 East stations (Y29-Y01); lacks whole-ring loop, depot throat tracks, block signals, and interlocking models; short-turn Y22-Y38 incorrectly traverses all 12 stations."
674,TR-CW-008,EMU-CW-09,CLOCKWISE,EAST_SECTION_INDICATIVE_PATTERN,Y30,26720,07:25:20,30,26750,07:25:50,92,Y30-T1,R-Y30-CW,UNVERIFIED_DEPOT_ALLOCATION_SOUTH,EAST_SECTION_12_STATIONS_ONLY,INDICATIVE_HEADWAY_SCHEDULE,UNVALIDATED_LACKS_BLOCK_INTERLOCKING_WHOLE_RING,"Covers only 12 East stations (Y29-Y01); lacks whole-ring loop, depot throat tracks, block signals, and interlocking models."
643,TR-CW-005,EMU-CW-06,CLOCKWISE,EAST_SECTION_INDICATIVE_PATTERN,Y35,26724,07:25:24,45,26769,07:26:09,123,Y35-T1,R-Y35-CW,UNVERIFIED_DEPOT_ALLOCATION_SOUTH,EAST_SECTION_12_STATIONS_ONLY,INDICATIVE_HEADWAY_SCHEDULE,UNVALIDATED_LACKS_BLOCK_INTERLOCKING_WHOLE_RING,"Covers only 12 East stations (Y29-Y01); lacks whole-ring loop, depot throat tracks, block signals, and interlocking models."
44,TR-CCW-004,EMU-CCW-05,COUNTERCLOCKWISE,EAST_SECTION_INDICATIVE_PATTERN,Y33,26738,07:25:38,45,26783,07:26:23,87,Y33-T2,R-Y33-CCW,UNVERIFIED_DEPOT_ALLOCATION_SOUTH,EAST_SECTION_12_STATIONS_ONLY,INDICATIVE_HEADWAY_SCHEDULE,UNVALIDATED_LACKS_BLOCK_INTERLOCKING_WHOLE_RING,"Covers only 12 East stations (Y29-Y01); lacks whole-ring loop, depot throat tracks, block signals, and interlocking models; short-turn Y22-Y38 incorrectly traverses all 12 stations."
611,TR-CW-002,EMU-CW-03,CLOCKWISE,EAST_SECTION_INDICATIVE_PATTERN,Y39,26738,07:25:38,30,26768,07:26:08,193,Y39-T1,R-Y39-CW,UNVERIFIED_DEPOT_ALLOCATION_SOUTH,EAST_SECTION_12_STATIONS_ONLY,INDICATIVE_HEADWAY_SCHEDULE,UNVALIDATED_LACKS_BLOCK_INTERLOCKING_WHOLE_RING,"Covers only 12 East stations (Y29-Y01); lacks whole-ring loop, depot throat tracks, block signals, and interlocking models."
664,TR-CW-007,EMU-CW-08,CLOCKWISE,EAST_SECTION_INDICATIVE_PATTERN,Y32,26746,07:25:46,30,26776,07:26:16,87,Y32-T1,R-Y32-CW,UNVERIFIED_DEPOT_ALLOCATION_SOUTH,EAST_SECTION_12_STATIONS_ONLY,INDICATIVE_HEADWAY_SCHEDULE,UNVALIDATED_LACKS_BLOCK_INTERLOCKING_WHOLE_RING,"Covers only 12 East stations (Y29-Y01); lacks whole-ring loop, depot throat tracks, block signals, and interlocking models."
99,TR-CCW-009,EMU-CCW-10,COUNTERCLOCKWISE,SHORT_TURN_Y22_Y38,Y38,26760,07:26:00,45,26805,07:26:45,128,Y38-T2,R-Y38-CCW,UNVERIFIED_DEPOT_ALLOCATION_EAST,EAST_SECTION_12_STATIONS_ONLY,INDICATIVE_HEADWAY_SCHEDULE,UNVALIDATED_LACKS_BLOCK_INTERLOCKING_WHOLE_RING,"Covers only 12 East stations (Y29-Y01); lacks whole-ring loop, depot throat tracks, block signals, and interlocking models; short-turn Y22-Y38 incorrectly traverses all 12 stations."
12,TR-CCW-001,EMU-CCW-02,COUNTERCLOCKWISE,EAST_SECTION_INDICATIVE_PATTERN,Y29,26763,07:26:03,45,26808,07:26:48,0,Y29-T2,R-Y29-CCW,UNVERIFIED_DEPOT_ALLOCATION_SOUTH,EAST_SECTION_12_STATIONS_ONLY,INDICATIVE_HEADWAY_SCHEDULE,UNVALIDATED_LACKS_BLOCK_INTERLOCKING_WHOLE_RING,"Covers only 12 East stations (Y29-Y01); lacks whole-ring loop, depot throat tracks, block signals, and interlocking models; short-turn Y22-Y38 incorrectly traverses all 12 stations."
77,TR-CCW-007,EMU-CCW-08,COUNTERCLOCKWISE,EAST_SECTION_INDICATIVE_PATTERN,Y36,26763,07:26:03,45,26808,07:26:48,123,Y36-T2,R-Y36-CCW,UNVERIFIED_DEPOT_ALLOCATION_SOUTH,EAST_SECTION_12_STATIONS_ONLY,INDICATIVE_HEADWAY_SCHEDULE,UNVALIDATED_LACKS_BLOCK_INTERLOCKING_WHOLE_RING,"Covers only 12 East stations (Y29-Y01); lacks whole-ring loop, depot throat tracks, block signals, and interlocking models; short-turn Y22-Y38 incorrectly traverses all 12 stations."
600,TR-CW-001,EMU-CW-02,CLOCKWISE,EAST_SECTION_INDICATIVE_PATTERN,Y01,26763,07:26:03,45,26808,07:26:48,0,Y01-T1,R-Y01-CW,UNVERIFIED_DEPOT_ALLOCATION_SOUTH,EAST_SECTION_12_STATIONS_ONLY,INDICATIVE_HEADWAY_SCHEDULE,UNVALIDATED_LACKS_BLOCK_INTERLOCKING_WHOLE_RING,"Covers only 12 East stations (Y29-Y01); lacks whole-ring loop, depot throat tracks, block signals, and interlocking models."
55,TR-CCW-005,EMU-CCW-06,COUNTERCLOCKWISE,EAST_SECTION_INDICATIVE_PATTERN,Y34,26764,07:26:04,30,26794,07:26:34,94,Y34-T2,R-Y34-CCW,UNVERIFIED_DEPOT_ALLOCATION_SOUTH,EAST_SECTION_12_STATIONS_ONLY,INDICATIVE_HEADWAY_SCHEDULE,UNVALIDATED_LACKS_BLOCK_INTERLOCKING_WHOLE_RING,"Covers only 12 East stations (Y29-Y01); lacks whole-ring loop, depot throat tracks, block signals, and interlocking models; short-turn Y22-Y38 incorrectly traverses all 12 stations."
66,TR-CCW-006,EMU-CCW-07,COUNTERCLOCKWISE,SHORT_TURN_Y22_Y38,Y35,26781,07:26:21,45,26826,07:27:06,88,Y35-T2,R-Y35-CCW,UNVERIFIED_DEPOT_ALLOCATION_EAST,EAST_SECTION_12_STATIONS_ONLY,INDICATIVE_HEADWAY_SCHEDULE,UNVALIDATED_LACKS_BLOCK_INTERLOCKING_WHOLE_RING,"Covers only 12 East stations (Y29-Y01); lacks whole-ring loop, depot throat tracks, block signals, and interlocking models; short-turn Y22-Y38 incorrectly traverses all 12 stations."
88,TR-CCW-008,EMU-CCW-09,COUNTERCLOCKWISE,EAST_SECTION_INDICATIVE_PATTERN,Y37,26783,07:26:23,45,26828,07:27:08,85,Y37-T2,R-Y37-CCW,UNVERIFIED_DEPOT_ALLOCATION_SOUTH,EAST_SECTION_12_STATIONS_ONLY,INDICATIVE_HEADWAY_SCHEDULE,UNVALIDATED_LACKS_BLOCK_INTERLOCKING_WHOLE_RING,"Covers only 12 East stations (Y29-Y01); lacks whole-ring loop, depot throat tracks, block signals, and interlocking models; short-turn Y22-Y38 incorrectly traverses all 12 stations."
685,TR-CW-009,EMU-CW-10,CLOCKWISE,EAST_SECTION_INDICATIVE_PATTERN,Y29,26784,07:26:24,45,26829,07:27:09,89,Y29-T1,R-Y29-CW,UNVERIFIED_DEPOT_ALLOCATION_SOUTH,EAST_SECTION_12_STATIONS_ONLY,INDICATIVE_HEADWAY_SCHEDULE,UNVALIDATED_LACKS_BLOCK_INTERLOCKING_WHOLE_RING,"Covers only 12 East stations (Y29-Y01); lacks whole-ring loop, depot throat tracks, block signals, and interlocking models."
110,TR-CCW-010,EMU-CCW-11,COUNTERCLOCKWISE,EAST_SECTION_INDICATIVE_PATTERN,Y39,26788,07:26:28,30,26818,07:26:58,92,Y39-T2,R-Y39-CCW,UNVERIFIED_DEPOT_ALLOCATION_SOUTH,EAST_SECTION_12_STATIONS_ONLY,INDICATIVE_HEADWAY_SCHEDULE,UNVALIDATED_LACKS_BLOCK_INTERLOCKING_WHOLE_RING,"Covers only 12 East stations (Y29-Y01); lacks whole-ring loop, depot throat tracks, block signals, and interlocking models; short-turn Y22-Y38 incorrectly traverses all 12 stations."
23,TR-CCW-002,EMU-CCW-03,COUNTERCLOCKWISE,EAST_SECTION_INDICATIVE_PATTERN,Y30,26794,07:26:34,30,26824,07:27:04,89,Y30-T2,R-Y30-CCW,UNVERIFIED_DEPOT_ALLOCATION_SOUTH,EAST_SECTION_12_STATIONS_ONLY,INDICATIVE_HEADWAY_SCHEDULE,UNVALIDATED_LACKS_BLOCK_INTERLOCKING_WHOLE_RING,"Covers only 12 East stations (Y29-Y01); lacks whole-ring loop, depot throat tracks, block signals, and interlocking models; short-turn Y22-Y38 incorrectly traverses all 12 stations."
622,TR-CW-003,EMU-CW-04,CLOCKWISE,EAST_SECTION_INDICATIVE_PATTERN,Y38,26799,07:26:39,45,26844,07:27:24,92,Y38-T1,R-Y38-CW,UNVERIFIED_DEPOT_ALLOCATION_SOUTH,EAST_SECTION_12_STATIONS_ONLY,INDICATIVE_HEADWAY_SCHEDULE,UNVALIDATED_LACKS_BLOCK_INTERLOCKING_WHOLE_RING,"Covers only 12 East stations (Y29-Y01); lacks whole-ring loop, depot throat tracks, block signals, and interlocking models."
654,TR-CW-006,EMU-CW-07,CLOCKWISE,EAST_SECTION_INDICATIVE_PATTERN,Y34,26804,07:26:44,30,26834,07:27:14,88,Y34-T1,R-Y34-CW,UNVERIFIED_DEPOT_ALLOCATION_SOUTH,EAST_SECTION_12_STATIONS_ONLY,INDICATIVE_HEADWAY_SCHEDULE,UNVALIDATED_LACKS_BLOCK_INTERLOCKING_WHOLE_RING,"Covers only 12 East stations (Y29-Y01); lacks whole-ring loop, depot throat tracks, block signals, and interlocking models."
34,TR-CCW-003,EMU-CCW-04,COUNTERCLOCKWISE,SHORT_TURN_Y22_Y38,Y31,26822,07:27:02,30,26852,07:27:32,92,Y31-T2,R-Y31-CCW,UNVERIFIED_DEPOT_ALLOCATION_EAST,EAST_SECTION_12_STATIONS_ONLY,INDICATIVE_HEADWAY_SCHEDULE,UNVALIDATED_LACKS_BLOCK_INTERLOCKING_WHOLE_RING,"Covers only 12 East stations (Y29-Y01); lacks whole-ring loop, depot throat tracks, block signals, and interlocking models; short-turn Y22-Y38 incorrectly traverses all 12 stations."
633,TR-CW-004,EMU-CW-05,CLOCKWISE,EAST_SECTION_INDICATIVE_PATTERN,Y37,26824,07:27:04,45,26869,07:27:49,128,Y37-T1,R-Y37-CW,UNVERIFIED_DEPOT_ALLOCATION_SOUTH,EAST_SECTION_12_STATIONS_ONLY,INDICATIVE_HEADWAY_SCHEDULE,UNVALIDATED_LACKS_BLOCK_INTERLOCKING_WHOLE_RING,"Covers only 12 East stations (Y29-Y01); lacks whole-ring loop, depot throat tracks, block signals, and interlocking models."
675,TR-CW-008,EMU-CW-09,CLOCKWISE,EAST_SECTION_INDICATIVE_PATTERN,Y31,26842,07:27:22,30,26872,07:27:52,72,Y31-T1,R-Y31-CW,UNVERIFIED_DEPOT_ALLOCATION_SOUTH,EAST_SECTION_12_STATIONS_ONLY,INDICATIVE_HEADWAY_SCHEDULE,UNVALIDATED_LACKS_BLOCK_INTERLOCKING_WHOLE_RING,"Covers only 12 East stations (Y29-Y01); lacks whole-ring loop, depot throat tracks, block signals, and interlocking models."
133,TR-CCW-012,EMU-CCW-13,COUNTERCLOCKWISE,SHORT_TURN_Y22_Y38,Y01,26850,07:27:30,45,26895,07:28:15,193,Y01-T2,R-Y01-CCW,UNVERIFIED_DEPOT_ALLOCATION_EAST,EAST_SECTION_12_STATIONS_ONLY,INDICATIVE_HEADWAY_SCHEDULE,UNVALIDATED_LACKS_BLOCK_INTERLOCKING_WHOLE_RING,"Covers only 12 East stations (Y29-Y01); lacks whole-ring loop, depot throat tracks, block signals, and interlocking models; short-turn Y22-Y38 incorrectly traverses all 12 stations."
665,TR-CW-007,EMU-CW-08,CLOCKWISE,EAST_SECTION_INDICATIVE_PATTERN,Y33,26863,07:27:43,45,26908,07:28:28,94,Y33-T1,R-Y33-CW,UNVERIFIED_DEPOT_ALLOCATION_SOUTH,EAST_SECTION_12_STATIONS_ONLY,INDICATIVE_HEADWAY_SCHEDULE,UNVALIDATED_LACKS_BLOCK_INTERLOCKING_WHOLE_RING,"Covers only 12 East stations (Y29-Y01); lacks whole-ring loop, depot throat tracks, block signals, and interlocking models."
45,TR-CCW-004,EMU-CCW-05,COUNTERCLOCKWISE,EAST_SECTION_INDICATIVE_PATTERN,Y32,26870,07:27:50,30,26900,07:28:20,72,Y32-T2,R-Y32-CCW,UNVERIFIED_DEPOT_ALLOCATION_SOUTH,EAST_SECTION_12_STATIONS_ONLY,INDICATIVE_HEADWAY_SCHEDULE,UNVALIDATED_LACKS_BLOCK_INTERLOCKING_WHOLE_RING,"Covers only 12 East stations (Y29-Y01); lacks whole-ring loop, depot throat tracks, block signals, and interlocking models; short-turn Y22-Y38 incorrectly traverses all 12 stations."
56,TR-CCW-005,EMU-CCW-06,COUNTERCLOCKWISE,EAST_SECTION_INDICATIVE_PATTERN,Y33,26888,07:28:08,45,26933,07:28:53,87,Y33-T2,R-Y33-CCW,UNVERIFIED_DEPOT_ALLOCATION_SOUTH,EAST_SECTION_12_STATIONS_ONLY,INDICATIVE_HEADWAY_SCHEDULE,UNVALIDATED_LACKS_BLOCK_INTERLOCKING_WHOLE_RING,"Covers only 12 East stations (Y29-Y01); lacks whole-ring loop, depot throat tracks, block signals, and interlocking models; short-turn Y22-Y38 incorrectly traverses all 12 stations."
644,TR-CW-005,EMU-CW-06,CLOCKWISE,EAST_SECTION_INDICATIVE_PATTERN,Y36,26892,07:28:12,45,26937,07:28:57,85,Y36-T1,R-Y36-CW,UNVERIFIED_DEPOT_ALLOCATION_SOUTH,EAST_SECTION_12_STATIONS_ONLY,INDICATIVE_HEADWAY_SCHEDULE,UNVALIDATED_LACKS_BLOCK_INTERLOCKING_WHOLE_RING,"Covers only 12 East stations (Y29-Y01); lacks whole-ring loop, depot throat tracks, block signals, and interlocking models."
111,TR-CCW-010,EMU-CCW-11,COUNTERCLOCKWISE,EAST_SECTION_INDICATIVE_PATTERN,Y38,26910,07:28:30,45,26955,07:29:15,128,Y38-T2,R-Y38-CCW,UNVERIFIED_DEPOT_ALLOCATION_SOUTH,EAST_SECTION_12_STATIONS_ONLY,INDICATIVE_HEADWAY_SCHEDULE,UNVALIDATED_LACKS_BLOCK_INTERLOCKING_WHOLE_RING,"Covers only 12 East stations (Y29-Y01); lacks whole-ring loop, depot throat tracks, block signals, and interlocking models; short-turn Y22-Y38 incorrectly traverses all 12 stations."
24,TR-CCW-002,EMU-CCW-03,COUNTERCLOCKWISE,EAST_SECTION_INDICATIVE_PATTERN,Y29,26913,07:28:33,45,26958,07:29:18,0,Y29-T2,R-Y29-CCW,UNVERIFIED_DEPOT_ALLOCATION_SOUTH,EAST_SECTION_12_STATIONS_ONLY,INDICATIVE_HEADWAY_SCHEDULE,UNVALIDATED_LACKS_BLOCK_INTERLOCKING_WHOLE_RING,"Covers only 12 East stations (Y29-Y01); lacks whole-ring loop, depot throat tracks, block signals, and interlocking models; short-turn Y22-Y38 incorrectly traverses all 12 stations."
89,TR-CCW-008,EMU-CCW-09,COUNTERCLOCKWISE,EAST_SECTION_INDICATIVE_PATTERN,Y36,26913,07:28:33,45,26958,07:29:18,123,Y36-T2,R-Y36-CCW,UNVERIFIED_DEPOT_ALLOCATION_SOUTH,EAST_SECTION_12_STATIONS_ONLY,INDICATIVE_HEADWAY_SCHEDULE,UNVALIDATED_LACKS_BLOCK_INTERLOCKING_WHOLE_RING,"Covers only 12 East stations (Y29-Y01); lacks whole-ring loop, depot throat tracks, block signals, and interlocking models; short-turn Y22-Y38 incorrectly traverses all 12 stations."
67,TR-CCW-006,EMU-CCW-07,COUNTERCLOCKWISE,SHORT_TURN_Y22_Y38,Y34,26914,07:28:34,30,26944,07:29:04,94,Y34-T2,R-Y34-CCW,UNVERIFIED_DEPOT_ALLOCATION_EAST,EAST_SECTION_12_STATIONS_ONLY,INDICATIVE_HEADWAY_SCHEDULE,UNVALIDATED_LACKS_BLOCK_INTERLOCKING_WHOLE_RING,"Covers only 12 East stations (Y29-Y01); lacks whole-ring loop, depot throat tracks, block signals, and interlocking models; short-turn Y22-Y38 incorrectly traverses all 12 stations."
686,TR-CW-009,EMU-CW-10,CLOCKWISE,EAST_SECTION_INDICATIVE_PATTERN,Y30,26918,07:28:38,30,26948,07:29:08,92,Y30-T1,R-Y30-CW,UNVERIFIED_DEPOT_ALLOCATION_SOUTH,EAST_SECTION_12_STATIONS_ONLY,INDICATIVE_HEADWAY_SCHEDULE,UNVALIDATED_LACKS_BLOCK_INTERLOCKING_WHOLE_RING,"Covers only 12 East stations (Y29-Y01); lacks whole-ring loop, depot throat tracks, block signals, and interlocking models."
655,TR-CW-006,EMU-CW-07,CLOCKWISE,EAST_SECTION_INDICATIVE_PATTERN,Y35,26922,07:28:42,45,26967,07:29:27,123,Y35-T1,R-Y35-CW,UNVERIFIED_DEPOT_ALLOCATION_SOUTH,EAST_SECTION_12_STATIONS_ONLY,INDICATIVE_HEADWAY_SCHEDULE,UNVALIDATED_LACKS_BLOCK_INTERLOCKING_WHOLE_RING,"Covers only 12 East stations (Y29-Y01); lacks whole-ring loop, depot throat tracks, block signals, and interlocking models."
78,TR-CCW-007,EMU-CCW-08,COUNTERCLOCKWISE,EAST_SECTION_INDICATIVE_PATTERN,Y35,26931,07:28:51,45,26976,07:29:36,88,Y35-T2,R-Y35-CCW,UNVERIFIED_DEPOT_ALLOCATION_SOUTH,EAST_SECTION_12_STATIONS_ONLY,INDICATIVE_HEADWAY_SCHEDULE,UNVALIDATED_LACKS_BLOCK_INTERLOCKING_WHOLE_RING,"Covers only 12 East stations (Y29-Y01); lacks whole-ring loop, depot throat tracks, block signals, and interlocking models; short-turn Y22-Y38 incorrectly traverses all 12 stations."
100,TR-CCW-009,EMU-CCW-10,COUNTERCLOCKWISE,SHORT_TURN_Y22_Y38,Y37,26933,07:28:53,45,26978,07:29:38,85,Y37-T2,R-Y37-CCW,UNVERIFIED_DEPOT_ALLOCATION_EAST,EAST_SECTION_12_STATIONS_ONLY,INDICATIVE_HEADWAY_SCHEDULE,UNVALIDATED_LACKS_BLOCK_INTERLOCKING_WHOLE_RING,"Covers only 12 East stations (Y29-Y01); lacks whole-ring loop, depot throat tracks, block signals, and interlocking models; short-turn Y22-Y38 incorrectly traverses all 12 stations."
623,TR-CW-003,EMU-CW-04,CLOCKWISE,EAST_SECTION_INDICATIVE_PATTERN,Y39,26936,07:28:56,30,26966,07:29:26,193,Y39-T1,R-Y39-CW,UNVERIFIED_DEPOT_ALLOCATION_SOUTH,EAST_SECTION_12_STATIONS_ONLY,INDICATIVE_HEADWAY_SCHEDULE,UNVALIDATED_LACKS_BLOCK_INTERLOCKING_WHOLE_RING,"Covers only 12 East stations (Y29-Y01); lacks whole-ring loop, depot throat tracks, block signals, and interlocking models."
122,TR-CCW-011,EMU-CCW-12,COUNTERCLOCKWISE,EAST_SECTION_INDICATIVE_PATTERN,Y39,26938,07:28:58,30,26968,07:29:28,92,Y39-T2,R-Y39-CCW,UNVERIFIED_DEPOT_ALLOCATION_SOUTH,EAST_SECTION_12_STATIONS_ONLY,INDICATIVE_HEADWAY_SCHEDULE,UNVALIDATED_LACKS_BLOCK_INTERLOCKING_WHOLE_RING,"Covers only 12 East stations (Y29-Y01); lacks whole-ring loop, depot throat tracks, block signals, and interlocking models; short-turn Y22-Y38 incorrectly traverses all 12 stations."
35,TR-CCW-003,EMU-CCW-04,COUNTERCLOCKWISE,SHORT_TURN_Y22_Y38,Y30,26944,07:29:04,30,26974,07:29:34,89,Y30-T2,R-Y30-CCW,UNVERIFIED_DEPOT_ALLOCATION_EAST,EAST_SECTION_12_STATIONS_ONLY,INDICATIVE_HEADWAY_SCHEDULE,UNVALIDATED_LACKS_BLOCK_INTERLOCKING_WHOLE_RING,"Covers only 12 East stations (Y29-Y01); lacks whole-ring loop, depot throat tracks, block signals, and interlocking models; short-turn Y22-Y38 incorrectly traverses all 12 stations."
676,TR-CW-008,EMU-CW-09,CLOCKWISE,EAST_SECTION_INDICATIVE_PATTERN,Y32,26944,07:29:04,30,26974,07:29:34,87,Y32-T1,R-Y32-CW,UNVERIFIED_DEPOT_ALLOCATION_SOUTH,EAST_SECTION_12_STATIONS_ONLY,INDICATIVE_HEADWAY_SCHEDULE,UNVALIDATED_LACKS_BLOCK_INTERLOCKING_WHOLE_RING,"Covers only 12 East stations (Y29-Y01); lacks whole-ring loop, depot throat tracks, block signals, and interlocking models."
612,TR-CW-002,EMU-CW-03,CLOCKWISE,EAST_SECTION_INDICATIVE_PATTERN,Y01,26961,07:29:21,45,27006,07:30:06,0,Y01-T1,R-Y01-CW,UNVERIFIED_DEPOT_ALLOCATION_SOUTH,EAST_SECTION_12_STATIONS_ONLY,INDICATIVE_HEADWAY_SCHEDULE,UNVALIDATED_LACKS_BLOCK_INTERLOCKING_WHOLE_RING,"Covers only 12 East stations (Y29-Y01); lacks whole-ring loop, depot throat tracks, block signals, and interlocking models."
46,TR-CCW-004,EMU-CCW-05,COUNTERCLOCKWISE,EAST_SECTION_INDICATIVE_PATTERN,Y31,26972,07:29:32,30,27002,07:30:02,92,Y31-T2,R-Y31-CCW,UNVERIFIED_DEPOT_ALLOCATION_SOUTH,EAST_SECTION_12_STATIONS_ONLY,INDICATIVE_HEADWAY_SCHEDULE,UNVALIDATED_LACKS_BLOCK_INTERLOCKING_WHOLE_RING,"Covers only 12 East stations (Y29-Y01); lacks whole-ring loop, depot throat tracks, block signals, and interlocking models; short-turn Y22-Y38 incorrectly traverses all 12 stations."
697,TR-CW-010,EMU-CW-11,CLOCKWISE,EAST_SECTION_INDICATIVE_PATTERN,Y29,26982,07:29:42,45,27027,07:30:27,89,Y29-T1,R-Y29-CW,UNVERIFIED_DEPOT_ALLOCATION_SOUTH,EAST_SECTION_12_STATIONS_ONLY,INDICATIVE_HEADWAY_SCHEDULE,UNVALIDATED_LACKS_BLOCK_INTERLOCKING_WHOLE_RING,"Covers only 12 East stations (Y29-Y01); lacks whole-ring loop, depot throat tracks, block signals, and interlocking models."
634,TR-CW-004,EMU-CW-05,CLOCKWISE,EAST_SECTION_INDICATIVE_PATTERN,Y38,26997,07:29:57,45,27042,07:30:42,92,Y38-T1,R-Y38-CW,UNVERIFIED_DEPOT_ALLOCATION_SOUTH,EAST_SECTION_12_STATIONS_ONLY,INDICATIVE_HEADWAY_SCHEDULE,UNVALIDATED_LACKS_BLOCK_INTERLOCKING_WHOLE_RING,"Covers only 12 East stations (Y29-Y01); lacks whole-ring loop, depot throat tracks, block signals, and interlocking models."
145,TR-CCW-013,EMU-CCW-14,COUNTERCLOCKWISE,EAST_SECTION_INDICATIVE_PATTERN,Y01,27000,07:30:00,45,27045,07:30:45,193,Y01-T2,R-Y01-CCW,UNVERIFIED_DEPOT_ALLOCATION_SOUTH,EAST_SECTION_12_STATIONS_ONLY,INDICATIVE_HEADWAY_SCHEDULE,UNVALIDATED_LACKS_BLOCK_INTERLOCKING_WHOLE_RING,"Covers only 12 East stations (Y29-Y01); lacks whole-ring loop, depot throat tracks, block signals, and interlocking models; short-turn Y22-Y38 incorrectly traverses all 12 stations."
666,TR-CW-007,EMU-CW-08,CLOCKWISE,EAST_SECTION_INDICATIVE_PATTERN,Y34,27002,07:30:02,30,27032,07:30:32,88,Y34-T1,R-Y34-CW,UNVERIFIED_DEPOT_ALLOCATION_SOUTH,EAST_SECTION_12_STATIONS_ONLY,INDICATIVE_HEADWAY_SCHEDULE,UNVALIDATED_LACKS_BLOCK_INTERLOCKING_WHOLE_RING,"Covers only 12 East stations (Y29-Y01); lacks whole-ring loop, depot throat tracks, block signals, and interlocking models."
57,TR-CCW-005,EMU-CCW-06,COUNTERCLOCKWISE,EAST_SECTION_INDICATIVE_PATTERN,Y32,27020,07:30:20,30,27050,07:30:50,72,Y32-T2,R-Y32-CCW,UNVERIFIED_DEPOT_ALLOCATION_SOUTH,EAST_SECTION_12_STATIONS_ONLY,INDICATIVE_HEADWAY_SCHEDULE,UNVALIDATED_LACKS_BLOCK_INTERLOCKING_WHOLE_RING,"Covers only 12 East stations (Y29-Y01); lacks whole-ring loop, depot throat tracks, block signals, and interlocking models; short-turn Y22-Y38 incorrectly traverses all 12 stations."
645,TR-CW-005,EMU-CW-06,CLOCKWISE,EAST_SECTION_INDICATIVE_PATTERN,Y37,27022,07:30:22,45,27067,07:31:07,128,Y37-T1,R-Y37-CW,UNVERIFIED_DEPOT_ALLOCATION_SOUTH,EAST_SECTION_12_STATIONS_ONLY,INDICATIVE_HEADWAY_SCHEDULE,UNVALIDATED_LACKS_BLOCK_INTERLOCKING_WHOLE_RING,"Covers only 12 East stations (Y29-Y01); lacks whole-ring loop, depot throat tracks, block signals, and interlocking models."
68,TR-CCW-006,EMU-CCW-07,COUNTERCLOCKWISE,SHORT_TURN_Y22_Y38,Y33,27038,07:30:38,45,27083,07:31:23,87,Y33-T2,R-Y33-CCW,UNVERIFIED_DEPOT_ALLOCATION_EAST,EAST_SECTION_12_STATIONS_ONLY,INDICATIVE_HEADWAY_SCHEDULE,UNVALIDATED_LACKS_BLOCK_INTERLOCKING_WHOLE_RING,"Covers only 12 East stations (Y29-Y01); lacks whole-ring loop, depot throat tracks, block signals, and interlocking models; short-turn Y22-Y38 incorrectly traverses all 12 stations."
687,TR-CW-009,EMU-CW-10,CLOCKWISE,EAST_SECTION_INDICATIVE_PATTERN,Y31,27040,07:30:40,30,27070,07:31:10,72,Y31-T1,R-Y31-CW,UNVERIFIED_DEPOT_ALLOCATION_SOUTH,EAST_SECTION_12_STATIONS_ONLY,INDICATIVE_HEADWAY_SCHEDULE,UNVALIDATED_LACKS_BLOCK_INTERLOCKING_WHOLE_RING,"Covers only 12 East stations (Y29-Y01); lacks whole-ring loop, depot throat tracks, block signals, and interlocking models."
123,TR-CCW-011,EMU-CCW-12,COUNTERCLOCKWISE,EAST_SECTION_INDICATIVE_PATTERN,Y38,27060,07:31:00,45,27105,07:31:45,128,Y38-T2,R-Y38-CCW,UNVERIFIED_DEPOT_ALLOCATION_SOUTH,EAST_SECTION_12_STATIONS_ONLY,INDICATIVE_HEADWAY_SCHEDULE,UNVALIDATED_LACKS_BLOCK_INTERLOCKING_WHOLE_RING,"Covers only 12 East stations (Y29-Y01); lacks whole-ring loop, depot throat tracks, block signals, and interlocking models; short-turn Y22-Y38 incorrectly traverses all 12 stations."
677,TR-CW-008,EMU-CW-09,CLOCKWISE,EAST_SECTION_INDICATIVE_PATTERN,Y33,27061,07:31:01,45,27106,07:31:46,94,Y33-T1,R-Y33-CW,UNVERIFIED_DEPOT_ALLOCATION_SOUTH,EAST_SECTION_12_STATIONS_ONLY,INDICATIVE_HEADWAY_SCHEDULE,UNVALIDATED_LACKS_BLOCK_INTERLOCKING_WHOLE_RING,"Covers only 12 East stations (Y29-Y01); lacks whole-ring loop, depot throat tracks, block signals, and interlocking models."
36,TR-CCW-003,EMU-CCW-04,COUNTERCLOCKWISE,SHORT_TURN_Y22_Y38,Y29,27063,07:31:03,45,27108,07:31:48,0,Y29-T2,R-Y29-CCW,UNVERIFIED_DEPOT_ALLOCATION_EAST,EAST_SECTION_12_STATIONS_ONLY,INDICATIVE_HEADWAY_SCHEDULE,UNVALIDATED_LACKS_BLOCK_INTERLOCKING_WHOLE_RING,"Covers only 12 East stations (Y29-Y01); lacks whole-ring loop, depot throat tracks, block signals, and interlocking models; short-turn Y22-Y38 incorrectly traverses all 12 stations."
101,TR-CCW-009,EMU-CCW-10,COUNTERCLOCKWISE,SHORT_TURN_Y22_Y38,Y36,27063,07:31:03,45,27108,07:31:48,123,Y36-T2,R-Y36-CCW,UNVERIFIED_DEPOT_ALLOCATION_EAST,EAST_SECTION_12_STATIONS_ONLY,INDICATIVE_HEADWAY_SCHEDULE,UNVALIDATED_LACKS_BLOCK_INTERLOCKING_WHOLE_RING,"Covers only 12 East stations (Y29-Y01); lacks whole-ring loop, depot throat tracks, block signals, and interlocking models; short-turn Y22-Y38 incorrectly traverses all 12 stations."
79,TR-CCW-007,EMU-CCW-08,COUNTERCLOCKWISE,EAST_SECTION_INDICATIVE_PATTERN,Y34,27064,07:31:04,30,27094,07:31:34,94,Y34-T2,R-Y34-CCW,UNVERIFIED_DEPOT_ALLOCATION_SOUTH,EAST_SECTION_12_STATIONS_ONLY,INDICATIVE_HEADWAY_SCHEDULE,UNVALIDATED_LACKS_BLOCK_INTERLOCKING_WHOLE_RING,"Covers only 12 East stations (Y29-Y01); lacks whole-ring loop, depot throat tracks, block signals, and interlocking models; short-turn Y22-Y38 incorrectly traverses all 12 stations."
90,TR-CCW-008,EMU-CCW-09,COUNTERCLOCKWISE,EAST_SECTION_INDICATIVE_PATTERN,Y35,27081,07:31:21,45,27126,07:32:06,88,Y35-T2,R-Y35-CCW,UNVERIFIED_DEPOT_ALLOCATION_SOUTH,EAST_SECTION_12_STATIONS_ONLY,INDICATIVE_HEADWAY_SCHEDULE,UNVALIDATED_LACKS_BLOCK_INTERLOCKING_WHOLE_RING,"Covers only 12 East stations (Y29-Y01); lacks whole-ring loop, depot throat tracks, block signals, and interlocking models; short-turn Y22-Y38 incorrectly traverses all 12 stations."
112,TR-CCW-010,EMU-CCW-11,COUNTERCLOCKWISE,EAST_SECTION_INDICATIVE_PATTERN,Y37,27083,07:31:23,45,27128,07:32:08,85,Y37-T2,R-Y37-CCW,UNVERIFIED_DEPOT_ALLOCATION_SOUTH,EAST_SECTION_12_STATIONS_ONLY,INDICATIVE_HEADWAY_SCHEDULE,UNVALIDATED_LACKS_BLOCK_INTERLOCKING_WHOLE_RING,"Covers only 12 East stations (Y29-Y01); lacks whole-ring loop, depot throat tracks, block signals, and interlocking models; short-turn Y22-Y38 incorrectly traverses all 12 stations."
134,TR-CCW-012,EMU-CCW-13,COUNTERCLOCKWISE,SHORT_TURN_Y22_Y38,Y39,27088,07:31:28,30,27118,07:31:58,92,Y39-T2,R-Y39-CCW,UNVERIFIED_DEPOT_ALLOCATION_EAST,EAST_SECTION_12_STATIONS_ONLY,INDICATIVE_HEADWAY_SCHEDULE,UNVALIDATED_LACKS_BLOCK_INTERLOCKING_WHOLE_RING,"Covers only 12 East stations (Y29-Y01); lacks whole-ring loop, depot throat tracks, block signals, and interlocking models; short-turn Y22-Y38 incorrectly traverses all 12 stations."
656,TR-CW-006,EMU-CW-07,CLOCKWISE,EAST_SECTION_INDICATIVE_PATTERN,Y36,27090,07:31:30,45,27135,07:32:15,85,Y36-T1,R-Y36-CW,UNVERIFIED_DEPOT_ALLOCATION_SOUTH,EAST_SECTION_12_STATIONS_ONLY,INDICATIVE_HEADWAY_SCHEDULE,UNVALIDATED_LACKS_BLOCK_INTERLOCKING_WHOLE_RING,"Covers only 12 East stations (Y29-Y01); lacks whole-ring loop, depot throat tracks, block signals, and interlocking models."
47,TR-CCW-004,EMU-CCW-05,COUNTERCLOCKWISE,EAST_SECTION_INDICATIVE_PATTERN,Y30,27094,07:31:34,30,27124,07:32:04,89,Y30-T2,R-Y30-CCW,UNVERIFIED_DEPOT_ALLOCATION_SOUTH,EAST_SECTION_12_STATIONS_ONLY,INDICATIVE_HEADWAY_SCHEDULE,UNVALIDATED_LACKS_BLOCK_INTERLOCKING_WHOLE_RING,"Covers only 12 East stations (Y29-Y01); lacks whole-ring loop, depot throat tracks, block signals, and interlocking models; short-turn Y22-Y38 incorrectly traverses all 12 stations."
698,TR-CW-010,EMU-CW-11,CLOCKWISE,EAST_SECTION_INDICATIVE_PATTERN,Y30,27116,07:31:56,30,27146,07:32:26,92,Y30-T1,R-Y30-CW,UNVERIFIED_DEPOT_ALLOCATION_SOUTH,EAST_SECTION_12_STATIONS_ONLY,INDICATIVE_HEADWAY_SCHEDULE,UNVALIDATED_LACKS_BLOCK_INTERLOCKING_WHOLE_RING,"Covers only 12 East stations (Y29-Y01); lacks whole-ring loop, depot throat tracks, block signals, and interlocking models."
667,TR-CW-007,EMU-CW-08,CLOCKWISE,EAST_SECTION_INDICATIVE_PATTERN,Y35,27120,07:32:00,45,27165,07:32:45,123,Y35-T1,R-Y35-CW,UNVERIFIED_DEPOT_ALLOCATION_SOUTH,EAST_SECTION_12_STATIONS_ONLY,INDICATIVE_HEADWAY_SCHEDULE,UNVALIDATED_LACKS_BLOCK_INTERLOCKING_WHOLE_RING,"Covers only 12 East stations (Y29-Y01); lacks whole-ring loop, depot throat tracks, block signals, and interlocking models."
58,TR-CCW-005,EMU-CCW-06,COUNTERCLOCKWISE,EAST_SECTION_INDICATIVE_PATTERN,Y31,27122,07:32:02,30,27152,07:32:32,92,Y31-T2,R-Y31-CCW,UNVERIFIED_DEPOT_ALLOCATION_SOUTH,EAST_SECTION_12_STATIONS_ONLY,INDICATIVE_HEADWAY_SCHEDULE,UNVALIDATED_LACKS_BLOCK_INTERLOCKING_WHOLE_RING,"Covers only 12 East stations (Y29-Y01); lacks whole-ring loop, depot throat tracks, block signals, and interlocking models; short-turn Y22-Y38 incorrectly traverses all 12 stations."
635,TR-CW-004,EMU-CW-05,CLOCKWISE,EAST_SECTION_INDICATIVE_PATTERN,Y39,27134,07:32:14,30,27164,07:32:44,193,Y39-T1,R-Y39-CW,UNVERIFIED_DEPOT_ALLOCATION_SOUTH,EAST_SECTION_12_STATIONS_ONLY,INDICATIVE_HEADWAY_SCHEDULE,UNVALIDATED_LACKS_BLOCK_INTERLOCKING_WHOLE_RING,"Covers only 12 East stations (Y29-Y01); lacks whole-ring loop, depot throat tracks, block signals, and interlocking models."
688,TR-CW-009,EMU-CW-10,CLOCKWISE,EAST_SECTION_INDICATIVE_PATTERN,Y32,27142,07:32:22,30,27172,07:32:52,87,Y32-T1,R-Y32-CW,UNVERIFIED_DEPOT_ALLOCATION_SOUTH,EAST_SECTION_12_STATIONS_ONLY,INDICATIVE_HEADWAY_SCHEDULE,UNVALIDATED_LACKS_BLOCK_INTERLOCKING_WHOLE_RING,"Covers only 12 East stations (Y29-Y01); lacks whole-ring loop, depot throat tracks, block signals, and interlocking models."
157,TR-CCW-014,EMU-CCW-15,COUNTERCLOCKWISE,EAST_SECTION_INDICATIVE_PATTERN,Y01,27150,07:32:30,45,27195,07:33:15,193,Y01-T2,R-Y01-CCW,UNVERIFIED_DEPOT_ALLOCATION_SOUTH,EAST_SECTION_12_STATIONS_ONLY,INDICATIVE_HEADWAY_SCHEDULE,UNVALIDATED_LACKS_BLOCK_INTERLOCKING_WHOLE_RING,"Covers only 12 East stations (Y29-Y01); lacks whole-ring loop, depot throat tracks, block signals, and interlocking models; short-turn Y22-Y38 incorrectly traverses all 12 stations."
624,TR-CW-003,EMU-CW-04,CLOCKWISE,EAST_SECTION_INDICATIVE_PATTERN,Y01,27159,07:32:39,45,27204,07:33:24,0,Y01-T1,R-Y01-CW,UNVERIFIED_DEPOT_ALLOCATION_SOUTH,EAST_SECTION_12_STATIONS_ONLY,INDICATIVE_HEADWAY_SCHEDULE,UNVALIDATED_LACKS_BLOCK_INTERLOCKING_WHOLE_RING,"Covers only 12 East stations (Y29-Y01); lacks whole-ring loop, depot throat tracks, block signals, and interlocking models."
69,TR-CCW-006,EMU-CCW-07,COUNTERCLOCKWISE,SHORT_TURN_Y22_Y38,Y32,27170,07:32:50,30,27200,07:33:20,72,Y32-T2,R-Y32-CCW,UNVERIFIED_DEPOT_ALLOCATION_EAST,EAST_SECTION_12_STATIONS_ONLY,INDICATIVE_HEADWAY_SCHEDULE,UNVALIDATED_LACKS_BLOCK_INTERLOCKING_WHOLE_RING,"Covers only 12 East stations (Y29-Y01); lacks whole-ring loop, depot throat tracks, block signals, and interlocking models; short-turn Y22-Y38 incorrectly traverses all 12 stations."
709,TR-CW-011,EMU-CW-12,CLOCKWISE,EAST_SECTION_INDICATIVE_PATTERN,Y29,27180,07:33:00,45,27225,07:33:45,89,Y29-T1,R-Y29-CW,UNVERIFIED_DEPOT_ALLOCATION_SOUTH,EAST_SECTION_12_STATIONS_ONLY,INDICATIVE_HEADWAY_SCHEDULE,UNVALIDATED_LACKS_BLOCK_INTERLOCKING_WHOLE_RING,"Covers only 12 East stations (Y29-Y01); lacks whole-ring loop, depot throat tracks, block signals, and interlocking models."
80,TR-CCW-007,EMU-CCW-08,COUNTERCLOCKWISE,EAST_SECTION_INDICATIVE_PATTERN,Y33,27188,07:33:08,45,27233,07:33:53,87,Y33-T2,R-Y33-CCW,UNVERIFIED_DEPOT_ALLOCATION_SOUTH,EAST_SECTION_12_STATIONS_ONLY,INDICATIVE_HEADWAY_SCHEDULE,UNVALIDATED_LACKS_BLOCK_INTERLOCKING_WHOLE_RING,"Covers only 12 East stations (Y29-Y01); lacks whole-ring loop, depot throat tracks, block signals, and interlocking models; short-turn Y22-Y38 incorrectly traverses all 12 stations."
646,TR-CW-005,EMU-CW-06,CLOCKWISE,EAST_SECTION_INDICATIVE_PATTERN,Y38,27195,07:33:15,45,27240,07:34:00,92,Y38-T1,R-Y38-CW,UNVERIFIED_DEPOT_ALLOCATION_SOUTH,EAST_SECTION_12_STATIONS_ONLY,INDICATIVE_HEADWAY_SCHEDULE,UNVALIDATED_LACKS_BLOCK_INTERLOCKING_WHOLE_RING,"Covers only 12 East stations (Y29-Y01); lacks whole-ring loop, depot throat tracks, block signals, and interlocking models."
678,TR-CW-008,EMU-CW-09,CLOCKWISE,EAST_SECTION_INDICATIVE_PATTERN,Y34,27200,07:33:20,30,27230,07:33:50,88,Y34-T1,R-Y34-CW,UNVERIFIED_DEPOT_ALLOCATION_SOUTH,EAST_SECTION_12_STATIONS_ONLY,INDICATIVE_HEADWAY_SCHEDULE,UNVALIDATED_LACKS_BLOCK_INTERLOCKING_WHOLE_RING,"Covers only 12 East stations (Y29-Y01); lacks whole-ring loop, depot throat tracks, block signals, and interlocking models."
135,TR-CCW-012,EMU-CCW-13,COUNTERCLOCKWISE,SHORT_TURN_Y22_Y38,Y38,27210,07:33:30,45,27255,07:34:15,128,Y38-T2,R-Y38-CCW,UNVERIFIED_DEPOT_ALLOCATION_EAST,EAST_SECTION_12_STATIONS_ONLY,INDICATIVE_HEADWAY_SCHEDULE,UNVALIDATED_LACKS_BLOCK_INTERLOCKING_WHOLE_RING,"Covers only 12 East stations (Y29-Y01); lacks whole-ring loop, depot throat tracks, block signals, and interlocking models; short-turn Y22-Y38 incorrectly traverses all 12 stations."
48,TR-CCW-004,EMU-CCW-05,COUNTERCLOCKWISE,EAST_SECTION_INDICATIVE_PATTERN,Y29,27213,07:33:33,45,27258,07:34:18,0,Y29-T2,R-Y29-CCW,UNVERIFIED_DEPOT_ALLOCATION_SOUTH,EAST_SECTION_12_STATIONS_ONLY,INDICATIVE_HEADWAY_SCHEDULE,UNVALIDATED_LACKS_BLOCK_INTERLOCKING_WHOLE_RING,"Covers only 12 East stations (Y29-Y01); lacks whole-ring loop, depot throat tracks, block signals, and interlocking models; short-turn Y22-Y38 incorrectly traverses all 12 stations."
113,TR-CCW-010,EMU-CCW-11,COUNTERCLOCKWISE,EAST_SECTION_INDICATIVE_PATTERN,Y36,27213,07:33:33,45,27258,07:34:18,123,Y36-T2,R-Y36-CCW,UNVERIFIED_DEPOT_ALLOCATION_SOUTH,EAST_SECTION_12_STATIONS_ONLY,INDICATIVE_HEADWAY_SCHEDULE,UNVALIDATED_LACKS_BLOCK_INTERLOCKING_WHOLE_RING,"Covers only 12 East stations (Y29-Y01); lacks whole-ring loop, depot throat tracks, block signals, and interlocking models; short-turn Y22-Y38 incorrectly traverses all 12 stations."
91,TR-CCW-008,EMU-CCW-09,COUNTERCLOCKWISE,EAST_SECTION_INDICATIVE_PATTERN,Y34,27214,07:33:34,30,27244,07:34:04,94,Y34-T2,R-Y34-CCW,UNVERIFIED_DEPOT_ALLOCATION_SOUTH,EAST_SECTION_12_STATIONS_ONLY,INDICATIVE_HEADWAY_SCHEDULE,UNVALIDATED_LACKS_BLOCK_INTERLOCKING_WHOLE_RING,"Covers only 12 East stations (Y29-Y01); lacks whole-ring loop, depot throat tracks, block signals, and interlocking models; short-turn Y22-Y38 incorrectly traverses all 12 stations."
657,TR-CW-006,EMU-CW-07,CLOCKWISE,EAST_SECTION_INDICATIVE_PATTERN,Y37,27220,07:33:40,45,27265,07:34:25,128,Y37-T1,R-Y37-CW,UNVERIFIED_DEPOT_ALLOCATION_SOUTH,EAST_SECTION_12_STATIONS_ONLY,INDICATIVE_HEADWAY_SCHEDULE,UNVALIDATED_LACKS_BLOCK_INTERLOCKING_WHOLE_RING,"Covers only 12 East stations (Y29-Y01); lacks whole-ring loop, depot throat tracks, block signals, and interlocking models."
102,TR-CCW-009,EMU-CCW-10,COUNTERCLOCKWISE,SHORT_TURN_Y22_Y38,Y35,27231,07:33:51,45,27276,07:34:36,88,Y35-T2,R-Y35-CCW,UNVERIFIED_DEPOT_ALLOCATION_EAST,EAST_SECTION_12_STATIONS_ONLY,INDICATIVE_HEADWAY_SCHEDULE,UNVALIDATED_LACKS_BLOCK_INTERLOCKING_WHOLE_RING,"Covers only 12 East stations (Y29-Y01); lacks whole-ring loop, depot throat tracks, block signals, and interlocking models; short-turn Y22-Y38 incorrectly traverses all 12 stations."
124,TR-CCW-011,EMU-CCW-12,COUNTERCLOCKWISE,EAST_SECTION_INDICATIVE_PATTERN,Y37,27233,07:33:53,45,27278,07:34:38,85,Y37-T2,R-Y37-CCW,UNVERIFIED_DEPOT_ALLOCATION_SOUTH,EAST_SECTION_12_STATIONS_ONLY,INDICATIVE_HEADWAY_SCHEDULE,UNVALIDATED_LACKS_BLOCK_INTERLOCKING_WHOLE_RING,"Covers only 12 East stations (Y29-Y01); lacks whole-ring loop, depot throat tracks, block signals, and interlocking models; short-turn Y22-Y38 incorrectly traverses all 12 stations."
146,TR-CCW-013,EMU-CCW-14,COUNTERCLOCKWISE,EAST_SECTION_INDICATIVE_PATTERN,Y39,27238,07:33:58,30,27268,07:34:28,92,Y39-T2,R-Y39-CCW,UNVERIFIED_DEPOT_ALLOCATION_SOUTH,EAST_SECTION_12_STATIONS_ONLY,INDICATIVE_HEADWAY_SCHEDULE,UNVALIDATED_LACKS_BLOCK_INTERLOCKING_WHOLE_RING,"Covers only 12 East stations (Y29-Y01); lacks whole-ring loop, depot throat tracks, block signals, and interlocking models; short-turn Y22-Y38 incorrectly traverses all 12 stations."
699,TR-CW-010,EMU-CW-11,CLOCKWISE,EAST_SECTION_INDICATIVE_PATTERN,Y31,27238,07:33:58,30,27268,07:34:28,72,Y31-T1,R-Y31-CW,UNVERIFIED_DEPOT_ALLOCATION_SOUTH,EAST_SECTION_12_STATIONS_ONLY,INDICATIVE_HEADWAY_SCHEDULE,UNVALIDATED_LACKS_BLOCK_INTERLOCKING_WHOLE_RING,"Covers only 12 East stations (Y29-Y01); lacks whole-ring loop, depot throat tracks, block signals, and interlocking models."
59,TR-CCW-005,EMU-CCW-06,COUNTERCLOCKWISE,EAST_SECTION_INDICATIVE_PATTERN,Y30,27244,07:34:04,30,27274,07:34:34,89,Y30-T2,R-Y30-CCW,UNVERIFIED_DEPOT_ALLOCATION_SOUTH,EAST_SECTION_12_STATIONS_ONLY,INDICATIVE_HEADWAY_SCHEDULE,UNVALIDATED_LACKS_BLOCK_INTERLOCKING_WHOLE_RING,"Covers only 12 East stations (Y29-Y01); lacks whole-ring loop, depot throat tracks, block signals, and interlocking models; short-turn Y22-Y38 incorrectly traverses all 12 stations."
689,TR-CW-009,EMU-CW-10,CLOCKWISE,EAST_SECTION_INDICATIVE_PATTERN,Y33,27259,07:34:19,45,27304,07:35:04,94,Y33-T1,R-Y33-CW,UNVERIFIED_DEPOT_ALLOCATION_SOUTH,EAST_SECTION_12_STATIONS_ONLY,INDICATIVE_HEADWAY_SCHEDULE,UNVALIDATED_LACKS_BLOCK_INTERLOCKING_WHOLE_RING,"Covers only 12 East stations (Y29-Y01); lacks whole-ring loop, depot throat tracks, block signals, and interlocking models."
70,TR-CCW-006,EMU-CCW-07,COUNTERCLOCKWISE,SHORT_TURN_Y22_Y38,Y31,27272,07:34:32,30,27302,07:35:02,92,Y31-T2,R-Y31-CCW,UNVERIFIED_DEPOT_ALLOCATION_EAST,EAST_SECTION_12_STATIONS_ONLY,INDICATIVE_HEADWAY_SCHEDULE,UNVALIDATED_LACKS_BLOCK_INTERLOCKING_WHOLE_RING,"Covers only 12 East stations (Y29-Y01); lacks whole-ring loop, depot throat tracks, block signals, and interlocking models; short-turn Y22-Y38 incorrectly traverses all 12 stations."
668,TR-CW-007,EMU-CW-08,CLOCKWISE,EAST_SECTION_INDICATIVE_PATTERN,Y36,27288,07:34:48,45,27333,07:35:33,85,Y36-T1,R-Y36-CW,UNVERIFIED_DEPOT_ALLOCATION_SOUTH,EAST_SECTION_12_STATIONS_ONLY,INDICATIVE_HEADWAY_SCHEDULE,UNVALIDATED_LACKS_BLOCK_INTERLOCKING_WHOLE_RING,"Covers only 12 East stations (Y29-Y01); lacks whole-ring loop, depot throat tracks, block signals, and interlocking models."
169,TR-CCW-015,EMU-CCW-16,COUNTERCLOCKWISE,SHORT_TURN_Y22_Y38,Y01,27300,07:35:00,45,27345,07:35:45,193,Y01-T2,R-Y01-CCW,UNVERIFIED_DEPOT_ALLOCATION_EAST,EAST_SECTION_12_STATIONS_ONLY,INDICATIVE_HEADWAY_SCHEDULE,UNVALIDATED_LACKS_BLOCK_INTERLOCKING_WHOLE_RING,"Covers only 12 East stations (Y29-Y01); lacks whole-ring loop, depot throat tracks, block signals, and interlocking models; short-turn Y22-Y38 incorrectly traverses all 12 stations."
710,TR-CW-011,EMU-CW-12,CLOCKWISE,EAST_SECTION_INDICATIVE_PATTERN,Y30,27314,07:35:14,30,27344,07:35:44,92,Y30-T1,R-Y30-CW,UNVERIFIED_DEPOT_ALLOCATION_SOUTH,EAST_SECTION_12_STATIONS_ONLY,INDICATIVE_HEADWAY_SCHEDULE,UNVALIDATED_LACKS_BLOCK_INTERLOCKING_WHOLE_RING,"Covers only 12 East stations (Y29-Y01); lacks whole-ring loop, depot throat tracks, block signals, and interlocking models."
679,TR-CW-008,EMU-CW-09,CLOCKWISE,EAST_SECTION_INDICATIVE_PATTERN,Y35,27318,07:35:18,45,27363,07:36:03,123,Y35-T1,R-Y35-CW,UNVERIFIED_DEPOT_ALLOCATION_SOUTH,EAST_SECTION_12_STATIONS_ONLY,INDICATIVE_HEADWAY_SCHEDULE,UNVALIDATED_LACKS_BLOCK_INTERLOCKING_WHOLE_RING,"Covers only 12 East stations (Y29-Y01); lacks whole-ring loop, depot throat tracks, block signals, and interlocking models."
81,TR-CCW-007,EMU-CCW-08,COUNTERCLOCKWISE,EAST_SECTION_INDICATIVE_PATTERN,Y32,27320,07:35:20,30,27350,07:35:50,72,Y32-T2,R-Y32-CCW,UNVERIFIED_DEPOT_ALLOCATION_SOUTH,EAST_SECTION_12_STATIONS_ONLY,INDICATIVE_HEADWAY_SCHEDULE,UNVALIDATED_LACKS_BLOCK_INTERLOCKING_WHOLE_RING,"Covers only 12 East stations (Y29-Y01); lacks whole-ring loop, depot throat tracks, block signals, and interlocking models; short-turn Y22-Y38 incorrectly traverses all 12 stations."
647,TR-CW-005,EMU-CW-06,CLOCKWISE,EAST_SECTION_INDICATIVE_PATTERN,Y39,27332,07:35:32,30,27362,07:36:02,193,Y39-T1,R-Y39-CW,UNVERIFIED_DEPOT_ALLOCATION_SOUTH,EAST_SECTION_12_STATIONS_ONLY,INDICATIVE_HEADWAY_SCHEDULE,UNVALIDATED_LACKS_BLOCK_INTERLOCKING_WHOLE_RING,"Covers only 12 East stations (Y29-Y01); lacks whole-ring loop, depot throat tracks, block signals, and interlocking models."
92,TR-CCW-008,EMU-CCW-09,COUNTERCLOCKWISE,EAST_SECTION_INDICATIVE_PATTERN,Y33,27338,07:35:38,45,27383,07:36:23,87,Y33-T2,R-Y33-CCW,UNVERIFIED_DEPOT_ALLOCATION_SOUTH,EAST_SECTION_12_STATIONS_ONLY,INDICATIVE_HEADWAY_SCHEDULE,UNVALIDATED_LACKS_BLOCK_INTERLOCKING_WHOLE_RING,"Covers only 12 East stations (Y29-Y01); lacks whole-ring loop, depot throat tracks, block signals, and interlocking models; short-turn Y22-Y38 incorrectly traverses all 12 stations."
700,TR-CW-010,EMU-CW-11,CLOCKWISE,EAST_SECTION_INDICATIVE_PATTERN,Y32,27340,07:35:40,30,27370,07:36:10,87,Y32-T1,R-Y32-CW,UNVERIFIED_DEPOT_ALLOCATION_SOUTH,EAST_SECTION_12_STATIONS_ONLY,INDICATIVE_HEADWAY_SCHEDULE,UNVALIDATED_LACKS_BLOCK_INTERLOCKING_WHOLE_RING,"Covers only 12 East stations (Y29-Y01); lacks whole-ring loop, depot throat tracks, block signals, and interlocking models."
636,TR-CW-004,EMU-CW-05,CLOCKWISE,EAST_SECTION_INDICATIVE_PATTERN,Y01,27357,07:35:57,45,27402,07:36:42,0,Y01-T1,R-Y01-CW,UNVERIFIED_DEPOT_ALLOCATION_SOUTH,EAST_SECTION_12_STATIONS_ONLY,INDICATIVE_HEADWAY_SCHEDULE,UNVALIDATED_LACKS_BLOCK_INTERLOCKING_WHOLE_RING,"Covers only 12 East stations (Y29-Y01); lacks whole-ring loop, depot throat tracks, block signals, and interlocking models."
147,TR-CCW-013,EMU-CCW-14,COUNTERCLOCKWISE,EAST_SECTION_INDICATIVE_PATTERN,Y38,27360,07:36:00,45,27405,07:36:45,128,Y38-T2,R-Y38-CCW,UNVERIFIED_DEPOT_ALLOCATION_SOUTH,EAST_SECTION_12_STATIONS_ONLY,INDICATIVE_HEADWAY_SCHEDULE,UNVALIDATED_LACKS_BLOCK_INTERLOCKING_WHOLE_RING,"Covers only 12 East stations (Y29-Y01); lacks whole-ring loop, depot throat tracks, block signals, and interlocking models; short-turn Y22-Y38 incorrectly traverses all 12 stations."
60,TR-CCW-005,EMU-CCW-06,COUNTERCLOCKWISE,EAST_SECTION_INDICATIVE_PATTERN,Y29,27363,07:36:03,45,27408,07:36:48,0,Y29-T2,R-Y29-CCW,UNVERIFIED_DEPOT_ALLOCATION_SOUTH,EAST_SECTION_12_STATIONS_ONLY,INDICATIVE_HEADWAY_SCHEDULE,UNVALIDATED_LACKS_BLOCK_INTERLOCKING_WHOLE_RING,"Covers only 12 East stations (Y29-Y01); lacks whole-ring loop, depot throat tracks, block signals, and interlocking models; short-turn Y22-Y38 incorrectly traverses all 12 stations."
125,TR-CCW-011,EMU-CCW-12,COUNTERCLOCKWISE,EAST_SECTION_INDICATIVE_PATTERN,Y36,27363,07:36:03,45,27408,07:36:48,123,Y36-T2,R-Y36-CCW,UNVERIFIED_DEPOT_ALLOCATION_SOUTH,EAST_SECTION_12_STATIONS_ONLY,INDICATIVE_HEADWAY_SCHEDULE,UNVALIDATED_LACKS_BLOCK_INTERLOCKING_WHOLE_RING,"Covers only 12 East stations (Y29-Y01); lacks whole-ring loop, depot throat tracks, block signals, and interlocking models; short-turn Y22-Y38 incorrectly traverses all 12 stations."
103,TR-CCW-009,EMU-CCW-10,COUNTERCLOCKWISE,SHORT_TURN_Y22_Y38,Y34,27364,07:36:04,30,27394,07:36:34,94,Y34-T2,R-Y34-CCW,UNVERIFIED_DEPOT_ALLOCATION_EAST,EAST_SECTION_12_STATIONS_ONLY,INDICATIVE_HEADWAY_SCHEDULE,UNVALIDATED_LACKS_BLOCK_INTERLOCKING_WHOLE_RING,"Covers only 12 East stations (Y29-Y01); lacks whole-ring loop, depot throat tracks, block signals, and interlocking models; short-turn Y22-Y38 incorrectly traverses all 12 stations."
721,TR-CW-012,EMU-CW-13,CLOCKWISE,EAST_SECTION_INDICATIVE_PATTERN,Y29,27378,07:36:18,45,27423,07:37:03,89,Y29-T1,R-Y29-CW,UNVERIFIED_DEPOT_ALLOCATION_SOUTH,EAST_SECTION_12_STATIONS_ONLY,INDICATIVE_HEADWAY_SCHEDULE,UNVALIDATED_LACKS_BLOCK_INTERLOCKING_WHOLE_RING,"Covers only 12 East stations (Y29-Y01); lacks whole-ring loop, depot throat tracks, block signals, and interlocking models."
114,TR-CCW-010,EMU-CCW-11,COUNTERCLOCKWISE,EAST_SECTION_INDICATIVE_PATTERN,Y35,27381,07:36:21,45,27426,07:37:06,88,Y35-T2,R-Y35-CCW,UNVERIFIED_DEPOT_ALLOCATION_SOUTH,EAST_SECTION_12_STATIONS_ONLY,INDICATIVE_HEADWAY_SCHEDULE,UNVALIDATED_LACKS_BLOCK_INTERLOCKING_WHOLE_RING,"Covers only 12 East stations (Y29-Y01); lacks whole-ring loop, depot throat tracks, block signals, and interlocking models; short-turn Y22-Y38 incorrectly traverses all 12 stations."
136,TR-CCW-012,EMU-CCW-13,COUNTERCLOCKWISE,SHORT_TURN_Y22_Y38,Y37,27383,07:36:23,45,27428,07:37:08,85,Y37-T2,R-Y37-CCW,UNVERIFIED_DEPOT_ALLOCATION_EAST,EAST_SECTION_12_STATIONS_ONLY,INDICATIVE_HEADWAY_SCHEDULE,UNVALIDATED_LACKS_BLOCK_INTERLOCKING_WHOLE_RING,"Covers only 12 East stations (Y29-Y01); lacks whole-ring loop, depot throat tracks, block signals, and interlocking models; short-turn Y22-Y38 incorrectly traverses all 12 stations."
158,TR-CCW-014,EMU-CCW-15,COUNTERCLOCKWISE,EAST_SECTION_INDICATIVE_PATTERN,Y39,27388,07:36:28,30,27418,07:36:58,92,Y39-T2,R-Y39-CCW,UNVERIFIED_DEPOT_ALLOCATION_SOUTH,EAST_SECTION_12_STATIONS_ONLY,INDICATIVE_HEADWAY_SCHEDULE,UNVALIDATED_LACKS_BLOCK_INTERLOCKING_WHOLE_RING,"Covers only 12 East stations (Y29-Y01); lacks whole-ring loop, depot throat tracks, block signals, and interlocking models; short-turn Y22-Y38 incorrectly traverses all 12 stations."
658,TR-CW-006,EMU-CW-07,CLOCKWISE,EAST_SECTION_INDICATIVE_PATTERN,Y38,27393,07:36:33,45,27438,07:37:18,92,Y38-T1,R-Y38-CW,UNVERIFIED_DEPOT_ALLOCATION_SOUTH,EAST_SECTION_12_STATIONS_ONLY,INDICATIVE_HEADWAY_SCHEDULE,UNVALIDATED_LACKS_BLOCK_INTERLOCKING_WHOLE_RING,"Covers only 12 East stations (Y29-Y01); lacks whole-ring loop, depot throat tracks, block signals, and interlocking models."
71,TR-CCW-006,EMU-CCW-07,COUNTERCLOCKWISE,SHORT_TURN_Y22_Y38,Y30,27394,07:36:34,30,27424,07:37:04,89,Y30-T2,R-Y30-CCW,UNVERIFIED_DEPOT_ALLOCATION_EAST,EAST_SECTION_12_STATIONS_ONLY,INDICATIVE_HEADWAY_SCHEDULE,UNVALIDATED_LACKS_BLOCK_INTERLOCKING_WHOLE_RING,"Covers only 12 East stations (Y29-Y01); lacks whole-ring loop, depot throat tracks, block signals, and interlocking models; short-turn Y22-Y38 incorrectly traverses all 12 stations."
690,TR-CW-009,EMU-CW-10,CLOCKWISE,EAST_SECTION_INDICATIVE_PATTERN,Y34,27398,07:36:38,30,27428,07:37:08,88,Y34-T1,R-Y34-CW,UNVERIFIED_DEPOT_ALLOCATION_SOUTH,EAST_SECTION_12_STATIONS_ONLY,INDICATIVE_HEADWAY_SCHEDULE,UNVALIDATED_LACKS_BLOCK_INTERLOCKING_WHOLE_RING,"Covers only 12 East stations (Y29-Y01); lacks whole-ring loop, depot throat tracks, block signals, and interlocking models."
669,TR-CW-007,EMU-CW-08,CLOCKWISE,EAST_SECTION_INDICATIVE_PATTERN,Y37,27418,07:36:58,45,27463,07:37:43,128,Y37-T1,R-Y37-CW,UNVERIFIED_DEPOT_ALLOCATION_SOUTH,EAST_SECTION_12_STATIONS_ONLY,INDICATIVE_HEADWAY_SCHEDULE,UNVALIDATED_LACKS_BLOCK_INTERLOCKING_WHOLE_RING,"Covers only 12 East stations (Y29-Y01); lacks whole-ring loop, depot throat tracks, block signals, and interlocking models."
82,TR-CCW-007,EMU-CCW-08,COUNTERCLOCKWISE,EAST_SECTION_INDICATIVE_PATTERN,Y31,27422,07:37:02,30,27452,07:37:32,92,Y31-T2,R-Y31-CCW,UNVERIFIED_DEPOT_ALLOCATION_SOUTH,EAST_SECTION_12_STATIONS_ONLY,INDICATIVE_HEADWAY_SCHEDULE,UNVALIDATED_LACKS_BLOCK_INTERLOCKING_WHOLE_RING,"Covers only 12 East stations (Y29-Y01); lacks whole-ring loop, depot throat tracks, block signals, and interlocking models; short-turn Y22-Y38 incorrectly traverses all 12 stations."
711,TR-CW-011,EMU-CW-12,CLOCKWISE,EAST_SECTION_INDICATIVE_PATTERN,Y31,27436,07:37:16,30,27466,07:37:46,72,Y31-T1,R-Y31-CW,UNVERIFIED_DEPOT_ALLOCATION_SOUTH,EAST_SECTION_12_STATIONS_ONLY,INDICATIVE_HEADWAY_SCHEDULE,UNVALIDATED_LACKS_BLOCK_INTERLOCKING_WHOLE_RING,"Covers only 12 East stations (Y29-Y01); lacks whole-ring loop, depot throat tracks, block signals, and interlocking models."
181,TR-CCW-016,EMU-CCW-17,COUNTERCLOCKWISE,EAST_SECTION_INDICATIVE_PATTERN,Y01,27450,07:37:30,45,27495,07:38:15,193,Y01-T2,R-Y01-CCW,UNVERIFIED_DEPOT_ALLOCATION_SOUTH,EAST_SECTION_12_STATIONS_ONLY,INDICATIVE_HEADWAY_SCHEDULE,UNVALIDATED_LACKS_BLOCK_INTERLOCKING_WHOLE_RING,"Covers only 12 East stations (Y29-Y01); lacks whole-ring loop, depot throat tracks, block signals, and interlocking models; short-turn Y22-Y38 incorrectly traverses all 12 stations."
701,TR-CW-010,EMU-CW-11,CLOCKWISE,EAST_SECTION_INDICATIVE_PATTERN,Y33,27457,07:37:37,45,27502,07:38:22,94,Y33-T1,R-Y33-CW,UNVERIFIED_DEPOT_ALLOCATION_SOUTH,EAST_SECTION_12_STATIONS_ONLY,INDICATIVE_HEADWAY_SCHEDULE,UNVALIDATED_LACKS_BLOCK_INTERLOCKING_WHOLE_RING,"Covers only 12 East stations (Y29-Y01); lacks whole-ring loop, depot throat tracks, block signals, and interlocking models."
93,TR-CCW-008,EMU-CCW-09,COUNTERCLOCKWISE,EAST_SECTION_INDICATIVE_PATTERN,Y32,27470,07:37:50,30,27500,07:38:20,72,Y32-T2,R-Y32-CCW,UNVERIFIED_DEPOT_ALLOCATION_SOUTH,EAST_SECTION_12_STATIONS_ONLY,INDICATIVE_HEADWAY_SCHEDULE,UNVALIDATED_LACKS_BLOCK_INTERLOCKING_WHOLE_RING,"Covers only 12 East stations (Y29-Y01); lacks whole-ring loop, depot throat tracks, block signals, and interlocking models; short-turn Y22-Y38 incorrectly traverses all 12 stations."
680,TR-CW-008,EMU-CW-09,CLOCKWISE,EAST_SECTION_INDICATIVE_PATTERN,Y36,27486,07:38:06,45,27531,07:38:51,85,Y36-T1,R-Y36-CW,UNVERIFIED_DEPOT_ALLOCATION_SOUTH,EAST_SECTION_12_STATIONS_ONLY,INDICATIVE_HEADWAY_SCHEDULE,UNVALIDATED_LACKS_BLOCK_INTERLOCKING_WHOLE_RING,"Covers only 12 East stations (Y29-Y01); lacks whole-ring loop, depot throat tracks, block signals, and interlocking models."
104,TR-CCW-009,EMU-CCW-10,COUNTERCLOCKWISE,SHORT_TURN_Y22_Y38,Y33,27488,07:38:08,45,27533,07:38:53,87,Y33-T2,R-Y33-CCW,UNVERIFIED_DEPOT_ALLOCATION_EAST,EAST_SECTION_12_STATIONS_ONLY,INDICATIVE_HEADWAY_SCHEDULE,UNVALIDATED_LACKS_BLOCK_INTERLOCKING_WHOLE_RING,"Covers only 12 East stations (Y29-Y01); lacks whole-ring loop, depot throat tracks, block signals, and interlocking models; short-turn Y22-Y38 incorrectly traverses all 12 stations."
159,TR-CCW-014,EMU-CCW-15,COUNTERCLOCKWISE,EAST_SECTION_INDICATIVE_PATTERN,Y38,27510,07:38:30,45,27555,07:39:15,128,Y38-T2,R-Y38-CCW,UNVERIFIED_DEPOT_ALLOCATION_SOUTH,EAST_SECTION_12_STATIONS_ONLY,INDICATIVE_HEADWAY_SCHEDULE,UNVALIDATED_LACKS_BLOCK_INTERLOCKING_WHOLE_RING,"Covers only 12 East stations (Y29-Y01); lacks whole-ring loop, depot throat tracks, block signals, and interlocking models; short-turn Y22-Y38 incorrectly traverses all 12 stations."
722,TR-CW-012,EMU-CW-13,CLOCKWISE,EAST_SECTION_INDICATIVE_PATTERN,Y30,27512,07:38:32,30,27542,07:39:02,92,Y30-T1,R-Y30-CW,UNVERIFIED_DEPOT_ALLOCATION_SOUTH,EAST_SECTION_12_STATIONS_ONLY,INDICATIVE_HEADWAY_SCHEDULE,UNVALIDATED_LACKS_BLOCK_INTERLOCKING_WHOLE_RING,"Covers only 12 East stations (Y29-Y01); lacks whole-ring loop, depot throat tracks, block signals, and interlocking models."
72,TR-CCW-006,EMU-CCW-07,COUNTERCLOCKWISE,SHORT_TURN_Y22_Y38,Y29,27513,07:38:33,45,27558,07:39:18,0,Y29-T2,R-Y29-CCW,UNVERIFIED_DEPOT_ALLOCATION_EAST,EAST_SECTION_12_STATIONS_ONLY,INDICATIVE_HEADWAY_SCHEDULE,UNVALIDATED_LACKS_BLOCK_INTERLOCKING_WHOLE_RING,"Covers only 12 East stations (Y29-Y01); lacks whole-ring loop, depot throat tracks, block signals, and interlocking models; short-turn Y22-Y38 incorrectly traverses all 12 stations."
137,TR-CCW-012,EMU-CCW-13,COUNTERCLOCKWISE,SHORT_TURN_Y22_Y38,Y36,27513,07:38:33,45,27558,07:39:18,123,Y36-T2,R-Y36-CCW,UNVERIFIED_DEPOT_ALLOCATION_EAST,EAST_SECTION_12_STATIONS_ONLY,INDICATIVE_HEADWAY_SCHEDULE,UNVALIDATED_LACKS_BLOCK_INTERLOCKING_WHOLE_RING,"Covers only 12 East stations (Y29-Y01); lacks whole-ring loop, depot throat tracks, block signals, and interlocking models; short-turn Y22-Y38 incorrectly traverses all 12 stations."
115,TR-CCW-010,EMU-CCW-11,COUNTERCLOCKWISE,EAST_SECTION_INDICATIVE_PATTERN,Y34,27514,07:38:34,30,27544,07:39:04,94,Y34-T2,R-Y34-CCW,UNVERIFIED_DEPOT_ALLOCATION_SOUTH,EAST_SECTION_12_STATIONS_ONLY,INDICATIVE_HEADWAY_SCHEDULE,UNVALIDATED_LACKS_BLOCK_INTERLOCKING_WHOLE_RING,"Covers only 12 East stations (Y29-Y01); lacks whole-ring loop, depot throat tracks, block signals, and interlocking models; short-turn Y22-Y38 incorrectly traverses all 12 stations."
691,TR-CW-009,EMU-CW-10,CLOCKWISE,EAST_SECTION_INDICATIVE_PATTERN,Y35,27516,07:38:36,45,27561,07:39:21,123,Y35-T1,R-Y35-CW,UNVERIFIED_DEPOT_ALLOCATION_SOUTH,EAST_SECTION_12_STATIONS_ONLY,INDICATIVE_HEADWAY_SCHEDULE,UNVALIDATED_LACKS_BLOCK_INTERLOCKING_WHOLE_RING,"Covers only 12 East stations (Y29-Y01); lacks whole-ring loop, depot throat tracks, block signals, and interlocking models."
659,TR-CW-006,EMU-CW-07,CLOCKWISE,EAST_SECTION_INDICATIVE_PATTERN,Y39,27530,07:38:50,30,27560,07:39:20,193,Y39-T1,R-Y39-CW,UNVERIFIED_DEPOT_ALLOCATION_SOUTH,EAST_SECTION_12_STATIONS_ONLY,INDICATIVE_HEADWAY_SCHEDULE,UNVALIDATED_LACKS_BLOCK_INTERLOCKING_WHOLE_RING,"Covers only 12 East stations (Y29-Y01); lacks whole-ring loop, depot throat tracks, block signals, and interlocking models."
126,TR-CCW-011,EMU-CCW-12,COUNTERCLOCKWISE,EAST_SECTION_INDICATIVE_PATTERN,Y35,27531,07:38:51,45,27576,07:39:36,88,Y35-T2,R-Y35-CCW,UNVERIFIED_DEPOT_ALLOCATION_SOUTH,EAST_SECTION_12_STATIONS_ONLY,INDICATIVE_HEADWAY_SCHEDULE,UNVALIDATED_LACKS_BLOCK_INTERLOCKING_WHOLE_RING,"Covers only 12 East stations (Y29-Y01); lacks whole-ring loop, depot throat tracks, block signals, and interlocking models; short-turn Y22-Y38 incorrectly traverses all 12 stations."
148,TR-CCW-013,EMU-CCW-14,COUNTERCLOCKWISE,EAST_SECTION_INDICATIVE_PATTERN,Y37,27533,07:38:53,45,27578,07:39:38,85,Y37-T2,R-Y37-CCW,UNVERIFIED_DEPOT_ALLOCATION_SOUTH,EAST_SECTION_12_STATIONS_ONLY,INDICATIVE_HEADWAY_SCHEDULE,UNVALIDATED_LACKS_BLOCK_INTERLOCKING_WHOLE_RING,"Covers only 12 East stations (Y29-Y01); lacks whole-ring loop, depot throat tracks, block signals, and interlocking models; short-turn Y22-Y38 incorrectly traverses all 12 stations."
170,TR-CCW-015,EMU-CCW-16,COUNTERCLOCKWISE,SHORT_TURN_Y22_Y38,Y39,27538,07:38:58,30,27568,07:39:28,92,Y39-T2,R-Y39-CCW,UNVERIFIED_DEPOT_ALLOCATION_EAST,EAST_SECTION_12_STATIONS_ONLY,INDICATIVE_HEADWAY_SCHEDULE,UNVALIDATED_LACKS_BLOCK_INTERLOCKING_WHOLE_RING,"Covers only 12 East stations (Y29-Y01); lacks whole-ring loop, depot throat tracks, block signals, and interlocking models; short-turn Y22-Y38 incorrectly traverses all 12 stations."
712,TR-CW-011,EMU-CW-12,CLOCKWISE,EAST_SECTION_INDICATIVE_PATTERN,Y32,27538,07:38:58,30,27568,07:39:28,87,Y32-T1,R-Y32-CW,UNVERIFIED_DEPOT_ALLOCATION_SOUTH,EAST_SECTION_12_STATIONS_ONLY,INDICATIVE_HEADWAY_SCHEDULE,UNVALIDATED_LACKS_BLOCK_INTERLOCKING_WHOLE_RING,"Covers only 12 East stations (Y29-Y01); lacks whole-ring loop, depot throat tracks, block signals, and interlocking models."
83,TR-CCW-007,EMU-CCW-08,COUNTERCLOCKWISE,EAST_SECTION_INDICATIVE_PATTERN,Y30,27544,07:39:04,30,27574,07:39:34,89,Y30-T2,R-Y30-CCW,UNVERIFIED_DEPOT_ALLOCATION_SOUTH,EAST_SECTION_12_STATIONS_ONLY,INDICATIVE_HEADWAY_SCHEDULE,UNVALIDATED_LACKS_BLOCK_INTERLOCKING_WHOLE_RING,"Covers only 12 East stations (Y29-Y01); lacks whole-ring loop, depot throat tracks, block signals, and interlocking models; short-turn Y22-Y38 incorrectly traverses all 12 stations."
648,TR-CW-005,EMU-CW-06,CLOCKWISE,EAST_SECTION_INDICATIVE_PATTERN,Y01,27555,07:39:15,45,27600,07:40:00,0,Y01-T1,R-Y01-CW,UNVERIFIED_DEPOT_ALLOCATION_SOUTH,EAST_SECTION_12_STATIONS_ONLY,INDICATIVE_HEADWAY_SCHEDULE,UNVALIDATED_LACKS_BLOCK_INTERLOCKING_WHOLE_RING,"Covers only 12 East stations (Y29-Y01); lacks whole-ring loop, depot throat tracks, block signals, and interlocking models."
94,TR-CCW-008,EMU-CCW-09,COUNTERCLOCKWISE,EAST_SECTION_INDICATIVE_PATTERN,Y31,27572,07:39:32,30,27602,07:40:02,92,Y31-T2,R-Y31-CCW,UNVERIFIED_DEPOT_ALLOCATION_SOUTH,EAST_SECTION_12_STATIONS_ONLY,INDICATIVE_HEADWAY_SCHEDULE,UNVALIDATED_LACKS_BLOCK_INTERLOCKING_WHOLE_RING,"Covers only 12 East stations (Y29-Y01); lacks whole-ring loop, depot throat tracks, block signals, and interlocking models; short-turn Y22-Y38 incorrectly traverses all 12 stations."
733,TR-CW-013,EMU-CW-14,CLOCKWISE,EAST_SECTION_INDICATIVE_PATTERN,Y29,27576,07:39:36,45,27621,07:40:21,89,Y29-T1,R-Y29-CW,UNVERIFIED_DEPOT_ALLOCATION_SOUTH,EAST_SECTION_12_STATIONS_ONLY,INDICATIVE_HEADWAY_SCHEDULE,UNVALIDATED_LACKS_BLOCK_INTERLOCKING_WHOLE_RING,"Covers only 12 East stations (Y29-Y01); lacks whole-ring loop, depot throat tracks, block signals, and interlocking models."
670,TR-CW-007,EMU-CW-08,CLOCKWISE,EAST_SECTION_INDICATIVE_PATTERN,Y38,27591,07:39:51,45,27636,07:40:36,92,Y38-T1,R-Y38-CW,UNVERIFIED_DEPOT_ALLOCATION_SOUTH,EAST_SECTION_12_STATIONS_ONLY,INDICATIVE_HEADWAY_SCHEDULE,UNVALIDATED_LACKS_BLOCK_INTERLOCKING_WHOLE_RING,"Covers only 12 East stations (Y29-Y01); lacks whole-ring loop, depot throat tracks, block signals, and interlocking models."
702,TR-CW-010,EMU-CW-11,CLOCKWISE,EAST_SECTION_INDICATIVE_PATTERN,Y34,27596,07:39:56,30,27626,07:40:26,88,Y34-T1,R-Y34-CW,UNVERIFIED_DEPOT_ALLOCATION_SOUTH,EAST_SECTION_12_STATIONS_ONLY,INDICATIVE_HEADWAY_SCHEDULE,UNVALIDATED_LACKS_BLOCK_INTERLOCKING_WHOLE_RING,"Covers only 12 East stations (Y29-Y01); lacks whole-ring loop, depot throat tracks, block signals, and interlocking models."
193,TR-CCW-017,EMU-CCW-18,COUNTERCLOCKWISE,EAST_SECTION_INDICATIVE_PATTERN,Y01,27600,07:40:00,45,27645,07:40:45,193,Y01-T2,R-Y01-CCW,UNVERIFIED_DEPOT_ALLOCATION_SOUTH,EAST_SECTION_12_STATIONS_ONLY,INDICATIVE_HEADWAY_SCHEDULE,UNVALIDATED_LACKS_BLOCK_INTERLOCKING_WHOLE_RING,"Covers only 12 East stations (Y29-Y01); lacks whole-ring loop, depot throat tracks, block signals, and interlocking models; short-turn Y22-Y38 incorrectly traverses all 12 stations."
681,TR-CW-008,EMU-CW-09,CLOCKWISE,EAST_SECTION_INDICATIVE_PATTERN,Y37,27616,07:40:16,45,27661,07:41:01,128,Y37-T1,R-Y37-CW,UNVERIFIED_DEPOT_ALLOCATION_SOUTH,EAST_SECTION_12_STATIONS_ONLY,INDICATIVE_HEADWAY_SCHEDULE,UNVALIDATED_LACKS_BLOCK_INTERLOCKING_WHOLE_RING,"Covers only 12 East stations (Y29-Y01); lacks whole-ring loop, depot throat tracks, block signals, and interlocking models."
105,TR-CCW-009,EMU-CCW-10,COUNTERCLOCKWISE,SHORT_TURN_Y22_Y38,Y32,27620,07:40:20,30,27650,07:40:50,72,Y32-T2,R-Y32-CCW,UNVERIFIED_DEPOT_ALLOCATION_EAST,EAST_SECTION_12_STATIONS_ONLY,INDICATIVE_HEADWAY_SCHEDULE,UNVALIDATED_LACKS_BLOCK_INTERLOCKING_WHOLE_RING,"Covers only 12 East stations (Y29-Y01); lacks whole-ring loop, depot throat tracks, block signals, and interlocking models; short-turn Y22-Y38 incorrectly traverses all 12 stations."
723,TR-CW-012,EMU-CW-13,CLOCKWISE,EAST_SECTION_INDICATIVE_PATTERN,Y31,27634,07:40:34,30,27664,07:41:04,72,Y31-T1,R-Y31-CW,UNVERIFIED_DEPOT_ALLOCATION_SOUTH,EAST_SECTION_12_STATIONS_ONLY,INDICATIVE_HEADWAY_SCHEDULE,UNVALIDATED_LACKS_BLOCK_INTERLOCKING_WHOLE_RING,"Covers only 12 East stations (Y29-Y01); lacks whole-ring loop, depot throat tracks, block signals, and interlocking models."
116,TR-CCW-010,EMU-CCW-11,COUNTERCLOCKWISE,EAST_SECTION_INDICATIVE_PATTERN,Y33,27638,07:40:38,45,27683,07:41:23,87,Y33-T2,R-Y33-CCW,UNVERIFIED_DEPOT_ALLOCATION_SOUTH,EAST_SECTION_12_STATIONS_ONLY,INDICATIVE_HEADWAY_SCHEDULE,UNVALIDATED_LACKS_BLOCK_INTERLOCKING_WHOLE_RING,"Covers only 12 East stations (Y29-Y01); lacks whole-ring loop, depot throat tracks, block signals, and interlocking models; short-turn Y22-Y38 incorrectly traverses all 12 stations."
713,TR-CW-011,EMU-CW-12,CLOCKWISE,EAST_SECTION_INDICATIVE_PATTERN,Y33,27655,07:40:55,45,27700,07:41:40,94,Y33-T1,R-Y33-CW,UNVERIFIED_DEPOT_ALLOCATION_SOUTH,EAST_SECTION_12_STATIONS_ONLY,INDICATIVE_HEADWAY_SCHEDULE,UNVALIDATED_LACKS_BLOCK_INTERLOCKING_WHOLE_RING,"Covers only 12 East stations (Y29-Y01); lacks whole-ring loop, depot throat tracks, block signals, and interlocking models."
171,TR-CCW-015,EMU-CCW-16,COUNTERCLOCKWISE,SHORT_TURN_Y22_Y38,Y38,27660,07:41:00,45,27705,07:41:45,128,Y38-T2,R-Y38-CCW,UNVERIFIED_DEPOT_ALLOCATION_EAST,EAST_SECTION_12_STATIONS_ONLY,INDICATIVE_HEADWAY_SCHEDULE,UNVALIDATED_LACKS_BLOCK_INTERLOCKING_WHOLE_RING,"Covers only 12 East stations (Y29-Y01); lacks whole-ring loop, depot throat tracks, block signals, and interlocking models; short-turn Y22-Y38 incorrectly traverses all 12 stations."
84,TR-CCW-007,EMU-CCW-08,COUNTERCLOCKWISE,EAST_SECTION_INDICATIVE_PATTERN,Y29,27663,07:41:03,45,27708,07:41:48,0,Y29-T2,R-Y29-CCW,UNVERIFIED_DEPOT_ALLOCATION_SOUTH,EAST_SECTION_12_STATIONS_ONLY,INDICATIVE_HEADWAY_SCHEDULE,UNVALIDATED_LACKS_BLOCK_INTERLOCKING_WHOLE_RING,"Covers only 12 East stations (Y29-Y01); lacks whole-ring loop, depot throat tracks, block signals, and interlocking models; short-turn Y22-Y38 incorrectly traverses all 12 stations."
149,TR-CCW-013,EMU-CCW-14,COUNTERCLOCKWISE,EAST_SECTION_INDICATIVE_PATTERN,Y36,27663,07:41:03,45,27708,07:41:48,123,Y36-T2,R-Y36-CCW,UNVERIFIED_DEPOT_ALLOCATION_SOUTH,EAST_SECTION_12_STATIONS_ONLY,INDICATIVE_HEADWAY_SCHEDULE,UNVALIDATED_LACKS_BLOCK_INTERLOCKING_WHOLE_RING,"Covers only 12 East stations (Y29-Y01); lacks whole-ring loop, depot throat tracks, block signals, and interlocking models; short-turn Y22-Y38 incorrectly traverses all 12 stations."
127,TR-CCW-011,EMU-CCW-12,COUNTERCLOCKWISE,EAST_SECTION_INDICATIVE_PATTERN,Y34,27664,07:41:04,30,27694,07:41:34,94,Y34-T2,R-Y34-CCW,UNVERIFIED_DEPOT_ALLOCATION_SOUTH,EAST_SECTION_12_STATIONS_ONLY,INDICATIVE_HEADWAY_SCHEDULE,UNVALIDATED_LACKS_BLOCK_INTERLOCKING_WHOLE_RING,"Covers only 12 East stations (Y29-Y01); lacks whole-ring loop, depot throat tracks, block signals, and interlocking models; short-turn Y22-Y38 incorrectly traverses all 12 stations."
138,TR-CCW-012,EMU-CCW-13,COUNTERCLOCKWISE,SHORT_TURN_Y22_Y38,Y35,27681,07:41:21,45,27726,07:42:06,88,Y35-T2,R-Y35-CCW,UNVERIFIED_DEPOT_ALLOCATION_EAST,EAST_SECTION_12_STATIONS_ONLY,INDICATIVE_HEADWAY_SCHEDULE,UNVALIDATED_LACKS_BLOCK_INTERLOCKING_WHOLE_RING,"Covers only 12 East stations (Y29-Y01); lacks whole-ring loop, depot throat tracks, block signals, and interlocking models; short-turn Y22-Y38 incorrectly traverses all 12 stations."
160,TR-CCW-014,EMU-CCW-15,COUNTERCLOCKWISE,EAST_SECTION_INDICATIVE_PATTERN,Y37,27683,07:41:23,45,27728,07:42:08,85,Y37-T2,R-Y37-CCW,UNVERIFIED_DEPOT_ALLOCATION_SOUTH,EAST_SECTION_12_STATIONS_ONLY,INDICATIVE_HEADWAY_SCHEDULE,UNVALIDATED_LACKS_BLOCK_INTERLOCKING_WHOLE_RING,"Covers only 12 East stations (Y29-Y01); lacks whole-ring loop, depot throat tracks, block signals, and interlocking models; short-turn Y22-Y38 incorrectly traverses all 12 stations."
692,TR-CW-009,EMU-CW-10,CLOCKWISE,EAST_SECTION_INDICATIVE_PATTERN,Y36,27684,07:41:24,45,27729,07:42:09,85,Y36-T1,R-Y36-CW,UNVERIFIED_DEPOT_ALLOCATION_SOUTH,EAST_SECTION_12_STATIONS_ONLY,INDICATIVE_HEADWAY_SCHEDULE,UNVALIDATED_LACKS_BLOCK_INTERLOCKING_WHOLE_RING,"Covers only 12 East stations (Y29-Y01); lacks whole-ring loop, depot throat tracks, block signals, and interlocking models."
182,TR-CCW-016,EMU-CCW-17,COUNTERCLOCKWISE,EAST_SECTION_INDICATIVE_PATTERN,Y39,27688,07:41:28,30,27718,07:41:58,92,Y39-T2,R-Y39-CCW,UNVERIFIED_DEPOT_ALLOCATION_SOUTH,EAST_SECTION_12_STATIONS_ONLY,INDICATIVE_HEADWAY_SCHEDULE,UNVALIDATED_LACKS_BLOCK_INTERLOCKING_WHOLE_RING,"Covers only 12 East stations (Y29-Y01); lacks whole-ring loop, depot throat tracks, block signals, and interlocking models; short-turn Y22-Y38 incorrectly traverses all 12 stations."
95,TR-CCW-008,EMU-CCW-09,COUNTERCLOCKWISE,EAST_SECTION_INDICATIVE_PATTERN,Y30,27694,07:41:34,30,27724,07:42:04,89,Y30-T2,R-Y30-CCW,UNVERIFIED_DEPOT_ALLOCATION_SOUTH,EAST_SECTION_12_STATIONS_ONLY,INDICATIVE_HEADWAY_SCHEDULE,UNVALIDATED_LACKS_BLOCK_INTERLOCKING_WHOLE_RING,"Covers only 12 East stations (Y29-Y01); lacks whole-ring loop, depot throat tracks, block signals, and interlocking models; short-turn Y22-Y38 incorrectly traverses all 12 stations."
734,TR-CW-013,EMU-CW-14,CLOCKWISE,EAST_SECTION_INDICATIVE_PATTERN,Y30,27710,07:41:50,30,27740,07:42:20,92,Y30-T1,R-Y30-CW,UNVERIFIED_DEPOT_ALLOCATION_SOUTH,EAST_SECTION_12_STATIONS_ONLY,INDICATIVE_HEADWAY_SCHEDULE,UNVALIDATED_LACKS_BLOCK_INTERLOCKING_WHOLE_RING,"Covers only 12 East stations (Y29-Y01); lacks whole-ring loop, depot throat tracks, block signals, and interlocking models."
703,TR-CW-010,EMU-CW-11,CLOCKWISE,EAST_SECTION_INDICATIVE_PATTERN,Y35,27714,07:41:54,45,27759,07:42:39,123,Y35-T1,R-Y35-CW,UNVERIFIED_DEPOT_ALLOCATION_SOUTH,EAST_SECTION_12_STATIONS_ONLY,INDICATIVE_HEADWAY_SCHEDULE,UNVALIDATED_LACKS_BLOCK_INTERLOCKING_WHOLE_RING,"Covers only 12 East stations (Y29-Y01); lacks whole-ring loop, depot throat tracks, block signals, and interlocking models."
106,TR-CCW-009,EMU-CCW-10,COUNTERCLOCKWISE,SHORT_TURN_Y22_Y38,Y31,27722,07:42:02,30,27752,07:42:32,92,Y31-T2,R-Y31-CCW,UNVERIFIED_DEPOT_ALLOCATION_EAST,EAST_SECTION_12_STATIONS_ONLY,INDICATIVE_HEADWAY_SCHEDULE,UNVALIDATED_LACKS_BLOCK_INTERLOCKING_WHOLE_RING,"Covers only 12 East stations (Y29-Y01); lacks whole-ring loop, depot throat tracks, block signals, and interlocking models; short-turn Y22-Y38 incorrectly traverses all 12 stations."
671,TR-CW-007,EMU-CW-08,CLOCKWISE,EAST_SECTION_INDICATIVE_PATTERN,Y39,27728,07:42:08,30,27758,07:42:38,193,Y39-T1,R-Y39-CW,UNVERIFIED_DEPOT_ALLOCATION_SOUTH,EAST_SECTION_12_STATIONS_ONLY,INDICATIVE_HEADWAY_SCHEDULE,UNVALIDATED_LACKS_BLOCK_INTERLOCKING_WHOLE_RING,"Covers only 12 East stations (Y29-Y01); lacks whole-ring loop, depot throat tracks, block signals, and interlocking models."
724,TR-CW-012,EMU-CW-13,CLOCKWISE,EAST_SECTION_INDICATIVE_PATTERN,Y32,27736,07:42:16,30,27766,07:42:46,87,Y32-T1,R-Y32-CW,UNVERIFIED_DEPOT_ALLOCATION_SOUTH,EAST_SECTION_12_STATIONS_ONLY,INDICATIVE_HEADWAY_SCHEDULE,UNVALIDATED_LACKS_BLOCK_INTERLOCKING_WHOLE_RING,"Covers only 12 East stations (Y29-Y01); lacks whole-ring loop, depot throat tracks, block signals, and interlocking models."
205,TR-CCW-018,EMU-CCW-19,COUNTERCLOCKWISE,SHORT_TURN_Y22_Y38,Y01,27750,07:42:30,45,27795,07:43:15,193,Y01-T2,R-Y01-CCW,UNVERIFIED_DEPOT_ALLOCATION_EAST,EAST_SECTION_12_STATIONS_ONLY,INDICATIVE_HEADWAY_SCHEDULE,UNVALIDATED_LACKS_BLOCK_INTERLOCKING_WHOLE_RING,"Covers only 12 East stations (Y29-Y01); lacks whole-ring loop, depot throat tracks, block signals, and interlocking models; short-turn Y22-Y38 incorrectly traverses all 12 stations."
660,TR-CW-006,EMU-CW-07,CLOCKWISE,EAST_SECTION_INDICATIVE_PATTERN,Y01,27753,07:42:33,45,27798,07:43:18,0,Y01-T1,R-Y01-CW,UNVERIFIED_DEPOT_ALLOCATION_SOUTH,EAST_SECTION_12_STATIONS_ONLY,INDICATIVE_HEADWAY_SCHEDULE,UNVALIDATED_LACKS_BLOCK_INTERLOCKING_WHOLE_RING,"Covers only 12 East stations (Y29-Y01); lacks whole-ring loop, depot throat tracks, block signals, and interlocking models."
117,TR-CCW-010,EMU-CCW-11,COUNTERCLOCKWISE,EAST_SECTION_INDICATIVE_PATTERN,Y32,27770,07:42:50,30,27800,07:43:20,72,Y32-T2,R-Y32-CCW,UNVERIFIED_DEPOT_ALLOCATION_SOUTH,EAST_SECTION_12_STATIONS_ONLY,INDICATIVE_HEADWAY_SCHEDULE,UNVALIDATED_LACKS_BLOCK_INTERLOCKING_WHOLE_RING,"Covers only 12 East stations (Y29-Y01); lacks whole-ring loop, depot throat tracks, block signals, and interlocking models; short-turn Y22-Y38 incorrectly traverses all 12 stations."
745,TR-CW-014,EMU-CW-15,CLOCKWISE,EAST_SECTION_INDICATIVE_PATTERN,Y29,27774,07:42:54,45,27819,07:43:39,89,Y29-T1,R-Y29-CW,UNVERIFIED_DEPOT_ALLOCATION_SOUTH,EAST_SECTION_12_STATIONS_ONLY,INDICATIVE_HEADWAY_SCHEDULE,UNVALIDATED_LACKS_BLOCK_INTERLOCKING_WHOLE_RING,"Covers only 12 East stations (Y29-Y01); lacks whole-ring loop, depot throat tracks, block signals, and interlocking models."
128,TR-CCW-011,EMU-CCW-12,COUNTERCLOCKWISE,EAST_SECTION_INDICATIVE_PATTERN,Y33,27788,07:43:08,45,27833,07:43:53,87,Y33-T2,R-Y33-CCW,UNVERIFIED_DEPOT_ALLOCATION_SOUTH,EAST_SECTION_12_STATIONS_ONLY,INDICATIVE_HEADWAY_SCHEDULE,UNVALIDATED_LACKS_BLOCK_INTERLOCKING_WHOLE_RING,"Covers only 12 East stations (Y29-Y01); lacks whole-ring loop, depot throat tracks, block signals, and interlocking models; short-turn Y22-Y38 incorrectly traverses all 12 stations."
682,TR-CW-008,EMU-CW-09,CLOCKWISE,EAST_SECTION_INDICATIVE_PATTERN,Y38,27789,07:43:09,45,27834,07:43:54,92,Y38-T1,R-Y38-CW,UNVERIFIED_DEPOT_ALLOCATION_SOUTH,EAST_SECTION_12_STATIONS_ONLY,INDICATIVE_HEADWAY_SCHEDULE,UNVALIDATED_LACKS_BLOCK_INTERLOCKING_WHOLE_RING,"Covers only 12 East stations (Y29-Y01); lacks whole-ring loop, depot throat tracks, block signals, and interlocking models."
714,TR-CW-011,EMU-CW-12,CLOCKWISE,EAST_SECTION_INDICATIVE_PATTERN,Y34,27794,07:43:14,30,27824,07:43:44,88,Y34-T1,R-Y34-CW,UNVERIFIED_DEPOT_ALLOCATION_SOUTH,EAST_SECTION_12_STATIONS_ONLY,INDICATIVE_HEADWAY_SCHEDULE,UNVALIDATED_LACKS_BLOCK_INTERLOCKING_WHOLE_RING,"Covers only 12 East stations (Y29-Y01); lacks whole-ring loop, depot throat tracks, block signals, and interlocking models."
183,TR-CCW-016,EMU-CCW-17,COUNTERCLOCKWISE,EAST_SECTION_INDICATIVE_PATTERN,Y38,27810,07:43:30,45,27855,07:44:15,128,Y38-T2,R-Y38-CCW,UNVERIFIED_DEPOT_ALLOCATION_SOUTH,EAST_SECTION_12_STATIONS_ONLY,INDICATIVE_HEADWAY_SCHEDULE,UNVALIDATED_LACKS_BLOCK_INTERLOCKING_WHOLE_RING,"Covers only 12 East stations (Y29-Y01); lacks whole-ring loop, depot throat tracks, block signals, and interlocking models; short-turn Y22-Y38 incorrectly traverses all 12 stations."
96,TR-CCW-008,EMU-CCW-09,COUNTERCLOCKWISE,EAST_SECTION_INDICATIVE_PATTERN,Y29,27813,07:43:33,45,27858,07:44:18,0,Y29-T2,R-Y29-CCW,UNVERIFIED_DEPOT_ALLOCATION_SOUTH,EAST_SECTION_12_STATIONS_ONLY,INDICATIVE_HEADWAY_SCHEDULE,UNVALIDATED_LACKS_BLOCK_INTERLOCKING_WHOLE_RING,"Covers only 12 East stations (Y29-Y01); lacks whole-ring loop, depot throat tracks, block signals, and interlocking models; short-turn Y22-Y38 incorrectly traverses all 12 stations."
161,TR-CCW-014,EMU-CCW-15,COUNTERCLOCKWISE,EAST_SECTION_INDICATIVE_PATTERN,Y36,27813,07:43:33,45,27858,07:44:18,123,Y36-T2,R-Y36-CCW,UNVERIFIED_DEPOT_ALLOCATION_SOUTH,EAST_SECTION_12_STATIONS_ONLY,INDICATIVE_HEADWAY_SCHEDULE,UNVALIDATED_LACKS_BLOCK_INTERLOCKING_WHOLE_RING,"Covers only 12 East stations (Y29-Y01); lacks whole-ring loop, depot throat tracks, block signals, and interlocking models; short-turn Y22-Y38 incorrectly traverses all 12 stations."
139,TR-CCW-012,EMU-CCW-13,COUNTERCLOCKWISE,SHORT_TURN_Y22_Y38,Y34,27814,07:43:34,30,27844,07:44:04,94,Y34-T2,R-Y34-CCW,UNVERIFIED_DEPOT_ALLOCATION_EAST,EAST_SECTION_12_STATIONS_ONLY,INDICATIVE_HEADWAY_SCHEDULE,UNVALIDATED_LACKS_BLOCK_INTERLOCKING_WHOLE_RING,"Covers only 12 East stations (Y29-Y01); lacks whole-ring loop, depot throat tracks, block signals, and interlocking models; short-turn Y22-Y38 incorrectly traverses all 12 stations."
693,TR-CW-009,EMU-CW-10,CLOCKWISE,EAST_SECTION_INDICATIVE_PATTERN,Y37,27814,07:43:34,45,27859,07:44:19,128,Y37-T1,R-Y37-CW,UNVERIFIED_DEPOT_ALLOCATION_SOUTH,EAST_SECTION_12_STATIONS_ONLY,INDICATIVE_HEADWAY_SCHEDULE,UNVALIDATED_LACKS_BLOCK_INTERLOCKING_WHOLE_RING,"Covers only 12 East stations (Y29-Y01); lacks whole-ring loop, depot throat tracks, block signals, and interlocking models."
150,TR-CCW-013,EMU-CCW-14,COUNTERCLOCKWISE,EAST_SECTION_INDICATIVE_PATTERN,Y35,27831,07:43:51,45,27876,07:44:36,88,Y35-T2,R-Y35-CCW,UNVERIFIED_DEPOT_ALLOCATION_SOUTH,EAST_SECTION_12_STATIONS_ONLY,INDICATIVE_HEADWAY_SCHEDULE,UNVALIDATED_LACKS_BLOCK_INTERLOCKING_WHOLE_RING,"Covers only 12 East stations (Y29-Y01); lacks whole-ring loop, depot throat tracks, block signals, and interlocking models; short-turn Y22-Y38 incorrectly traverses all 12 stations."
735,TR-CW-013,EMU-CW-14,CLOCKWISE,EAST_SECTION_INDICATIVE_PATTERN,Y31,27832,07:43:52,30,27862,07:44:22,72,Y31-T1,R-Y31-CW,UNVERIFIED_DEPOT_ALLOCATION_SOUTH,EAST_SECTION_12_STATIONS_ONLY,INDICATIVE_HEADWAY_SCHEDULE,UNVALIDATED_LACKS_BLOCK_INTERLOCKING_WHOLE_RING,"Covers only 12 East stations (Y29-Y01); lacks whole-ring loop, depot throat tracks, block signals, and interlocking models."
172,TR-CCW-015,EMU-CCW-16,COUNTERCLOCKWISE,SHORT_TURN_Y22_Y38,Y37,27833,07:43:53,45,27878,07:44:38,85,Y37-T2,R-Y37-CCW,UNVERIFIED_DEPOT_ALLOCATION_EAST,EAST_SECTION_12_STATIONS_ONLY,INDICATIVE_HEADWAY_SCHEDULE,UNVALIDATED_LACKS_BLOCK_INTERLOCKING_WHOLE_RING,"Covers only 12 East stations (Y29-Y01); lacks whole-ring loop, depot throat tracks, block signals, and interlocking models; short-turn Y22-Y38 incorrectly traverses all 12 stations."
194,TR-CCW-017,EMU-CCW-18,COUNTERCLOCKWISE,EAST_SECTION_INDICATIVE_PATTERN,Y39,27838,07:43:58,30,27868,07:44:28,92,Y39-T2,R-Y39-CCW,UNVERIFIED_DEPOT_ALLOCATION_SOUTH,EAST_SECTION_12_STATIONS_ONLY,INDICATIVE_HEADWAY_SCHEDULE,UNVALIDATED_LACKS_BLOCK_INTERLOCKING_WHOLE_RING,"Covers only 12 East stations (Y29-Y01); lacks whole-ring loop, depot throat tracks, block signals, and interlocking models; short-turn Y22-Y38 incorrectly traverses all 12 stations."
107,TR-CCW-009,EMU-CCW-10,COUNTERCLOCKWISE,SHORT_TURN_Y22_Y38,Y30,27844,07:44:04,30,27874,07:44:34,89,Y30-T2,R-Y30-CCW,UNVERIFIED_DEPOT_ALLOCATION_EAST,EAST_SECTION_12_STATIONS_ONLY,INDICATIVE_HEADWAY_SCHEDULE,UNVALIDATED_LACKS_BLOCK_INTERLOCKING_WHOLE_RING,"Covers only 12 East stations (Y29-Y01); lacks whole-ring loop, depot throat tracks, block signals, and interlocking models; short-turn Y22-Y38 incorrectly traverses all 12 stations."
725,TR-CW-012,EMU-CW-13,CLOCKWISE,EAST_SECTION_INDICATIVE_PATTERN,Y33,27853,07:44:13,45,27898,07:44:58,94,Y33-T1,R-Y33-CW,UNVERIFIED_DEPOT_ALLOCATION_SOUTH,EAST_SECTION_12_STATIONS_ONLY,INDICATIVE_HEADWAY_SCHEDULE,UNVALIDATED_LACKS_BLOCK_INTERLOCKING_WHOLE_RING,"Covers only 12 East stations (Y29-Y01); lacks whole-ring loop, depot throat tracks, block signals, and interlocking models."
118,TR-CCW-010,EMU-CCW-11,COUNTERCLOCKWISE,EAST_SECTION_INDICATIVE_PATTERN,Y31,27872,07:44:32,30,27902,07:45:02,92,Y31-T2,R-Y31-CCW,UNVERIFIED_DEPOT_ALLOCATION_SOUTH,EAST_SECTION_12_STATIONS_ONLY,INDICATIVE_HEADWAY_SCHEDULE,UNVALIDATED_LACKS_BLOCK_INTERLOCKING_WHOLE_RING,"Covers only 12 East stations (Y29-Y01); lacks whole-ring loop, depot throat tracks, block signals, and interlocking models; short-turn Y22-Y38 incorrectly traverses all 12 stations."
704,TR-CW-010,EMU-CW-11,CLOCKWISE,EAST_SECTION_INDICATIVE_PATTERN,Y36,27882,07:44:42,45,27927,07:45:27,85,Y36-T1,R-Y36-CW,UNVERIFIED_DEPOT_ALLOCATION_SOUTH,EAST_SECTION_12_STATIONS_ONLY,INDICATIVE_HEADWAY_SCHEDULE,UNVALIDATED_LACKS_BLOCK_INTERLOCKING_WHOLE_RING,"Covers only 12 East stations (Y29-Y01); lacks whole-ring loop, depot throat tracks, block signals, and interlocking models."
217,TR-CCW-019,EMU-CCW-20,COUNTERCLOCKWISE,EAST_SECTION_INDICATIVE_PATTERN,Y01,27900,07:45:00,45,27945,07:45:45,193,Y01-T2,R-Y01-CCW,UNVERIFIED_DEPOT_ALLOCATION_SOUTH,EAST_SECTION_12_STATIONS_ONLY,INDICATIVE_HEADWAY_SCHEDULE,UNVALIDATED_LACKS_BLOCK_INTERLOCKING_WHOLE_RING,"Covers only 12 East stations (Y29-Y01); lacks whole-ring loop, depot throat tracks, block signals, and interlocking models; short-turn Y22-Y38 incorrectly traverses all 12 stations."
746,TR-CW-014,EMU-CW-15,CLOCKWISE,EAST_SECTION_INDICATIVE_PATTERN,Y30,27908,07:45:08,30,27938,07:45:38,92,Y30-T1,R-Y30-CW,UNVERIFIED_DEPOT_ALLOCATION_SOUTH,EAST_SECTION_12_STATIONS_ONLY,INDICATIVE_HEADWAY_SCHEDULE,UNVALIDATED_LACKS_BLOCK_INTERLOCKING_WHOLE_RING,"Covers only 12 East stations (Y29-Y01); lacks whole-ring loop, depot throat tracks, block signals, and interlocking models."
715,TR-CW-011,EMU-CW-12,CLOCKWISE,EAST_SECTION_INDICATIVE_PATTERN,Y35,27912,07:45:12,45,27957,07:45:57,123,Y35-T1,R-Y35-CW,UNVERIFIED_DEPOT_ALLOCATION_SOUTH,EAST_SECTION_12_STATIONS_ONLY,INDICATIVE_HEADWAY_SCHEDULE,UNVALIDATED_LACKS_BLOCK_INTERLOCKING_WHOLE_RING,"Covers only 12 East stations (Y29-Y01); lacks whole-ring loop, depot throat tracks, block signals, and interlocking models."
129,TR-CCW-011,EMU-CCW-12,COUNTERCLOCKWISE,EAST_SECTION_INDICATIVE_PATTERN,Y32,27920,07:45:20,30,27950,07:45:50,72,Y32-T2,R-Y32-CCW,UNVERIFIED_DEPOT_ALLOCATION_SOUTH,EAST_SECTION_12_STATIONS_ONLY,INDICATIVE_HEADWAY_SCHEDULE,UNVALIDATED_LACKS_BLOCK_INTERLOCKING_WHOLE_RING,"Covers only 12 East stations (Y29-Y01); lacks whole-ring loop, depot throat tracks, block signals, and interlocking models; short-turn Y22-Y38 incorrectly traverses all 12 stations."
683,TR-CW-008,EMU-CW-09,CLOCKWISE,EAST_SECTION_INDICATIVE_PATTERN,Y39,27926,07:45:26,30,27956,07:45:56,193,Y39-T1,R-Y39-CW,UNVERIFIED_DEPOT_ALLOCATION_SOUTH,EAST_SECTION_12_STATIONS_ONLY,INDICATIVE_HEADWAY_SCHEDULE,UNVALIDATED_LACKS_BLOCK_INTERLOCKING_WHOLE_RING,"Covers only 12 East stations (Y29-Y01); lacks whole-ring loop, depot throat tracks, block signals, and interlocking models."
736,TR-CW-013,EMU-CW-14,CLOCKWISE,EAST_SECTION_INDICATIVE_PATTERN,Y32,27934,07:45:34,30,27964,07:46:04,87,Y32-T1,R-Y32-CW,UNVERIFIED_DEPOT_ALLOCATION_SOUTH,EAST_SECTION_12_STATIONS_ONLY,INDICATIVE_HEADWAY_SCHEDULE,UNVALIDATED_LACKS_BLOCK_INTERLOCKING_WHOLE_RING,"Covers only 12 East stations (Y29-Y01); lacks whole-ring loop, depot throat tracks, block signals, and interlocking models."
140,TR-CCW-012,EMU-CCW-13,COUNTERCLOCKWISE,SHORT_TURN_Y22_Y38,Y33,27938,07:45:38,45,27983,07:46:23,87,Y33-T2,R-Y33-CCW,UNVERIFIED_DEPOT_ALLOCATION_EAST,EAST_SECTION_12_STATIONS_ONLY,INDICATIVE_HEADWAY_SCHEDULE,UNVALIDATED_LACKS_BLOCK_INTERLOCKING_WHOLE_RING,"Covers only 12 East stations (Y29-Y01); lacks whole-ring loop, depot throat tracks, block signals, and interlocking models; short-turn Y22-Y38 incorrectly traverses all 12 stations."
672,TR-CW-007,EMU-CW-08,CLOCKWISE,EAST_SECTION_INDICATIVE_PATTERN,Y01,27951,07:45:51,45,27996,07:46:36,0,Y01-T1,R-Y01-CW,UNVERIFIED_DEPOT_ALLOCATION_SOUTH,EAST_SECTION_12_STATIONS_ONLY,INDICATIVE_HEADWAY_SCHEDULE,UNVALIDATED_LACKS_BLOCK_INTERLOCKING_WHOLE_RING,"Covers only 12 East stations (Y29-Y01); lacks whole-ring loop, depot throat tracks, block signals, and interlocking models."
195,TR-CCW-017,EMU-CCW-18,COUNTERCLOCKWISE,EAST_SECTION_INDICATIVE_PATTERN,Y38,27960,07:46:00,45,28005,07:46:45,128,Y38-T2,R-Y38-CCW,UNVERIFIED_DEPOT_ALLOCATION_SOUTH,EAST_SECTION_12_STATIONS_ONLY,INDICATIVE_HEADWAY_SCHEDULE,UNVALIDATED_LACKS_BLOCK_INTERLOCKING_WHOLE_RING,"Covers only 12 East stations (Y29-Y01); lacks whole-ring loop, depot throat tracks, block signals, and interlocking models; short-turn Y22-Y38 incorrectly traverses all 12 stations."
108,TR-CCW-009,EMU-CCW-10,COUNTERCLOCKWISE,SHORT_TURN_Y22_Y38,Y29,27963,07:46:03,45,28008,07:46:48,0,Y29-T2,R-Y29-CCW,UNVERIFIED_DEPOT_ALLOCATION_EAST,EAST_SECTION_12_STATIONS_ONLY,INDICATIVE_HEADWAY_SCHEDULE,UNVALIDATED_LACKS_BLOCK_INTERLOCKING_WHOLE_RING,"Covers only 12 East stations (Y29-Y01); lacks whole-ring loop, depot throat tracks, block signals, and interlocking models; short-turn Y22-Y38 incorrectly traverses all 12 stations."
173,TR-CCW-015,EMU-CCW-16,COUNTERCLOCKWISE,SHORT_TURN_Y22_Y38,Y36,27963,07:46:03,45,28008,07:46:48,123,Y36-T2,R-Y36-CCW,UNVERIFIED_DEPOT_ALLOCATION_EAST,EAST_SECTION_12_STATIONS_ONLY,INDICATIVE_HEADWAY_SCHEDULE,UNVALIDATED_LACKS_BLOCK_INTERLOCKING_WHOLE_RING,"Covers only 12 East stations (Y29-Y01); lacks whole-ring loop, depot throat tracks, block signals, and interlocking models; short-turn Y22-Y38 incorrectly traverses all 12 stations."
151,TR-CCW-013,EMU-CCW-14,COUNTERCLOCKWISE,EAST_SECTION_INDICATIVE_PATTERN,Y34,27964,07:46:04,30,27994,07:46:34,94,Y34-T2,R-Y34-CCW,UNVERIFIED_DEPOT_ALLOCATION_SOUTH,EAST_SECTION_12_STATIONS_ONLY,INDICATIVE_HEADWAY_SCHEDULE,UNVALIDATED_LACKS_BLOCK_INTERLOCKING_WHOLE_RING,"Covers only 12 East stations (Y29-Y01); lacks whole-ring loop, depot throat tracks, block signals, and interlocking models; short-turn Y22-Y38 incorrectly traverses all 12 stations."
757,TR-CW-015,EMU-CW-16,CLOCKWISE,EAST_SECTION_INDICATIVE_PATTERN,Y29,27972,07:46:12,45,28017,07:46:57,89,Y29-T1,R-Y29-CW,UNVERIFIED_DEPOT_ALLOCATION_SOUTH,EAST_SECTION_12_STATIONS_ONLY,INDICATIVE_HEADWAY_SCHEDULE,UNVALIDATED_LACKS_BLOCK_INTERLOCKING_WHOLE_RING,"Covers only 12 East stations (Y29-Y01); lacks whole-ring loop, depot throat tracks, block signals, and interlocking models."
162,TR-CCW-014,EMU-CCW-15,COUNTERCLOCKWISE,EAST_SECTION_INDICATIVE_PATTERN,Y35,27981,07:46:21,45,28026,07:47:06,88,Y35-T2,R-Y35-CCW,UNVERIFIED_DEPOT_ALLOCATION_SOUTH,EAST_SECTION_12_STATIONS_ONLY,INDICATIVE_HEADWAY_SCHEDULE,UNVALIDATED_LACKS_BLOCK_INTERLOCKING_WHOLE_RING,"Covers only 12 East stations (Y29-Y01); lacks whole-ring loop, depot throat tracks, block signals, and interlocking models; short-turn Y22-Y38 incorrectly traverses all 12 stations."
184,TR-CCW-016,EMU-CCW-17,COUNTERCLOCKWISE,EAST_SECTION_INDICATIVE_PATTERN,Y37,27983,07:46:23,45,28028,07:47:08,85,Y37-T2,R-Y37-CCW,UNVERIFIED_DEPOT_ALLOCATION_SOUTH,EAST_SECTION_12_STATIONS_ONLY,INDICATIVE_HEADWAY_SCHEDULE,UNVALIDATED_LACKS_BLOCK_INTERLOCKING_WHOLE_RING,"Covers only 12 East stations (Y29-Y01); lacks whole-ring loop, depot throat tracks, block signals, and interlocking models; short-turn Y22-Y38 incorrectly traverses all 12 stations."
694,TR-CW-009,EMU-CW-10,CLOCKWISE,EAST_SECTION_INDICATIVE_PATTERN,Y38,27987,07:46:27,45,28032,07:47:12,92,Y38-T1,R-Y38-CW,UNVERIFIED_DEPOT_ALLOCATION_SOUTH,EAST_SECTION_12_STATIONS_ONLY,INDICATIVE_HEADWAY_SCHEDULE,UNVALIDATED_LACKS_BLOCK_INTERLOCKING_WHOLE_RING,"Covers only 12 East stations (Y29-Y01); lacks whole-ring loop, depot throat tracks, block signals, and interlocking models."
206,TR-CCW-018,EMU-CCW-19,COUNTERCLOCKWISE,SHORT_TURN_Y22_Y38,Y39,27988,07:46:28,30,28018,07:46:58,92,Y39-T2,R-Y39-CCW,UNVERIFIED_DEPOT_ALLOCATION_EAST,EAST_SECTION_12_STATIONS_ONLY,INDICATIVE_HEADWAY_SCHEDULE,UNVALIDATED_LACKS_BLOCK_INTERLOCKING_WHOLE_RING,"Covers only 12 East stations (Y29-Y01); lacks whole-ring loop, depot throat tracks, block signals, and interlocking models; short-turn Y22-Y38 incorrectly traverses all 12 stations."
726,TR-CW-012,EMU-CW-13,CLOCKWISE,EAST_SECTION_INDICATIVE_PATTERN,Y34,27992,07:46:32,30,28022,07:47:02,88,Y34-T1,R-Y34-CW,UNVERIFIED_DEPOT_ALLOCATION_SOUTH,EAST_SECTION_12_STATIONS_ONLY,INDICATIVE_HEADWAY_SCHEDULE,UNVALIDATED_LACKS_BLOCK_INTERLOCKING_WHOLE_RING,"Covers only 12 East stations (Y29-Y01); lacks whole-ring loop, depot throat tracks, block signals, and interlocking models."
119,TR-CCW-010,EMU-CCW-11,COUNTERCLOCKWISE,EAST_SECTION_INDICATIVE_PATTERN,Y30,27994,07:46:34,30,28024,07:47:04,89,Y30-T2,R-Y30-CCW,UNVERIFIED_DEPOT_ALLOCATION_SOUTH,EAST_SECTION_12_STATIONS_ONLY,INDICATIVE_HEADWAY_SCHEDULE,UNVALIDATED_LACKS_BLOCK_INTERLOCKING_WHOLE_RING,"Covers only 12 East stations (Y29-Y01); lacks whole-ring loop, depot throat tracks, block signals, and interlocking models; short-turn Y22-Y38 incorrectly traverses all 12 stations."
705,TR-CW-010,EMU-CW-11,CLOCKWISE,EAST_SECTION_INDICATIVE_PATTERN,Y37,28012,07:46:52,45,28057,07:47:37,128,Y37-T1,R-Y37-CW,UNVERIFIED_DEPOT_ALLOCATION_SOUTH,EAST_SECTION_12_STATIONS_ONLY,INDICATIVE_HEADWAY_SCHEDULE,UNVALIDATED_LACKS_BLOCK_INTERLOCKING_WHOLE_RING,"Covers only 12 East stations (Y29-Y01); lacks whole-ring loop, depot throat tracks, block signals, and interlocking models."
130,TR-CCW-011,EMU-CCW-12,COUNTERCLOCKWISE,EAST_SECTION_INDICATIVE_PATTERN,Y31,28022,07:47:02,30,28052,07:47:32,92,Y31-T2,R-Y31-CCW,UNVERIFIED_DEPOT_ALLOCATION_SOUTH,EAST_SECTION_12_STATIONS_ONLY,INDICATIVE_HEADWAY_SCHEDULE,UNVALIDATED_LACKS_BLOCK_INTERLOCKING_WHOLE_RING,"Covers only 12 East stations (Y29-Y01); lacks whole-ring loop, depot throat tracks, block signals, and interlocking models; short-turn Y22-Y38 incorrectly traverses all 12 stations."
747,TR-CW-014,EMU-CW-15,CLOCKWISE,EAST_SECTION_INDICATIVE_PATTERN,Y31,28030,07:47:10,30,28060,07:47:40,72,Y31-T1,R-Y31-CW,UNVERIFIED_DEPOT_ALLOCATION_SOUTH,EAST_SECTION_12_STATIONS_ONLY,INDICATIVE_HEADWAY_SCHEDULE,UNVALIDATED_LACKS_BLOCK_INTERLOCKING_WHOLE_RING,"Covers only 12 East stations (Y29-Y01); lacks whole-ring loop, depot throat tracks, block signals, and interlocking models."
229,TR-CCW-020,EMU-CCW-21,COUNTERCLOCKWISE,EAST_SECTION_INDICATIVE_PATTERN,Y01,28050,07:47:30,45,28095,07:48:15,193,Y01-T2,R-Y01-CCW,UNVERIFIED_DEPOT_ALLOCATION_SOUTH,EAST_SECTION_12_STATIONS_ONLY,INDICATIVE_HEADWAY_SCHEDULE,UNVALIDATED_LACKS_BLOCK_INTERLOCKING_WHOLE_RING,"Covers only 12 East stations (Y29-Y01); lacks whole-ring loop, depot throat tracks, block signals, and interlocking models; short-turn Y22-Y38 incorrectly traverses all 12 stations."
737,TR-CW-013,EMU-CW-14,CLOCKWISE,EAST_SECTION_INDICATIVE_PATTERN,Y33,28051,07:47:31,45,28096,07:48:16,94,Y33-T1,R-Y33-CW,UNVERIFIED_DEPOT_ALLOCATION_SOUTH,EAST_SECTION_12_STATIONS_ONLY,INDICATIVE_HEADWAY_SCHEDULE,UNVALIDATED_LACKS_BLOCK_INTERLOCKING_WHOLE_RING,"Covers only 12 East stations (Y29-Y01); lacks whole-ring loop, depot throat tracks, block signals, and interlocking models."
141,TR-CCW-012,EMU-CCW-13,COUNTERCLOCKWISE,SHORT_TURN_Y22_Y38,Y32,28070,07:47:50,30,28100,07:48:20,72,Y32-T2,R-Y32-CCW,UNVERIFIED_DEPOT_ALLOCATION_EAST,EAST_SECTION_12_STATIONS_ONLY,INDICATIVE_HEADWAY_SCHEDULE,UNVALIDATED_LACKS_BLOCK_INTERLOCKING_WHOLE_RING,"Covers only 12 East stations (Y29-Y01); lacks whole-ring loop, depot throat tracks, block signals, and interlocking models; short-turn Y22-Y38 incorrectly traverses all 12 stations."
716,TR-CW-011,EMU-CW-12,CLOCKWISE,EAST_SECTION_INDICATIVE_PATTERN,Y36,28080,07:48:00,45,28125,07:48:45,85,Y36-T1,R-Y36-CW,UNVERIFIED_DEPOT_ALLOCATION_SOUTH,EAST_SECTION_12_STATIONS_ONLY,INDICATIVE_HEADWAY_SCHEDULE,UNVALIDATED_LACKS_BLOCK_INTERLOCKING_WHOLE_RING,"Covers only 12 East stations (Y29-Y01); lacks whole-ring loop, depot throat tracks, block signals, and interlocking models."
152,TR-CCW-013,EMU-CCW-14,COUNTERCLOCKWISE,EAST_SECTION_INDICATIVE_PATTERN,Y33,28088,07:48:08,45,28133,07:48:53,87,Y33-T2,R-Y33-CCW,UNVERIFIED_DEPOT_ALLOCATION_SOUTH,EAST_SECTION_12_STATIONS_ONLY,INDICATIVE_HEADWAY_SCHEDULE,UNVALIDATED_LACKS_BLOCK_INTERLOCKING_WHOLE_RING,"Covers only 12 East stations (Y29-Y01); lacks whole-ring loop, depot throat tracks, block signals, and interlocking models; short-turn Y22-Y38 incorrectly traverses all 12 stations."
758,TR-CW-015,EMU-CW-16,CLOCKWISE,EAST_SECTION_INDICATIVE_PATTERN,Y30,28106,07:48:26,30,28136,07:48:56,92,Y30-T1,R-Y30-CW,UNVERIFIED_DEPOT_ALLOCATION_SOUTH,EAST_SECTION_12_STATIONS_ONLY,INDICATIVE_HEADWAY_SCHEDULE,UNVALIDATED_LACKS_BLOCK_INTERLOCKING_WHOLE_RING,"Covers only 12 East stations (Y29-Y01); lacks whole-ring loop, depot throat tracks, block signals, and interlocking models."
207,TR-CCW-018,EMU-CCW-19,COUNTERCLOCKWISE,SHORT_TURN_Y22_Y38,Y38,28110,07:48:30,45,28155,07:49:15,128,Y38-T2,R-Y38-CCW,UNVERIFIED_DEPOT_ALLOCATION_EAST,EAST_SECTION_12_STATIONS_ONLY,INDICATIVE_HEADWAY_SCHEDULE,UNVALIDATED_LACKS_BLOCK_INTERLOCKING_WHOLE_RING,"Covers only 12 East stations (Y29-Y01); lacks whole-ring loop, depot throat tracks, block signals, and interlocking models; short-turn Y22-Y38 incorrectly traverses all 12 stations."
727,TR-CW-012,EMU-CW-13,CLOCKWISE,EAST_SECTION_INDICATIVE_PATTERN,Y35,28110,07:48:30,45,28155,07:49:15,123,Y35-T1,R-Y35-CW,UNVERIFIED_DEPOT_ALLOCATION_SOUTH,EAST_SECTION_12_STATIONS_ONLY,INDICATIVE_HEADWAY_SCHEDULE,UNVALIDATED_LACKS_BLOCK_INTERLOCKING_WHOLE_RING,"Covers only 12 East stations (Y29-Y01); lacks whole-ring loop, depot throat tracks, block signals, and interlocking models."
120,TR-CCW-010,EMU-CCW-11,COUNTERCLOCKWISE,EAST_SECTION_INDICATIVE_PATTERN,Y29,28113,07:48:33,45,28158,07:49:18,0,Y29-T2,R-Y29-CCW,UNVERIFIED_DEPOT_ALLOCATION_SOUTH,EAST_SECTION_12_STATIONS_ONLY,INDICATIVE_HEADWAY_SCHEDULE,UNVALIDATED_LACKS_BLOCK_INTERLOCKING_WHOLE_RING,"Covers only 12 East stations (Y29-Y01); lacks whole-ring loop, depot throat tracks, block signals, and interlocking models; short-turn Y22-Y38 incorrectly traverses all 12 stations."
185,TR-CCW-016,EMU-CCW-17,COUNTERCLOCKWISE,EAST_SECTION_INDICATIVE_PATTERN,Y36,28113,07:48:33,45,28158,07:49:18,123,Y36-T2,R-Y36-CCW,UNVERIFIED_DEPOT_ALLOCATION_SOUTH,EAST_SECTION_12_STATIONS_ONLY,INDICATIVE_HEADWAY_SCHEDULE,UNVALIDATED_LACKS_BLOCK_INTERLOCKING_WHOLE_RING,"Covers only 12 East stations (Y29-Y01); lacks whole-ring loop, depot throat tracks, block signals, and interlocking models; short-turn Y22-Y38 incorrectly traverses all 12 stations."
163,TR-CCW-014,EMU-CCW-15,COUNTERCLOCKWISE,EAST_SECTION_INDICATIVE_PATTERN,Y34,28114,07:48:34,30,28144,07:49:04,94,Y34-T2,R-Y34-CCW,UNVERIFIED_DEPOT_ALLOCATION_SOUTH,EAST_SECTION_12_STATIONS_ONLY,INDICATIVE_HEADWAY_SCHEDULE,UNVALIDATED_LACKS_BLOCK_INTERLOCKING_WHOLE_RING,"Covers only 12 East stations (Y29-Y01); lacks whole-ring loop, depot throat tracks, block signals, and interlocking models; short-turn Y22-Y38 incorrectly traverses all 12 stations."
695,TR-CW-009,EMU-CW-10,CLOCKWISE,EAST_SECTION_INDICATIVE_PATTERN,Y39,28124,07:48:44,30,28154,07:49:14,193,Y39-T1,R-Y39-CW,UNVERIFIED_DEPOT_ALLOCATION_SOUTH,EAST_SECTION_12_STATIONS_ONLY,INDICATIVE_HEADWAY_SCHEDULE,UNVALIDATED_LACKS_BLOCK_INTERLOCKING_WHOLE_RING,"Covers only 12 East stations (Y29-Y01); lacks whole-ring loop, depot throat tracks, block signals, and interlocking models."
174,TR-CCW-015,EMU-CCW-16,COUNTERCLOCKWISE,SHORT_TURN_Y22_Y38,Y35,28131,07:48:51,45,28176,07:49:36,88,Y35-T2,R-Y35-CCW,UNVERIFIED_DEPOT_ALLOCATION_EAST,EAST_SECTION_12_STATIONS_ONLY,INDICATIVE_HEADWAY_SCHEDULE,UNVALIDATED_LACKS_BLOCK_INTERLOCKING_WHOLE_RING,"Covers only 12 East stations (Y29-Y01); lacks whole-ring loop, depot throat tracks, block signals, and interlocking models; short-turn Y22-Y38 incorrectly traverses all 12 stations."
748,TR-CW-014,EMU-CW-15,CLOCKWISE,EAST_SECTION_INDICATIVE_PATTERN,Y32,28132,07:48:52,30,28162,07:49:22,87,Y32-T1,R-Y32-CW,UNVERIFIED_DEPOT_ALLOCATION_SOUTH,EAST_SECTION_12_STATIONS_ONLY,INDICATIVE_HEADWAY_SCHEDULE,UNVALIDATED_LACKS_BLOCK_INTERLOCKING_WHOLE_RING,"Covers only 12 East stations (Y29-Y01); lacks whole-ring loop, depot throat tracks, block signals, and interlocking models."
196,TR-CCW-017,EMU-CCW-18,COUNTERCLOCKWISE,EAST_SECTION_INDICATIVE_PATTERN,Y37,28133,07:48:53,45,28178,07:49:38,85,Y37-T2,R-Y37-CCW,UNVERIFIED_DEPOT_ALLOCATION_SOUTH,EAST_SECTION_12_STATIONS_ONLY,INDICATIVE_HEADWAY_SCHEDULE,UNVALIDATED_LACKS_BLOCK_INTERLOCKING_WHOLE_RING,"Covers only 12 East stations (Y29-Y01); lacks whole-ring loop, depot throat tracks, block signals, and interlocking models; short-turn Y22-Y38 incorrectly traverses all 12 stations."
218,TR-CCW-019,EMU-CCW-20,COUNTERCLOCKWISE,EAST_SECTION_INDICATIVE_PATTERN,Y39,28138,07:48:58,30,28168,07:49:28,92,Y39-T2,R-Y39-CCW,UNVERIFIED_DEPOT_ALLOCATION_SOUTH,EAST_SECTION_12_STATIONS_ONLY,INDICATIVE_HEADWAY_SCHEDULE,UNVALIDATED_LACKS_BLOCK_INTERLOCKING_WHOLE_RING,"Covers only 12 East stations (Y29-Y01); lacks whole-ring loop, depot throat tracks, block signals, and interlocking models; short-turn Y22-Y38 incorrectly traverses all 12 stations."
131,TR-CCW-011,EMU-CCW-12,COUNTERCLOCKWISE,EAST_SECTION_INDICATIVE_PATTERN,Y30,28144,07:49:04,30,28174,07:49:34,89,Y30-T2,R-Y30-CCW,UNVERIFIED_DEPOT_ALLOCATION_SOUTH,EAST_SECTION_12_STATIONS_ONLY,INDICATIVE_HEADWAY_SCHEDULE,UNVALIDATED_LACKS_BLOCK_INTERLOCKING_WHOLE_RING,"Covers only 12 East stations (Y29-Y01); lacks whole-ring loop, depot throat tracks, block signals, and interlocking models; short-turn Y22-Y38 incorrectly traverses all 12 stations."
684,TR-CW-008,EMU-CW-09,CLOCKWISE,EAST_SECTION_INDICATIVE_PATTERN,Y01,28149,07:49:09,45,28194,07:49:54,0,Y01-T1,R-Y01-CW,UNVERIFIED_DEPOT_ALLOCATION_SOUTH,EAST_SECTION_12_STATIONS_ONLY,INDICATIVE_HEADWAY_SCHEDULE,UNVALIDATED_LACKS_BLOCK_INTERLOCKING_WHOLE_RING,"Covers only 12 East stations (Y29-Y01); lacks whole-ring loop, depot throat tracks, block signals, and interlocking models."
769,TR-CW-016,EMU-CW-17,CLOCKWISE,EAST_SECTION_INDICATIVE_PATTERN,Y29,28170,07:49:30,45,28215,07:50:15,89,Y29-T1,R-Y29-CW,UNVERIFIED_DEPOT_ALLOCATION_SOUTH,EAST_SECTION_12_STATIONS_ONLY,INDICATIVE_HEADWAY_SCHEDULE,UNVALIDATED_LACKS_BLOCK_INTERLOCKING_WHOLE_RING,"Covers only 12 East stations (Y29-Y01); lacks whole-ring loop, depot throat tracks, block signals, and interlocking models."
142,TR-CCW-012,EMU-CCW-13,COUNTERCLOCKWISE,SHORT_TURN_Y22_Y38,Y31,28172,07:49:32,30,28202,07:50:02,92,Y31-T2,R-Y31-CCW,UNVERIFIED_DEPOT_ALLOCATION_EAST,EAST_SECTION_12_STATIONS_ONLY,INDICATIVE_HEADWAY_SCHEDULE,UNVALIDATED_LACKS_BLOCK_INTERLOCKING_WHOLE_RING,"Covers only 12 East stations (Y29-Y01); lacks whole-ring loop, depot throat tracks, block signals, and interlocking models; short-turn Y22-Y38 incorrectly traverses all 12 stations."
706,TR-CW-010,EMU-CW-11,CLOCKWISE,EAST_SECTION_INDICATIVE_PATTERN,Y38,28185,07:49:45,45,28230,07:50:30,92,Y38-T1,R-Y38-CW,UNVERIFIED_DEPOT_ALLOCATION_SOUTH,EAST_SECTION_12_STATIONS_ONLY,INDICATIVE_HEADWAY_SCHEDULE,UNVALIDATED_LACKS_BLOCK_INTERLOCKING_WHOLE_RING,"Covers only 12 East stations (Y29-Y01); lacks whole-ring loop, depot throat tracks, block signals, and interlocking models."
738,TR-CW-013,EMU-CW-14,CLOCKWISE,EAST_SECTION_INDICATIVE_PATTERN,Y34,28190,07:49:50,30,28220,07:50:20,88,Y34-T1,R-Y34-CW,UNVERIFIED_DEPOT_ALLOCATION_SOUTH,EAST_SECTION_12_STATIONS_ONLY,INDICATIVE_HEADWAY_SCHEDULE,UNVALIDATED_LACKS_BLOCK_INTERLOCKING_WHOLE_RING,"Covers only 12 East stations (Y29-Y01); lacks whole-ring loop, depot throat tracks, block signals, and interlocking models."
241,TR-CCW-021,EMU-CCW-22,COUNTERCLOCKWISE,SHORT_TURN_Y22_Y38,Y01,28200,07:50:00,45,28245,07:50:45,193,Y01-T2,R-Y01-CCW,UNVERIFIED_DEPOT_ALLOCATION_EAST,EAST_SECTION_12_STATIONS_ONLY,INDICATIVE_HEADWAY_SCHEDULE,UNVALIDATED_LACKS_BLOCK_INTERLOCKING_WHOLE_RING,"Covers only 12 East stations (Y29-Y01); lacks whole-ring loop, depot throat tracks, block signals, and interlocking models; short-turn Y22-Y38 incorrectly traverses all 12 stations."
717,TR-CW-011,EMU-CW-12,CLOCKWISE,EAST_SECTION_INDICATIVE_PATTERN,Y37,28210,07:50:10,45,28255,07:50:55,128,Y37-T1,R-Y37-CW,UNVERIFIED_DEPOT_ALLOCATION_SOUTH,EAST_SECTION_12_STATIONS_ONLY,INDICATIVE_HEADWAY_SCHEDULE,UNVALIDATED_LACKS_BLOCK_INTERLOCKING_WHOLE_RING,"Covers only 12 East stations (Y29-Y01); lacks whole-ring loop, depot throat tracks, block signals, and interlocking models."
153,TR-CCW-013,EMU-CCW-14,COUNTERCLOCKWISE,EAST_SECTION_INDICATIVE_PATTERN,Y32,28220,07:50:20,30,28250,07:50:50,72,Y32-T2,R-Y32-CCW,UNVERIFIED_DEPOT_ALLOCATION_SOUTH,EAST_SECTION_12_STATIONS_ONLY,INDICATIVE_HEADWAY_SCHEDULE,UNVALIDATED_LACKS_BLOCK_INTERLOCKING_WHOLE_RING,"Covers only 12 East stations (Y29-Y01); lacks whole-ring loop, depot throat tracks, block signals, and interlocking models; short-turn Y22-Y38 incorrectly traverses all 12 stations."
759,TR-CW-015,EMU-CW-16,CLOCKWISE,EAST_SECTION_INDICATIVE_PATTERN,Y31,28228,07:50:28,30,28258,07:50:58,72,Y31-T1,R-Y31-CW,UNVERIFIED_DEPOT_ALLOCATION_SOUTH,EAST_SECTION_12_STATIONS_ONLY,INDICATIVE_HEADWAY_SCHEDULE,UNVALIDATED_LACKS_BLOCK_INTERLOCKING_WHOLE_RING,"Covers only 12 East stations (Y29-Y01); lacks whole-ring loop, depot throat tracks, block signals, and interlocking models."
164,TR-CCW-014,EMU-CCW-15,COUNTERCLOCKWISE,EAST_SECTION_INDICATIVE_PATTERN,Y33,28238,07:50:38,45,28283,07:51:23,87,Y33-T2,R-Y33-CCW,UNVERIFIED_DEPOT_ALLOCATION_SOUTH,EAST_SECTION_12_STATIONS_ONLY,INDICATIVE_HEADWAY_SCHEDULE,UNVALIDATED_LACKS_BLOCK_INTERLOCKING_WHOLE_RING,"Covers only 12 East stations (Y29-Y01); lacks whole-ring loop, depot throat tracks, block signals, and interlocking models; short-turn Y22-Y38 incorrectly traverses all 12 stations."
749,TR-CW-014,EMU-CW-15,CLOCKWISE,EAST_SECTION_INDICATIVE_PATTERN,Y33,28249,07:50:49,45,28294,07:51:34,94,Y33-T1,R-Y33-CW,UNVERIFIED_DEPOT_ALLOCATION_SOUTH,EAST_SECTION_12_STATIONS_ONLY,INDICATIVE_HEADWAY_SCHEDULE,UNVALIDATED_LACKS_BLOCK_INTERLOCKING_WHOLE_RING,"Covers only 12 East stations (Y29-Y01); lacks whole-ring loop, depot throat tracks, block signals, and interlocking models."
219,TR-CCW-019,EMU-CCW-20,COUNTERCLOCKWISE,EAST_SECTION_INDICATIVE_PATTERN,Y38,28260,07:51:00,45,28305,07:51:45,128,Y38-T2,R-Y38-CCW,UNVERIFIED_DEPOT_ALLOCATION_SOUTH,EAST_SECTION_12_STATIONS_ONLY,INDICATIVE_HEADWAY_SCHEDULE,UNVALIDATED_LACKS_BLOCK_INTERLOCKING_WHOLE_RING,"Covers only 12 East stations (Y29-Y01); lacks whole-ring loop, depot throat tracks, block signals, and interlocking models; short-turn Y22-Y38 incorrectly traverses all 12 stations."
132,TR-CCW-011,EMU-CCW-12,COUNTERCLOCKWISE,EAST_SECTION_INDICATIVE_PATTERN,Y29,28263,07:51:03,45,28308,07:51:48,0,Y29-T2,R-Y29-CCW,UNVERIFIED_DEPOT_ALLOCATION_SOUTH,EAST_SECTION_12_STATIONS_ONLY,INDICATIVE_HEADWAY_SCHEDULE,UNVALIDATED_LACKS_BLOCK_INTERLOCKING_WHOLE_RING,"Covers only 12 East stations (Y29-Y01); lacks whole-ring loop, depot throat tracks, block signals, and interlocking models; short-turn Y22-Y38 incorrectly traverses all 12 stations."
197,TR-CCW-017,EMU-CCW-18,COUNTERCLOCKWISE,EAST_SECTION_INDICATIVE_PATTERN,Y36,28263,07:51:03,45,28308,07:51:48,123,Y36-T2,R-Y36-CCW,UNVERIFIED_DEPOT_ALLOCATION_SOUTH,EAST_SECTION_12_STATIONS_ONLY,INDICATIVE_HEADWAY_SCHEDULE,UNVALIDATED_LACKS_BLOCK_INTERLOCKING_WHOLE_RING,"Covers only 12 East stations (Y29-Y01); lacks whole-ring loop, depot throat tracks, block signals, and interlocking models; short-turn Y22-Y38 incorrectly traverses all 12 stations."
175,TR-CCW-015,EMU-CCW-16,COUNTERCLOCKWISE,SHORT_TURN_Y22_Y38,Y34,28264,07:51:04,30,28294,07:51:34,94,Y34-T2,R-Y34-CCW,UNVERIFIED_DEPOT_ALLOCATION_EAST,EAST_SECTION_12_STATIONS_ONLY,INDICATIVE_HEADWAY_SCHEDULE,UNVALIDATED_LACKS_BLOCK_INTERLOCKING_WHOLE_RING,"Covers only 12 East stations (Y29-Y01); lacks whole-ring loop, depot throat tracks, block signals, and interlocking models; short-turn Y22-Y38 incorrectly traverses all 12 stations."
728,TR-CW-012,EMU-CW-13,CLOCKWISE,EAST_SECTION_INDICATIVE_PATTERN,Y36,28278,07:51:18,45,28323,07:52:03,85,Y36-T1,R-Y36-CW,UNVERIFIED_DEPOT_ALLOCATION_SOUTH,EAST_SECTION_12_STATIONS_ONLY,INDICATIVE_HEADWAY_SCHEDULE,UNVALIDATED_LACKS_BLOCK_INTERLOCKING_WHOLE_RING,"Covers only 12 East stations (Y29-Y01); lacks whole-ring loop, depot throat tracks, block signals, and interlocking models."
186,TR-CCW-016,EMU-CCW-17,COUNTERCLOCKWISE,EAST_SECTION_INDICATIVE_PATTERN,Y35,28281,07:51:21,45,28326,07:52:06,88,Y35-T2,R-Y35-CCW,UNVERIFIED_DEPOT_ALLOCATION_SOUTH,EAST_SECTION_12_STATIONS_ONLY,INDICATIVE_HEADWAY_SCHEDULE,UNVALIDATED_LACKS_BLOCK_INTERLOCKING_WHOLE_RING,"Covers only 12 East stations (Y29-Y01); lacks whole-ring loop, depot throat tracks, block signals, and interlocking models; short-turn Y22-Y38 incorrectly traverses all 12 stations."
208,TR-CCW-018,EMU-CCW-19,COUNTERCLOCKWISE,SHORT_TURN_Y22_Y38,Y37,28283,07:51:23,45,28328,07:52:08,85,Y37-T2,R-Y37-CCW,UNVERIFIED_DEPOT_ALLOCATION_EAST,EAST_SECTION_12_STATIONS_ONLY,INDICATIVE_HEADWAY_SCHEDULE,UNVALIDATED_LACKS_BLOCK_INTERLOCKING_WHOLE_RING,"Covers only 12 East stations (Y29-Y01); lacks whole-ring loop, depot throat tracks, block signals, and interlocking models; short-turn Y22-Y38 incorrectly traverses all 12 stations."
230,TR-CCW-020,EMU-CCW-21,COUNTERCLOCKWISE,EAST_SECTION_INDICATIVE_PATTERN,Y39,28288,07:51:28,30,28318,07:51:58,92,Y39-T2,R-Y39-CCW,UNVERIFIED_DEPOT_ALLOCATION_SOUTH,EAST_SECTION_12_STATIONS_ONLY,INDICATIVE_HEADWAY_SCHEDULE,UNVALIDATED_LACKS_BLOCK_INTERLOCKING_WHOLE_RING,"Covers only 12 East stations (Y29-Y01); lacks whole-ring loop, depot throat tracks, block signals, and interlocking models; short-turn Y22-Y38 incorrectly traverses all 12 stations."
143,TR-CCW-012,EMU-CCW-13,COUNTERCLOCKWISE,SHORT_TURN_Y22_Y38,Y30,28294,07:51:34,30,28324,07:52:04,89,Y30-T2,R-Y30-CCW,UNVERIFIED_DEPOT_ALLOCATION_EAST,EAST_SECTION_12_STATIONS_ONLY,INDICATIVE_HEADWAY_SCHEDULE,UNVALIDATED_LACKS_BLOCK_INTERLOCKING_WHOLE_RING,"Covers only 12 East stations (Y29-Y01); lacks whole-ring loop, depot throat tracks, block signals, and interlocking models; short-turn Y22-Y38 incorrectly traverses all 12 stations."
770,TR-CW-016,EMU-CW-17,CLOCKWISE,EAST_SECTION_INDICATIVE_PATTERN,Y30,28304,07:51:44,30,28334,07:52:14,92,Y30-T1,R-Y30-CW,UNVERIFIED_DEPOT_ALLOCATION_SOUTH,EAST_SECTION_12_STATIONS_ONLY,INDICATIVE_HEADWAY_SCHEDULE,UNVALIDATED_LACKS_BLOCK_INTERLOCKING_WHOLE_RING,"Covers only 12 East stations (Y29-Y01); lacks whole-ring loop, depot throat tracks, block signals, and interlocking models."
739,TR-CW-013,EMU-CW-14,CLOCKWISE,EAST_SECTION_INDICATIVE_PATTERN,Y35,28308,07:51:48,45,28353,07:52:33,123,Y35-T1,R-Y35-CW,UNVERIFIED_DEPOT_ALLOCATION_SOUTH,EAST_SECTION_12_STATIONS_ONLY,INDICATIVE_HEADWAY_SCHEDULE,UNVALIDATED_LACKS_BLOCK_INTERLOCKING_WHOLE_RING,"Covers only 12 East stations (Y29-Y01); lacks whole-ring loop, depot throat tracks, block signals, and interlocking models."
154,TR-CCW-013,EMU-CCW-14,COUNTERCLOCKWISE,EAST_SECTION_INDICATIVE_PATTERN,Y31,28322,07:52:02,30,28352,07:52:32,92,Y31-T2,R-Y31-CCW,UNVERIFIED_DEPOT_ALLOCATION_SOUTH,EAST_SECTION_12_STATIONS_ONLY,INDICATIVE_HEADWAY_SCHEDULE,UNVALIDATED_LACKS_BLOCK_INTERLOCKING_WHOLE_RING,"Covers only 12 East stations (Y29-Y01); lacks whole-ring loop, depot throat tracks, block signals, and interlocking models; short-turn Y22-Y38 incorrectly traverses all 12 stations."
707,TR-CW-010,EMU-CW-11,CLOCKWISE,EAST_SECTION_INDICATIVE_PATTERN,Y39,28322,07:52:02,30,28352,07:52:32,193,Y39-T1,R-Y39-CW,UNVERIFIED_DEPOT_ALLOCATION_SOUTH,EAST_SECTION_12_STATIONS_ONLY,INDICATIVE_HEADWAY_SCHEDULE,UNVALIDATED_LACKS_BLOCK_INTERLOCKING_WHOLE_RING,"Covers only 12 East stations (Y29-Y01); lacks whole-ring loop, depot throat tracks, block signals, and interlocking models."
760,TR-CW-015,EMU-CW-16,CLOCKWISE,EAST_SECTION_INDICATIVE_PATTERN,Y32,28330,07:52:10,30,28360,07:52:40,87,Y32-T1,R-Y32-CW,UNVERIFIED_DEPOT_ALLOCATION_SOUTH,EAST_SECTION_12_STATIONS_ONLY,INDICATIVE_HEADWAY_SCHEDULE,UNVALIDATED_LACKS_BLOCK_INTERLOCKING_WHOLE_RING,"Covers only 12 East stations (Y29-Y01); lacks whole-ring loop, depot throat tracks, block signals, and interlocking models."
696,TR-CW-009,EMU-CW-10,CLOCKWISE,EAST_SECTION_INDICATIVE_PATTERN,Y01,28347,07:52:27,45,28392,07:53:12,0,Y01-T1,R-Y01-CW,UNVERIFIED_DEPOT_ALLOCATION_SOUTH,EAST_SECTION_12_STATIONS_ONLY,INDICATIVE_HEADWAY_SCHEDULE,UNVALIDATED_LACKS_BLOCK_INTERLOCKING_WHOLE_RING,"Covers only 12 East stations (Y29-Y01); lacks whole-ring loop, depot throat tracks, block signals, and interlocking models."
253,TR-CCW-022,EMU-CCW-23,COUNTERCLOCKWISE,EAST_SECTION_INDICATIVE_PATTERN,Y01,28350,07:52:30,45,28395,07:53:15,193,Y01-T2,R-Y01-CCW,UNVERIFIED_DEPOT_ALLOCATION_SOUTH,EAST_SECTION_12_STATIONS_ONLY,INDICATIVE_HEADWAY_SCHEDULE,UNVALIDATED_LACKS_BLOCK_INTERLOCKING_WHOLE_RING,"Covers only 12 East stations (Y29-Y01); lacks whole-ring loop, depot throat tracks, block signals, and interlocking models; short-turn Y22-Y38 incorrectly traverses all 12 stations."
781,TR-CW-017,EMU-CW-18,CLOCKWISE,EAST_SECTION_INDICATIVE_PATTERN,Y29,28368,07:52:48,45,28413,07:53:33,89,Y29-T1,R-Y29-CW,UNVERIFIED_DEPOT_ALLOCATION_SOUTH,EAST_SECTION_12_STATIONS_ONLY,INDICATIVE_HEADWAY_SCHEDULE,UNVALIDATED_LACKS_BLOCK_INTERLOCKING_WHOLE_RING,"Covers only 12 East stations (Y29-Y01); lacks whole-ring loop, depot throat tracks, block signals, and interlocking models."
165,TR-CCW-014,EMU-CCW-15,COUNTERCLOCKWISE,EAST_SECTION_INDICATIVE_PATTERN,Y32,28370,07:52:50,30,28400,07:53:20,72,Y32-T2,R-Y32-CCW,UNVERIFIED_DEPOT_ALLOCATION_SOUTH,EAST_SECTION_12_STATIONS_ONLY,INDICATIVE_HEADWAY_SCHEDULE,UNVALIDATED_LACKS_BLOCK_INTERLOCKING_WHOLE_RING,"Covers only 12 East stations (Y29-Y01); lacks whole-ring loop, depot throat tracks, block signals, and interlocking models; short-turn Y22-Y38 incorrectly traverses all 12 stations."
718,TR-CW-011,EMU-CW-12,CLOCKWISE,EAST_SECTION_INDICATIVE_PATTERN,Y38,28383,07:53:03,45,28428,07:53:48,92,Y38-T1,R-Y38-CW,UNVERIFIED_DEPOT_ALLOCATION_SOUTH,EAST_SECTION_12_STATIONS_ONLY,INDICATIVE_HEADWAY_SCHEDULE,UNVALIDATED_LACKS_BLOCK_INTERLOCKING_WHOLE_RING,"Covers only 12 East stations (Y29-Y01); lacks whole-ring loop, depot throat tracks, block signals, and interlocking models."
176,TR-CCW-015,EMU-CCW-16,COUNTERCLOCKWISE,SHORT_TURN_Y22_Y38,Y33,28388,07:53:08,45,28433,07:53:53,87,Y33-T2,R-Y33-CCW,UNVERIFIED_DEPOT_ALLOCATION_EAST,EAST_SECTION_12_STATIONS_ONLY,INDICATIVE_HEADWAY_SCHEDULE,UNVALIDATED_LACKS_BLOCK_INTERLOCKING_WHOLE_RING,"Covers only 12 East stations (Y29-Y01); lacks whole-ring loop, depot throat tracks, block signals, and interlocking models; short-turn Y22-Y38 incorrectly traverses all 12 stations."
750,TR-CW-014,EMU-CW-15,CLOCKWISE,EAST_SECTION_INDICATIVE_PATTERN,Y34,28388,07:53:08,30,28418,07:53:38,88,Y34-T1,R-Y34-CW,UNVERIFIED_DEPOT_ALLOCATION_SOUTH,EAST_SECTION_12_STATIONS_ONLY,INDICATIVE_HEADWAY_SCHEDULE,UNVALIDATED_LACKS_BLOCK_INTERLOCKING_WHOLE_RING,"Covers only 12 East stations (Y29-Y01); lacks whole-ring loop, depot throat tracks, block signals, and interlocking models."
729,TR-CW-012,EMU-CW-13,CLOCKWISE,EAST_SECTION_INDICATIVE_PATTERN,Y37,28408,07:53:28,45,28453,07:54:13,128,Y37-T1,R-Y37-CW,UNVERIFIED_DEPOT_ALLOCATION_SOUTH,EAST_SECTION_12_STATIONS_ONLY,INDICATIVE_HEADWAY_SCHEDULE,UNVALIDATED_LACKS_BLOCK_INTERLOCKING_WHOLE_RING,"Covers only 12 East stations (Y29-Y01); lacks whole-ring loop, depot throat tracks, block signals, and interlocking models."
231,TR-CCW-020,EMU-CCW-21,COUNTERCLOCKWISE,EAST_SECTION_INDICATIVE_PATTERN,Y38,28410,07:53:30,45,28455,07:54:15,128,Y38-T2,R-Y38-CCW,UNVERIFIED_DEPOT_ALLOCATION_SOUTH,EAST_SECTION_12_STATIONS_ONLY,INDICATIVE_HEADWAY_SCHEDULE,UNVALIDATED_LACKS_BLOCK_INTERLOCKING_WHOLE_RING,"Covers only 12 East stations (Y29-Y01); lacks whole-ring loop, depot throat tracks, block signals, and interlocking models; short-turn Y22-Y38 incorrectly traverses all 12 stations."
144,TR-CCW-012,EMU-CCW-13,COUNTERCLOCKWISE,SHORT_TURN_Y22_Y38,Y29,28413,07:53:33,45,28458,07:54:18,0,Y29-T2,R-Y29-CCW,UNVERIFIED_DEPOT_ALLOCATION_EAST,EAST_SECTION_12_STATIONS_ONLY,INDICATIVE_HEADWAY_SCHEDULE,UNVALIDATED_LACKS_BLOCK_INTERLOCKING_WHOLE_RING,"Covers only 12 East stations (Y29-Y01); lacks whole-ring loop, depot throat tracks, block signals, and interlocking models; short-turn Y22-Y38 incorrectly traverses all 12 stations."
209,TR-CCW-018,EMU-CCW-19,COUNTERCLOCKWISE,SHORT_TURN_Y22_Y38,Y36,28413,07:53:33,45,28458,07:54:18,123,Y36-T2,R-Y36-CCW,UNVERIFIED_DEPOT_ALLOCATION_EAST,EAST_SECTION_12_STATIONS_ONLY,INDICATIVE_HEADWAY_SCHEDULE,UNVALIDATED_LACKS_BLOCK_INTERLOCKING_WHOLE_RING,"Covers only 12 East stations (Y29-Y01); lacks whole-ring loop, depot throat tracks, block signals, and interlocking models; short-turn Y22-Y38 incorrectly traverses all 12 stations."
187,TR-CCW-016,EMU-CCW-17,COUNTERCLOCKWISE,EAST_SECTION_INDICATIVE_PATTERN,Y34,28414,07:53:34,30,28444,07:54:04,94,Y34-T2,R-Y34-CCW,UNVERIFIED_DEPOT_ALLOCATION_SOUTH,EAST_SECTION_12_STATIONS_ONLY,INDICATIVE_HEADWAY_SCHEDULE,UNVALIDATED_LACKS_BLOCK_INTERLOCKING_WHOLE_RING,"Covers only 12 East stations (Y29-Y01); lacks whole-ring loop, depot throat tracks, block signals, and interlocking models; short-turn Y22-Y38 incorrectly traverses all 12 stations."
771,TR-CW-016,EMU-CW-17,CLOCKWISE,EAST_SECTION_INDICATIVE_PATTERN,Y31,28426,07:53:46,30,28456,07:54:16,72,Y31-T1,R-Y31-CW,UNVERIFIED_DEPOT_ALLOCATION_SOUTH,EAST_SECTION_12_STATIONS_ONLY,INDICATIVE_HEADWAY_SCHEDULE,UNVALIDATED_LACKS_BLOCK_INTERLOCKING_WHOLE_RING,"Covers only 12 East stations (Y29-Y01); lacks whole-ring loop, depot throat tracks, block signals, and interlocking models."
198,TR-CCW-017,EMU-CCW-18,COUNTERCLOCKWISE,EAST_SECTION_INDICATIVE_PATTERN,Y35,28431,07:53:51,45,28476,07:54:36,88,Y35-T2,R-Y35-CCW,UNVERIFIED_DEPOT_ALLOCATION_SOUTH,EAST_SECTION_12_STATIONS_ONLY,INDICATIVE_HEADWAY_SCHEDULE,UNVALIDATED_LACKS_BLOCK_INTERLOCKING_WHOLE_RING,"Covers only 12 East stations (Y29-Y01); lacks whole-ring loop, depot throat tracks, block signals, and interlocking models; short-turn Y22-Y38 incorrectly traverses all 12 stations."
220,TR-CCW-019,EMU-CCW-20,COUNTERCLOCKWISE,EAST_SECTION_INDICATIVE_PATTERN,Y37,28433,07:53:53,45,28478,07:54:38,85,Y37-T2,R-Y37-CCW,UNVERIFIED_DEPOT_ALLOCATION_SOUTH,EAST_SECTION_12_STATIONS_ONLY,INDICATIVE_HEADWAY_SCHEDULE,UNVALIDATED_LACKS_BLOCK_INTERLOCKING_WHOLE_RING,"Covers only 12 East stations (Y29-Y01); lacks whole-ring loop, depot throat tracks, block signals, and interlocking models; short-turn Y22-Y38 incorrectly traverses all 12 stations."
242,TR-CCW-021,EMU-CCW-22,COUNTERCLOCKWISE,SHORT_TURN_Y22_Y38,Y39,28438,07:53:58,30,28468,07:54:28,92,Y39-T2,R-Y39-CCW,UNVERIFIED_DEPOT_ALLOCATION_EAST,EAST_SECTION_12_STATIONS_ONLY,INDICATIVE_HEADWAY_SCHEDULE,UNVALIDATED_LACKS_BLOCK_INTERLOCKING_WHOLE_RING,"Covers only 12 East stations (Y29-Y01); lacks whole-ring loop, depot throat tracks, block signals, and interlocking models; short-turn Y22-Y38 incorrectly traverses all 12 stations."
155,TR-CCW-013,EMU-CCW-14,COUNTERCLOCKWISE,EAST_SECTION_INDICATIVE_PATTERN,Y30,28444,07:54:04,30,28474,07:54:34,89,Y30-T2,R-Y30-CCW,UNVERIFIED_DEPOT_ALLOCATION_SOUTH,EAST_SECTION_12_STATIONS_ONLY,INDICATIVE_HEADWAY_SCHEDULE,UNVALIDATED_LACKS_BLOCK_INTERLOCKING_WHOLE_RING,"Covers only 12 East stations (Y29-Y01); lacks whole-ring loop, depot throat tracks, block signals, and interlocking models; short-turn Y22-Y38 incorrectly traverses all 12 stations."
761,TR-CW-015,EMU-CW-16,CLOCKWISE,EAST_SECTION_INDICATIVE_PATTERN,Y33,28447,07:54:07,45,28492,07:54:52,94,Y33-T1,R-Y33-CW,UNVERIFIED_DEPOT_ALLOCATION_SOUTH,EAST_SECTION_12_STATIONS_ONLY,INDICATIVE_HEADWAY_SCHEDULE,UNVALIDATED_LACKS_BLOCK_INTERLOCKING_WHOLE_RING,"Covers only 12 East stations (Y29-Y01); lacks whole-ring loop, depot throat tracks, block signals, and interlocking models."
166,TR-CCW-014,EMU-CCW-15,COUNTERCLOCKWISE,EAST_SECTION_INDICATIVE_PATTERN,Y31,28472,07:54:32,30,28502,07:55:02,92,Y31-T2,R-Y31-CCW,UNVERIFIED_DEPOT_ALLOCATION_SOUTH,EAST_SECTION_12_STATIONS_ONLY,INDICATIVE_HEADWAY_SCHEDULE,UNVALIDATED_LACKS_BLOCK_INTERLOCKING_WHOLE_RING,"Covers only 12 East stations (Y29-Y01); lacks whole-ring loop, depot throat tracks, block signals, and interlocking models; short-turn Y22-Y38 incorrectly traverses all 12 stations."
740,TR-CW-013,EMU-CW-14,CLOCKWISE,EAST_SECTION_INDICATIVE_PATTERN,Y36,28476,07:54:36,45,28521,07:55:21,85,Y36-T1,R-Y36-CW,UNVERIFIED_DEPOT_ALLOCATION_SOUTH,EAST_SECTION_12_STATIONS_ONLY,INDICATIVE_HEADWAY_SCHEDULE,UNVALIDATED_LACKS_BLOCK_INTERLOCKING_WHOLE_RING,"Covers only 12 East stations (Y29-Y01); lacks whole-ring loop, depot throat tracks, block signals, and interlocking models."
265,TR-CCW-023,EMU-CCW-24,COUNTERCLOCKWISE,EAST_SECTION_INDICATIVE_PATTERN,Y01,28500,07:55:00,45,28545,07:55:45,193,Y01-T2,R-Y01-CCW,UNVERIFIED_DEPOT_ALLOCATION_SOUTH,EAST_SECTION_12_STATIONS_ONLY,INDICATIVE_HEADWAY_SCHEDULE,UNVALIDATED_LACKS_BLOCK_INTERLOCKING_WHOLE_RING,"Covers only 12 East stations (Y29-Y01); lacks whole-ring loop, depot throat tracks, block signals, and interlocking models; short-turn Y22-Y38 incorrectly traverses all 12 stations."
782,TR-CW-017,EMU-CW-18,CLOCKWISE,EAST_SECTION_INDICATIVE_PATTERN,Y30,28502,07:55:02,30,28532,07:55:32,92,Y30-T1,R-Y30-CW,UNVERIFIED_DEPOT_ALLOCATION_SOUTH,EAST_SECTION_12_STATIONS_ONLY,INDICATIVE_HEADWAY_SCHEDULE,UNVALIDATED_LACKS_BLOCK_INTERLOCKING_WHOLE_RING,"Covers only 12 East stations (Y29-Y01); lacks whole-ring loop, depot throat tracks, block signals, and interlocking models."
751,TR-CW-014,EMU-CW-15,CLOCKWISE,EAST_SECTION_INDICATIVE_PATTERN,Y35,28506,07:55:06,45,28551,07:55:51,123,Y35-T1,R-Y35-CW,UNVERIFIED_DEPOT_ALLOCATION_SOUTH,EAST_SECTION_12_STATIONS_ONLY,INDICATIVE_HEADWAY_SCHEDULE,UNVALIDATED_LACKS_BLOCK_INTERLOCKING_WHOLE_RING,"Covers only 12 East stations (Y29-Y01); lacks whole-ring loop, depot throat tracks, block signals, and interlocking models."
177,TR-CCW-015,EMU-CCW-16,COUNTERCLOCKWISE,SHORT_TURN_Y22_Y38,Y32,28520,07:55:20,30,28550,07:55:50,72,Y32-T2,R-Y32-CCW,UNVERIFIED_DEPOT_ALLOCATION_EAST,EAST_SECTION_12_STATIONS_ONLY,INDICATIVE_HEADWAY_SCHEDULE,UNVALIDATED_LACKS_BLOCK_INTERLOCKING_WHOLE_RING,"Covers only 12 East stations (Y29-Y01); lacks whole-ring loop, depot throat tracks, block signals, and interlocking models; short-turn Y22-Y38 incorrectly traverses all 12 stations."
719,TR-CW-011,EMU-CW-12,CLOCKWISE,EAST_SECTION_INDICATIVE_PATTERN,Y39,28520,07:55:20,30,28550,07:55:50,193,Y39-T1,R-Y39-CW,UNVERIFIED_DEPOT_ALLOCATION_SOUTH,EAST_SECTION_12_STATIONS_ONLY,INDICATIVE_HEADWAY_SCHEDULE,UNVALIDATED_LACKS_BLOCK_INTERLOCKING_WHOLE_RING,"Covers only 12 East stations (Y29-Y01); lacks whole-ring loop, depot throat tracks, block signals, and interlocking models."
772,TR-CW-016,EMU-CW-17,CLOCKWISE,EAST_SECTION_INDICATIVE_PATTERN,Y32,28528,07:55:28,30,28558,07:55:58,87,Y32-T1,R-Y32-CW,UNVERIFIED_DEPOT_ALLOCATION_SOUTH,EAST_SECTION_12_STATIONS_ONLY,INDICATIVE_HEADWAY_SCHEDULE,UNVALIDATED_LACKS_BLOCK_INTERLOCKING_WHOLE_RING,"Covers only 12 East stations (Y29-Y01); lacks whole-ring loop, depot throat tracks, block signals, and interlocking models."
188,TR-CCW-016,EMU-CCW-17,COUNTERCLOCKWISE,EAST_SECTION_INDICATIVE_PATTERN,Y33,28538,07:55:38,45,28583,07:56:23,87,Y33-T2,R-Y33-CCW,UNVERIFIED_DEPOT_ALLOCATION_SOUTH,EAST_SECTION_12_STATIONS_ONLY,INDICATIVE_HEADWAY_SCHEDULE,UNVALIDATED_LACKS_BLOCK_INTERLOCKING_WHOLE_RING,"Covers only 12 East stations (Y29-Y01); lacks whole-ring loop, depot throat tracks, block signals, and interlocking models; short-turn Y22-Y38 incorrectly traverses all 12 stations."
708,TR-CW-010,EMU-CW-11,CLOCKWISE,EAST_SECTION_INDICATIVE_PATTERN,Y01,28545,07:55:45,45,28590,07:56:30,0,Y01-T1,R-Y01-CW,UNVERIFIED_DEPOT_ALLOCATION_SOUTH,EAST_SECTION_12_STATIONS_ONLY,INDICATIVE_HEADWAY_SCHEDULE,UNVALIDATED_LACKS_BLOCK_INTERLOCKING_WHOLE_RING,"Covers only 12 East stations (Y29-Y01); lacks whole-ring loop, depot throat tracks, block signals, and interlocking models."
243,TR-CCW-021,EMU-CCW-22,COUNTERCLOCKWISE,SHORT_TURN_Y22_Y38,Y38,28560,07:56:00,45,28605,07:56:45,128,Y38-T2,R-Y38-CCW,UNVERIFIED_DEPOT_ALLOCATION_EAST,EAST_SECTION_12_STATIONS_ONLY,INDICATIVE_HEADWAY_SCHEDULE,UNVALIDATED_LACKS_BLOCK_INTERLOCKING_WHOLE_RING,"Covers only 12 East stations (Y29-Y01); lacks whole-ring loop, depot throat tracks, block signals, and interlocking models; short-turn Y22-Y38 incorrectly traverses all 12 stations."
156,TR-CCW-013,EMU-CCW-14,COUNTERCLOCKWISE,EAST_SECTION_INDICATIVE_PATTERN,Y29,28563,07:56:03,45,28608,07:56:48,0,Y29-T2,R-Y29-CCW,UNVERIFIED_DEPOT_ALLOCATION_SOUTH,EAST_SECTION_12_STATIONS_ONLY,INDICATIVE_HEADWAY_SCHEDULE,UNVALIDATED_LACKS_BLOCK_INTERLOCKING_WHOLE_RING,"Covers only 12 East stations (Y29-Y01); lacks whole-ring loop, depot throat tracks, block signals, and interlocking models; short-turn Y22-Y38 incorrectly traverses all 12 stations."
221,TR-CCW-019,EMU-CCW-20,COUNTERCLOCKWISE,EAST_SECTION_INDICATIVE_PATTERN,Y36,28563,07:56:03,45,28608,07:56:48,123,Y36-T2,R-Y36-CCW,UNVERIFIED_DEPOT_ALLOCATION_SOUTH,EAST_SECTION_12_STATIONS_ONLY,INDICATIVE_HEADWAY_SCHEDULE,UNVALIDATED_LACKS_BLOCK_INTERLOCKING_WHOLE_RING,"Covers only 12 East stations (Y29-Y01); lacks whole-ring loop, depot throat tracks, block signals, and interlocking models; short-turn Y22-Y38 incorrectly traverses all 12 stations."
199,TR-CCW-017,EMU-CCW-18,COUNTERCLOCKWISE,EAST_SECTION_INDICATIVE_PATTERN,Y34,28564,07:56:04,30,28594,07:56:34,94,Y34-T2,R-Y34-CCW,UNVERIFIED_DEPOT_ALLOCATION_SOUTH,EAST_SECTION_12_STATIONS_ONLY,INDICATIVE_HEADWAY_SCHEDULE,UNVALIDATED_LACKS_BLOCK_INTERLOCKING_WHOLE_RING,"Covers only 12 East stations (Y29-Y01); lacks whole-ring loop, depot throat tracks, block signals, and interlocking models; short-turn Y22-Y38 incorrectly traverses all 12 stations."
793,TR-CW-018,EMU-CW-19,CLOCKWISE,EAST_SECTION_INDICATIVE_PATTERN,Y29,28566,07:56:06,45,28611,07:56:51,89,Y29-T1,R-Y29-CW,UNVERIFIED_DEPOT_ALLOCATION_SOUTH,EAST_SECTION_12_STATIONS_ONLY,INDICATIVE_HEADWAY_SCHEDULE,UNVALIDATED_LACKS_BLOCK_INTERLOCKING_WHOLE_RING,"Covers only 12 East stations (Y29-Y01); lacks whole-ring loop, depot throat tracks, block signals, and interlocking models."
210,TR-CCW-018,EMU-CCW-19,COUNTERCLOCKWISE,SHORT_TURN_Y22_Y38,Y35,28581,07:56:21,45,28626,07:57:06,88,Y35-T2,R-Y35-CCW,UNVERIFIED_DEPOT_ALLOCATION_EAST,EAST_SECTION_12_STATIONS_ONLY,INDICATIVE_HEADWAY_SCHEDULE,UNVALIDATED_LACKS_BLOCK_INTERLOCKING_WHOLE_RING,"Covers only 12 East stations (Y29-Y01); lacks whole-ring loop, depot throat tracks, block signals, and interlocking models; short-turn Y22-Y38 incorrectly traverses all 12 stations."
730,TR-CW-012,EMU-CW-13,CLOCKWISE,EAST_SECTION_INDICATIVE_PATTERN,Y38,28581,07:56:21,45,28626,07:57:06,92,Y38-T1,R-Y38-CW,UNVERIFIED_DEPOT_ALLOCATION_SOUTH,EAST_SECTION_12_STATIONS_ONLY,INDICATIVE_HEADWAY_SCHEDULE,UNVALIDATED_LACKS_BLOCK_INTERLOCKING_WHOLE_RING,"Covers only 12 East stations (Y29-Y01); lacks whole-ring loop, depot throat tracks, block signals, and interlocking models."
232,TR-CCW-020,EMU-CCW-21,COUNTERCLOCKWISE,EAST_SECTION_INDICATIVE_PATTERN,Y37,28583,07:56:23,45,28628,07:57:08,85,Y37-T2,R-Y37-CCW,UNVERIFIED_DEPOT_ALLOCATION_SOUTH,EAST_SECTION_12_STATIONS_ONLY,INDICATIVE_HEADWAY_SCHEDULE,UNVALIDATED_LACKS_BLOCK_INTERLOCKING_WHOLE_RING,"Covers only 12 East stations (Y29-Y01); lacks whole-ring loop, depot throat tracks, block signals, and interlocking models; short-turn Y22-Y38 incorrectly traverses all 12 stations."
762,TR-CW-015,EMU-CW-16,CLOCKWISE,EAST_SECTION_INDICATIVE_PATTERN,Y34,28586,07:56:26,30,28616,07:56:56,88,Y34-T1,R-Y34-CW,UNVERIFIED_DEPOT_ALLOCATION_SOUTH,EAST_SECTION_12_STATIONS_ONLY,INDICATIVE_HEADWAY_SCHEDULE,UNVALIDATED_LACKS_BLOCK_INTERLOCKING_WHOLE_RING,"Covers only 12 East stations (Y29-Y01); lacks whole-ring loop, depot throat tracks, block signals, and interlocking models."
254,TR-CCW-022,EMU-CCW-23,COUNTERCLOCKWISE,EAST_SECTION_INDICATIVE_PATTERN,Y39,28588,07:56:28,30,28618,07:56:58,92,Y39-T2,R-Y39-CCW,UNVERIFIED_DEPOT_ALLOCATION_SOUTH,EAST_SECTION_12_STATIONS_ONLY,INDICATIVE_HEADWAY_SCHEDULE,UNVALIDATED_LACKS_BLOCK_INTERLOCKING_WHOLE_RING,"Covers only 12 East stations (Y29-Y01); lacks whole-ring loop, depot throat tracks, block signals, and interlocking models; short-turn Y22-Y38 incorrectly traverses all 12 stations."
167,TR-CCW-014,EMU-CCW-15,COUNTERCLOCKWISE,EAST_SECTION_INDICATIVE_PATTERN,Y30,28594,07:56:34,30,28624,07:57:04,89,Y30-T2,R-Y30-CCW,UNVERIFIED_DEPOT_ALLOCATION_SOUTH,EAST_SECTION_12_STATIONS_ONLY,INDICATIVE_HEADWAY_SCHEDULE,UNVALIDATED_LACKS_BLOCK_INTERLOCKING_WHOLE_RING,"Covers only 12 East stations (Y29-Y01); lacks whole-ring loop, depot throat tracks, block signals, and interlocking models; short-turn Y22-Y38 incorrectly traverses all 12 stations."
741,TR-CW-013,EMU-CW-14,CLOCKWISE,EAST_SECTION_INDICATIVE_PATTERN,Y37,28606,07:56:46,45,28651,07:57:31,128,Y37-T1,R-Y37-CW,UNVERIFIED_DEPOT_ALLOCATION_SOUTH,EAST_SECTION_12_STATIONS_ONLY,INDICATIVE_HEADWAY_SCHEDULE,UNVALIDATED_LACKS_BLOCK_INTERLOCKING_WHOLE_RING,"Covers only 12 East stations (Y29-Y01); lacks whole-ring loop, depot throat tracks, block signals, and interlocking models."
178,TR-CCW-015,EMU-CCW-16,COUNTERCLOCKWISE,SHORT_TURN_Y22_Y38,Y31,28622,07:57:02,30,28652,07:57:32,92,Y31-T2,R-Y31-CCW,UNVERIFIED_DEPOT_ALLOCATION_EAST,EAST_SECTION_12_STATIONS_ONLY,INDICATIVE_HEADWAY_SCHEDULE,UNVALIDATED_LACKS_BLOCK_INTERLOCKING_WHOLE_RING,"Covers only 12 East stations (Y29-Y01); lacks whole-ring loop, depot throat tracks, block signals, and interlocking models; short-turn Y22-Y38 incorrectly traverses all 12 stations."
783,TR-CW-017,EMU-CW-18,CLOCKWISE,EAST_SECTION_INDICATIVE_PATTERN,Y31,28624,07:57:04,30,28654,07:57:34,72,Y31-T1,R-Y31-CW,UNVERIFIED_DEPOT_ALLOCATION_SOUTH,EAST_SECTION_12_STATIONS_ONLY,INDICATIVE_HEADWAY_SCHEDULE,UNVALIDATED_LACKS_BLOCK_INTERLOCKING_WHOLE_RING,"Covers only 12 East stations (Y29-Y01); lacks whole-ring loop, depot throat tracks, block signals, and interlocking models."
773,TR-CW-016,EMU-CW-17,CLOCKWISE,EAST_SECTION_INDICATIVE_PATTERN,Y33,28645,07:57:25,45,28690,07:58:10,94,Y33-T1,R-Y33-CW,UNVERIFIED_DEPOT_ALLOCATION_SOUTH,EAST_SECTION_12_STATIONS_ONLY,INDICATIVE_HEADWAY_SCHEDULE,UNVALIDATED_LACKS_BLOCK_INTERLOCKING_WHOLE_RING,"Covers only 12 East stations (Y29-Y01); lacks whole-ring loop, depot throat tracks, block signals, and interlocking models."
277,TR-CCW-024,EMU-CCW-25,COUNTERCLOCKWISE,SHORT_TURN_Y22_Y38,Y01,28650,07:57:30,45,28695,07:58:15,193,Y01-T2,R-Y01-CCW,UNVERIFIED_DEPOT_ALLOCATION_EAST,EAST_SECTION_12_STATIONS_ONLY,INDICATIVE_HEADWAY_SCHEDULE,UNVALIDATED_LACKS_BLOCK_INTERLOCKING_WHOLE_RING,"Covers only 12 East stations (Y29-Y01); lacks whole-ring loop, depot throat tracks, block signals, and interlocking models; short-turn Y22-Y38 incorrectly traverses all 12 stations."
189,TR-CCW-016,EMU-CCW-17,COUNTERCLOCKWISE,EAST_SECTION_INDICATIVE_PATTERN,Y32,28670,07:57:50,30,28700,07:58:20,72,Y32-T2,R-Y32-CCW,UNVERIFIED_DEPOT_ALLOCATION_SOUTH,EAST_SECTION_12_STATIONS_ONLY,INDICATIVE_HEADWAY_SCHEDULE,UNVALIDATED_LACKS_BLOCK_INTERLOCKING_WHOLE_RING,"Covers only 12 East stations (Y29-Y01); lacks whole-ring loop, depot throat tracks, block signals, and interlocking models; short-turn Y22-Y38 incorrectly traverses all 12 stations."
752,TR-CW-014,EMU-CW-15,CLOCKWISE,EAST_SECTION_INDICATIVE_PATTERN,Y36,28674,07:57:54,45,28719,07:58:39,85,Y36-T1,R-Y36-CW,UNVERIFIED_DEPOT_ALLOCATION_SOUTH,EAST_SECTION_12_STATIONS_ONLY,INDICATIVE_HEADWAY_SCHEDULE,UNVALIDATED_LACKS_BLOCK_INTERLOCKING_WHOLE_RING,"Covers only 12 East stations (Y29-Y01); lacks whole-ring loop, depot throat tracks, block signals, and interlocking models."
200,TR-CCW-017,EMU-CCW-18,COUNTERCLOCKWISE,EAST_SECTION_INDICATIVE_PATTERN,Y33,28688,07:58:08,45,28733,07:58:53,87,Y33-T2,R-Y33-CCW,UNVERIFIED_DEPOT_ALLOCATION_SOUTH,EAST_SECTION_12_STATIONS_ONLY,INDICATIVE_HEADWAY_SCHEDULE,UNVALIDATED_LACKS_BLOCK_INTERLOCKING_WHOLE_RING,"Covers only 12 East stations (Y29-Y01); lacks whole-ring loop, depot throat tracks, block signals, and interlocking models; short-turn Y22-Y38 incorrectly traverses all 12 stations."
794,TR-CW-018,EMU-CW-19,CLOCKWISE,EAST_SECTION_INDICATIVE_PATTERN,Y30,28700,07:58:20,30,28730,07:58:50,92,Y30-T1,R-Y30-CW,UNVERIFIED_DEPOT_ALLOCATION_SOUTH,EAST_SECTION_12_STATIONS_ONLY,INDICATIVE_HEADWAY_SCHEDULE,UNVALIDATED_LACKS_BLOCK_INTERLOCKING_WHOLE_RING,"Covers only 12 East stations (Y29-Y01); lacks whole-ring loop, depot throat tracks, block signals, and interlocking models."
763,TR-CW-015,EMU-CW-16,CLOCKWISE,EAST_SECTION_INDICATIVE_PATTERN,Y35,28704,07:58:24,45,28749,07:59:09,123,Y35-T1,R-Y35-CW,UNVERIFIED_DEPOT_ALLOCATION_SOUTH,EAST_SECTION_12_STATIONS_ONLY,INDICATIVE_HEADWAY_SCHEDULE,UNVALIDATED_LACKS_BLOCK_INTERLOCKING_WHOLE_RING,"Covers only 12 East stations (Y29-Y01); lacks whole-ring loop, depot throat tracks, block signals, and interlocking models."
255,TR-CCW-022,EMU-CCW-23,COUNTERCLOCKWISE,EAST_SECTION_INDICATIVE_PATTERN,Y38,28710,07:58:30,45,28755,07:59:15,128,Y38-T2,R-Y38-CCW,UNVERIFIED_DEPOT_ALLOCATION_SOUTH,EAST_SECTION_12_STATIONS_ONLY,INDICATIVE_HEADWAY_SCHEDULE,UNVALIDATED_LACKS_BLOCK_INTERLOCKING_WHOLE_RING,"Covers only 12 East stations (Y29-Y01); lacks whole-ring loop, depot throat tracks, block signals, and interlocking models; short-turn Y22-Y38 incorrectly traverses all 12 stations."
168,TR-CCW-014,EMU-CCW-15,COUNTERCLOCKWISE,EAST_SECTION_INDICATIVE_PATTERN,Y29,28713,07:58:33,45,28758,07:59:18,0,Y29-T2,R-Y29-CCW,UNVERIFIED_DEPOT_ALLOCATION_SOUTH,EAST_SECTION_12_STATIONS_ONLY,INDICATIVE_HEADWAY_SCHEDULE,UNVALIDATED_LACKS_BLOCK_INTERLOCKING_WHOLE_RING,"Covers only 12 East stations (Y29-Y01); lacks whole-ring loop, depot throat tracks, block signals, and interlocking models; short-turn Y22-Y38 incorrectly traverses all 12 stations."
233,TR-CCW-020,EMU-CCW-21,COUNTERCLOCKWISE,EAST_SECTION_INDICATIVE_PATTERN,Y36,28713,07:58:33,45,28758,07:59:18,123,Y36-T2,R-Y36-CCW,UNVERIFIED_DEPOT_ALLOCATION_SOUTH,EAST_SECTION_12_STATIONS_ONLY,INDICATIVE_HEADWAY_SCHEDULE,UNVALIDATED_LACKS_BLOCK_INTERLOCKING_WHOLE_RING,"Covers only 12 East stations (Y29-Y01); lacks whole-ring loop, depot throat tracks, block signals, and interlocking models; short-turn Y22-Y38 incorrectly traverses all 12 stations."
211,TR-CCW-018,EMU-CCW-19,COUNTERCLOCKWISE,SHORT_TURN_Y22_Y38,Y34,28714,07:58:34,30,28744,07:59:04,94,Y34-T2,R-Y34-CCW,UNVERIFIED_DEPOT_ALLOCATION_EAST,EAST_SECTION_12_STATIONS_ONLY,INDICATIVE_HEADWAY_SCHEDULE,UNVALIDATED_LACKS_BLOCK_INTERLOCKING_WHOLE_RING,"Covers only 12 East stations (Y29-Y01); lacks whole-ring loop, depot throat tracks, block signals, and interlocking models; short-turn Y22-Y38 incorrectly traverses all 12 stations."
731,TR-CW-012,EMU-CW-13,CLOCKWISE,EAST_SECTION_INDICATIVE_PATTERN,Y39,28718,07:58:38,30,28748,07:59:08,193,Y39-T1,R-Y39-CW,UNVERIFIED_DEPOT_ALLOCATION_SOUTH,EAST_SECTION_12_STATIONS_ONLY,INDICATIVE_HEADWAY_SCHEDULE,UNVALIDATED_LACKS_BLOCK_INTERLOCKING_WHOLE_RING,"Covers only 12 East stations (Y29-Y01); lacks whole-ring loop, depot throat tracks, block signals, and interlocking models."
784,TR-CW-017,EMU-CW-18,CLOCKWISE,EAST_SECTION_INDICATIVE_PATTERN,Y32,28726,07:58:46,30,28756,07:59:16,87,Y32-T1,R-Y32-CW,UNVERIFIED_DEPOT_ALLOCATION_SOUTH,EAST_SECTION_12_STATIONS_ONLY,INDICATIVE_HEADWAY_SCHEDULE,UNVALIDATED_LACKS_BLOCK_INTERLOCKING_WHOLE_RING,"Covers only 12 East stations (Y29-Y01); lacks whole-ring loop, depot throat tracks, block signals, and interlocking models."
222,TR-CCW-019,EMU-CCW-20,COUNTERCLOCKWISE,EAST_SECTION_INDICATIVE_PATTERN,Y35,28731,07:58:51,45,28776,07:59:36,88,Y35-T2,R-Y35-CCW,UNVERIFIED_DEPOT_ALLOCATION_SOUTH,EAST_SECTION_12_STATIONS_ONLY,INDICATIVE_HEADWAY_SCHEDULE,UNVALIDATED_LACKS_BLOCK_INTERLOCKING_WHOLE_RING,"Covers only 12 East stations (Y29-Y01); lacks whole-ring loop, depot throat tracks, block signals, and interlocking models; short-turn Y22-Y38 incorrectly traverses all 12 stations."
244,TR-CCW-021,EMU-CCW-22,COUNTERCLOCKWISE,SHORT_TURN_Y22_Y38,Y37,28733,07:58:53,45,28778,07:59:38,85,Y37-T2,R-Y37-CCW,UNVERIFIED_DEPOT_ALLOCATION_EAST,EAST_SECTION_12_STATIONS_ONLY,INDICATIVE_HEADWAY_SCHEDULE,UNVALIDATED_LACKS_BLOCK_INTERLOCKING_WHOLE_RING,"Covers only 12 East stations (Y29-Y01); lacks whole-ring loop, depot throat tracks, block signals, and interlocking models; short-turn Y22-Y38 incorrectly traverses all 12 stations."
266,TR-CCW-023,EMU-CCW-24,COUNTERCLOCKWISE,EAST_SECTION_INDICATIVE_PATTERN,Y39,28738,07:58:58,30,28768,07:59:28,92,Y39-T2,R-Y39-CCW,UNVERIFIED_DEPOT_ALLOCATION_SOUTH,EAST_SECTION_12_STATIONS_ONLY,INDICATIVE_HEADWAY_SCHEDULE,UNVALIDATED_LACKS_BLOCK_INTERLOCKING_WHOLE_RING,"Covers only 12 East stations (Y29-Y01); lacks whole-ring loop, depot throat tracks, block signals, and interlocking models; short-turn Y22-Y38 incorrectly traverses all 12 stations."
720,TR-CW-011,EMU-CW-12,CLOCKWISE,EAST_SECTION_INDICATIVE_PATTERN,Y01,28743,07:59:03,45,28788,07:59:48,0,Y01-T1,R-Y01-CW,UNVERIFIED_DEPOT_ALLOCATION_SOUTH,EAST_SECTION_12_STATIONS_ONLY,INDICATIVE_HEADWAY_SCHEDULE,UNVALIDATED_LACKS_BLOCK_INTERLOCKING_WHOLE_RING,"Covers only 12 East stations (Y29-Y01); lacks whole-ring loop, depot throat tracks, block signals, and interlocking models."
179,TR-CCW-015,EMU-CCW-16,COUNTERCLOCKWISE,SHORT_TURN_Y22_Y38,Y30,28744,07:59:04,30,28774,07:59:34,89,Y30-T2,R-Y30-CCW,UNVERIFIED_DEPOT_ALLOCATION_EAST,EAST_SECTION_12_STATIONS_ONLY,INDICATIVE_HEADWAY_SCHEDULE,UNVALIDATED_LACKS_BLOCK_INTERLOCKING_WHOLE_RING,"Covers only 12 East stations (Y29-Y01); lacks whole-ring loop, depot throat tracks, block signals, and interlocking models; short-turn Y22-Y38 incorrectly traverses all 12 stations."
805,TR-CW-019,EMU-CW-20,CLOCKWISE,EAST_SECTION_INDICATIVE_PATTERN,Y29,28764,07:59:24,45,28809,08:00:09,89,Y29-T1,R-Y29-CW,UNVERIFIED_DEPOT_ALLOCATION_SOUTH,EAST_SECTION_12_STATIONS_ONLY,INDICATIVE_HEADWAY_SCHEDULE,UNVALIDATED_LACKS_BLOCK_INTERLOCKING_WHOLE_RING,"Covers only 12 East stations (Y29-Y01); lacks whole-ring loop, depot throat tracks, block signals, and interlocking models."
190,TR-CCW-016,EMU-CCW-17,COUNTERCLOCKWISE,EAST_SECTION_INDICATIVE_PATTERN,Y31,28772,07:59:32,30,28802,08:00:02,92,Y31-T2,R-Y31-CCW,UNVERIFIED_DEPOT_ALLOCATION_SOUTH,EAST_SECTION_12_STATIONS_ONLY,INDICATIVE_HEADWAY_SCHEDULE,UNVALIDATED_LACKS_BLOCK_INTERLOCKING_WHOLE_RING,"Covers only 12 East stations (Y29-Y01); lacks whole-ring loop, depot throat tracks, block signals, and interlocking models; short-turn Y22-Y38 incorrectly traverses all 12 stations."
742,TR-CW-013,EMU-CW-14,CLOCKWISE,EAST_SECTION_INDICATIVE_PATTERN,Y38,28779,07:59:39,45,28824,08:00:24,92,Y38-T1,R-Y38-CW,UNVERIFIED_DEPOT_ALLOCATION_SOUTH,EAST_SECTION_12_STATIONS_ONLY,INDICATIVE_HEADWAY_SCHEDULE,UNVALIDATED_LACKS_BLOCK_INTERLOCKING_WHOLE_RING,"Covers only 12 East stations (Y29-Y01); lacks whole-ring loop, depot throat tracks, block signals, and interlocking models."
774,TR-CW-016,EMU-CW-17,CLOCKWISE,EAST_SECTION_INDICATIVE_PATTERN,Y34,28784,07:59:44,30,28814,08:00:14,88,Y34-T1,R-Y34-CW,UNVERIFIED_DEPOT_ALLOCATION_SOUTH,EAST_SECTION_12_STATIONS_ONLY,INDICATIVE_HEADWAY_SCHEDULE,UNVALIDATED_LACKS_BLOCK_INTERLOCKING_WHOLE_RING,"Covers only 12 East stations (Y29-Y01); lacks whole-ring loop, depot throat tracks, block signals, and interlocking models."
289,TR-CCW-025,EMU-CCW-26,COUNTERCLOCKWISE,EAST_SECTION_INDICATIVE_PATTERN,Y01,28800,08:00:00,45,28845,08:00:45,193,Y01-T2,R-Y01-CCW,UNVERIFIED_DEPOT_ALLOCATION_SOUTH,EAST_SECTION_12_STATIONS_ONLY,INDICATIVE_HEADWAY_SCHEDULE,UNVALIDATED_LACKS_BLOCK_INTERLOCKING_WHOLE_RING,"Covers only 12 East stations (Y29-Y01); lacks whole-ring loop, depot throat tracks, block signals, and interlocking models; short-turn Y22-Y38 incorrectly traverses all 12 stations."
753,TR-CW-014,EMU-CW-15,CLOCKWISE,EAST_SECTION_INDICATIVE_PATTERN,Y37,28804,08:00:04,45,28849,08:00:49,128,Y37-T1,R-Y37-CW,UNVERIFIED_DEPOT_ALLOCATION_SOUTH,EAST_SECTION_12_STATIONS_ONLY,INDICATIVE_HEADWAY_SCHEDULE,UNVALIDATED_LACKS_BLOCK_INTERLOCKING_WHOLE_RING,"Covers only 12 East stations (Y29-Y01); lacks whole-ring loop, depot throat tracks, block signals, and interlocking models."
201,TR-CCW-017,EMU-CCW-18,COUNTERCLOCKWISE,EAST_SECTION_INDICATIVE_PATTERN,Y32,28820,08:00:20,30,28850,08:00:50,72,Y32-T2,R-Y32-CCW,UNVERIFIED_DEPOT_ALLOCATION_SOUTH,EAST_SECTION_12_STATIONS_ONLY,INDICATIVE_HEADWAY_SCHEDULE,UNVALIDATED_LACKS_BLOCK_INTERLOCKING_WHOLE_RING,"Covers only 12 East stations (Y29-Y01); lacks whole-ring loop, depot throat tracks, block signals, and interlocking models; short-turn Y22-Y38 incorrectly traverses all 12 stations."
795,TR-CW-018,EMU-CW-19,CLOCKWISE,EAST_SECTION_INDICATIVE_PATTERN,Y31,28822,08:00:22,30,28852,08:00:52,72,Y31-T1,R-Y31-CW,UNVERIFIED_DEPOT_ALLOCATION_SOUTH,EAST_SECTION_12_STATIONS_ONLY,INDICATIVE_HEADWAY_SCHEDULE,UNVALIDATED_LACKS_BLOCK_INTERLOCKING_WHOLE_RING,"Covers only 12 East stations (Y29-Y01); lacks whole-ring loop, depot throat tracks, block signals, and interlocking models."
212,TR-CCW-018,EMU-CCW-19,COUNTERCLOCKWISE,SHORT_TURN_Y22_Y38,Y33,28838,08:00:38,45,28883,08:01:23,87,Y33-T2,R-Y33-CCW,UNVERIFIED_DEPOT_ALLOCATION_EAST,EAST_SECTION_12_STATIONS_ONLY,INDICATIVE_HEADWAY_SCHEDULE,UNVALIDATED_LACKS_BLOCK_INTERLOCKING_WHOLE_RING,"Covers only 12 East stations (Y29-Y01); lacks whole-ring loop, depot throat tracks, block signals, and interlocking models; short-turn Y22-Y38 incorrectly traverses all 12 stations."
785,TR-CW-017,EMU-CW-18,CLOCKWISE,EAST_SECTION_INDICATIVE_PATTERN,Y33,28843,08:00:43,45,28888,08:01:28,94,Y33-T1,R-Y33-CW,UNVERIFIED_DEPOT_ALLOCATION_SOUTH,EAST_SECTION_12_STATIONS_ONLY,INDICATIVE_HEADWAY_SCHEDULE,UNVALIDATED_LACKS_BLOCK_INTERLOCKING_WHOLE_RING,"Covers only 12 East stations (Y29-Y01); lacks whole-ring loop, depot throat tracks, block signals, and interlocking models."
267,TR-CCW-023,EMU-CCW-24,COUNTERCLOCKWISE,EAST_SECTION_INDICATIVE_PATTERN,Y38,28860,08:01:00,45,28905,08:01:45,128,Y38-T2,R-Y38-CCW,UNVERIFIED_DEPOT_ALLOCATION_SOUTH,EAST_SECTION_12_STATIONS_ONLY,INDICATIVE_HEADWAY_SCHEDULE,UNVALIDATED_LACKS_BLOCK_INTERLOCKING_WHOLE_RING,"Covers only 12 East stations (Y29-Y01); lacks whole-ring loop, depot throat tracks, block signals, and interlocking models; short-turn Y22-Y38 incorrectly traverses all 12 stations."
180,TR-CCW-015,EMU-CCW-16,COUNTERCLOCKWISE,SHORT_TURN_Y22_Y38,Y29,28863,08:01:03,45,28908,08:01:48,0,Y29-T2,R-Y29-CCW,UNVERIFIED_DEPOT_ALLOCATION_EAST,EAST_SECTION_12_STATIONS_ONLY,INDICATIVE_HEADWAY_SCHEDULE,UNVALIDATED_LACKS_BLOCK_INTERLOCKING_WHOLE_RING,"Covers only 12 East stations (Y29-Y01); lacks whole-ring loop, depot throat tracks, block signals, and interlocking models; short-turn Y22-Y38 incorrectly traverses all 12 stations."
245,TR-CCW-021,EMU-CCW-22,COUNTERCLOCKWISE,SHORT_TURN_Y22_Y38,Y36,28863,08:01:03,45,28908,08:01:48,123,Y36-T2,R-Y36-CCW,UNVERIFIED_DEPOT_ALLOCATION_EAST,EAST_SECTION_12_STATIONS_ONLY,INDICATIVE_HEADWAY_SCHEDULE,UNVALIDATED_LACKS_BLOCK_INTERLOCKING_WHOLE_RING,"Covers only 12 East stations (Y29-Y01); lacks whole-ring loop, depot throat tracks, block signals, and interlocking models; short-turn Y22-Y38 incorrectly traverses all 12 stations."
223,TR-CCW-019,EMU-CCW-20,COUNTERCLOCKWISE,EAST_SECTION_INDICATIVE_PATTERN,Y34,28864,08:01:04,30,28894,08:01:34,94,Y34-T2,R-Y34-CCW,UNVERIFIED_DEPOT_ALLOCATION_SOUTH,EAST_SECTION_12_STATIONS_ONLY,INDICATIVE_HEADWAY_SCHEDULE,UNVALIDATED_LACKS_BLOCK_INTERLOCKING_WHOLE_RING,"Covers only 12 East stations (Y29-Y01); lacks whole-ring loop, depot throat tracks, block signals, and interlocking models; short-turn Y22-Y38 incorrectly traverses all 12 stations."
764,TR-CW-015,EMU-CW-16,CLOCKWISE,EAST_SECTION_INDICATIVE_PATTERN,Y36,28872,08:01:12,45,28917,08:01:57,85,Y36-T1,R-Y36-CW,UNVERIFIED_DEPOT_ALLOCATION_SOUTH,EAST_SECTION_12_STATIONS_ONLY,INDICATIVE_HEADWAY_SCHEDULE,UNVALIDATED_LACKS_BLOCK_INTERLOCKING_WHOLE_RING,"Covers only 12 East stations (Y29-Y01); lacks whole-ring loop, depot throat tracks, block signals, and interlocking models."
234,TR-CCW-020,EMU-CCW-21,COUNTERCLOCKWISE,EAST_SECTION_INDICATIVE_PATTERN,Y35,28881,08:01:21,45,28926,08:02:06,88,Y35-T2,R-Y35-CCW,UNVERIFIED_DEPOT_ALLOCATION_SOUTH,EAST_SECTION_12_STATIONS_ONLY,INDICATIVE_HEADWAY_SCHEDULE,UNVALIDATED_LACKS_BLOCK_INTERLOCKING_WHOLE_RING,"Covers only 12 East stations (Y29-Y01); lacks whole-ring loop, depot throat tracks, block signals, and interlocking models; short-turn Y22-Y38 incorrectly traverses all 12 stations."
256,TR-CCW-022,EMU-CCW-23,COUNTERCLOCKWISE,EAST_SECTION_INDICATIVE_PATTERN,Y37,28883,08:01:23,45,28928,08:02:08,85,Y37-T2,R-Y37-CCW,UNVERIFIED_DEPOT_ALLOCATION_SOUTH,EAST_SECTION_12_STATIONS_ONLY,INDICATIVE_HEADWAY_SCHEDULE,UNVALIDATED_LACKS_BLOCK_INTERLOCKING_WHOLE_RING,"Covers only 12 East stations (Y29-Y01); lacks whole-ring loop, depot throat tracks, block signals, and interlocking models; short-turn Y22-Y38 incorrectly traverses all 12 stations."
278,TR-CCW-024,EMU-CCW-25,COUNTERCLOCKWISE,SHORT_TURN_Y22_Y38,Y39,28888,08:01:28,30,28918,08:01:58,92,Y39-T2,R-Y39-CCW,UNVERIFIED_DEPOT_ALLOCATION_EAST,EAST_SECTION_12_STATIONS_ONLY,INDICATIVE_HEADWAY_SCHEDULE,UNVALIDATED_LACKS_BLOCK_INTERLOCKING_WHOLE_RING,"Covers only 12 East stations (Y29-Y01); lacks whole-ring loop, depot throat tracks, block signals, and interlocking models; short-turn Y22-Y38 incorrectly traverses all 12 stations."
191,TR-CCW-016,EMU-CCW-17,COUNTERCLOCKWISE,EAST_SECTION_INDICATIVE_PATTERN,Y30,28894,08:01:34,30,28924,08:02:04,89,Y30-T2,R-Y30-CCW,UNVERIFIED_DEPOT_ALLOCATION_SOUTH,EAST_SECTION_12_STATIONS_ONLY,INDICATIVE_HEADWAY_SCHEDULE,UNVALIDATED_LACKS_BLOCK_INTERLOCKING_WHOLE_RING,"Covers only 12 East stations (Y29-Y01); lacks whole-ring loop, depot throat tracks, block signals, and interlocking models; short-turn Y22-Y38 incorrectly traverses all 12 stations."
806,TR-CW-019,EMU-CW-20,CLOCKWISE,EAST_SECTION_INDICATIVE_PATTERN,Y30,28898,08:01:38,30,28928,08:02:08,92,Y30-T1,R-Y30-CW,UNVERIFIED_DEPOT_ALLOCATION_SOUTH,EAST_SECTION_12_STATIONS_ONLY,INDICATIVE_HEADWAY_SCHEDULE,UNVALIDATED_LACKS_BLOCK_INTERLOCKING_WHOLE_RING,"Covers only 12 East stations (Y29-Y01); lacks whole-ring loop, depot throat tracks, block signals, and interlocking models."
775,TR-CW-016,EMU-CW-17,CLOCKWISE,EAST_SECTION_INDICATIVE_PATTERN,Y35,28902,08:01:42,45,28947,08:02:27,123,Y35-T1,R-Y35-CW,UNVERIFIED_DEPOT_ALLOCATION_SOUTH,EAST_SECTION_12_STATIONS_ONLY,INDICATIVE_HEADWAY_SCHEDULE,UNVALIDATED_LACKS_BLOCK_INTERLOCKING_WHOLE_RING,"Covers only 12 East stations (Y29-Y01); lacks whole-ring loop, depot throat tracks, block signals, and interlocking models."
743,TR-CW-013,EMU-CW-14,CLOCKWISE,EAST_SECTION_INDICATIVE_PATTERN,Y39,28916,08:01:56,30,28946,08:02:26,193,Y39-T1,R-Y39-CW,UNVERIFIED_DEPOT_ALLOCATION_SOUTH,EAST_SECTION_12_STATIONS_ONLY,INDICATIVE_HEADWAY_SCHEDULE,UNVALIDATED_LACKS_BLOCK_INTERLOCKING_WHOLE_RING,"Covers only 12 East stations (Y29-Y01); lacks whole-ring loop, depot throat tracks, block signals, and interlocking models."
202,TR-CCW-017,EMU-CCW-18,COUNTERCLOCKWISE,EAST_SECTION_INDICATIVE_PATTERN,Y31,28922,08:02:02,30,28952,08:02:32,92,Y31-T2,R-Y31-CCW,UNVERIFIED_DEPOT_ALLOCATION_SOUTH,EAST_SECTION_12_STATIONS_ONLY,INDICATIVE_HEADWAY_SCHEDULE,UNVALIDATED_LACKS_BLOCK_INTERLOCKING_WHOLE_RING,"Covers only 12 East stations (Y29-Y01); lacks whole-ring loop, depot throat tracks, block signals, and interlocking models; short-turn Y22-Y38 incorrectly traverses all 12 stations."
796,TR-CW-018,EMU-CW-19,CLOCKWISE,EAST_SECTION_INDICATIVE_PATTERN,Y32,28924,08:02:04,30,28954,08:02:34,87,Y32-T1,R-Y32-CW,UNVERIFIED_DEPOT_ALLOCATION_SOUTH,EAST_SECTION_12_STATIONS_ONLY,INDICATIVE_HEADWAY_SCHEDULE,UNVALIDATED_LACKS_BLOCK_INTERLOCKING_WHOLE_RING,"Covers only 12 East stations (Y29-Y01); lacks whole-ring loop, depot throat tracks, block signals, and interlocking models."
732,TR-CW-012,EMU-CW-13,CLOCKWISE,EAST_SECTION_INDICATIVE_PATTERN,Y01,28941,08:02:21,45,28986,08:03:06,0,Y01-T1,R-Y01-CW,UNVERIFIED_DEPOT_ALLOCATION_SOUTH,EAST_SECTION_12_STATIONS_ONLY,INDICATIVE_HEADWAY_SCHEDULE,UNVALIDATED_LACKS_BLOCK_INTERLOCKING_WHOLE_RING,"Covers only 12 East stations (Y29-Y01); lacks whole-ring loop, depot throat tracks, block signals, and interlocking models."
301,TR-CCW-026,EMU-CCW-27,COUNTERCLOCKWISE,EAST_SECTION_INDICATIVE_PATTERN,Y01,28950,08:02:30,45,28995,08:03:15,193,Y01-T2,R-Y01-CCW,UNVERIFIED_DEPOT_ALLOCATION_SOUTH,EAST_SECTION_12_STATIONS_ONLY,INDICATIVE_HEADWAY_SCHEDULE,UNVALIDATED_LACKS_BLOCK_INTERLOCKING_WHOLE_RING,"Covers only 12 East stations (Y29-Y01); lacks whole-ring loop, depot throat tracks, block signals, and interlocking models; short-turn Y22-Y38 incorrectly traverses all 12 stations."
817,TR-CW-020,EMU-CW-21,CLOCKWISE,EAST_SECTION_INDICATIVE_PATTERN,Y29,28962,08:02:42,45,29007,08:03:27,89,Y29-T1,R-Y29-CW,UNVERIFIED_DEPOT_ALLOCATION_SOUTH,EAST_SECTION_12_STATIONS_ONLY,INDICATIVE_HEADWAY_SCHEDULE,UNVALIDATED_LACKS_BLOCK_INTERLOCKING_WHOLE_RING,"Covers only 12 East stations (Y29-Y01); lacks whole-ring loop, depot throat tracks, block signals, and interlocking models."
213,TR-CCW-018,EMU-CCW-19,COUNTERCLOCKWISE,SHORT_TURN_Y22_Y38,Y32,28970,08:02:50,30,29000,08:03:20,72,Y32-T2,R-Y32-CCW,UNVERIFIED_DEPOT_ALLOCATION_EAST,EAST_SECTION_12_STATIONS_ONLY,INDICATIVE_HEADWAY_SCHEDULE,UNVALIDATED_LACKS_BLOCK_INTERLOCKING_WHOLE_RING,"Covers only 12 East stations (Y29-Y01); lacks whole-ring loop, depot throat tracks, block signals, and interlocking models; short-turn Y22-Y38 incorrectly traverses all 12 stations."
754,TR-CW-014,EMU-CW-15,CLOCKWISE,EAST_SECTION_INDICATIVE_PATTERN,Y38,28977,08:02:57,45,29022,08:03:42,92,Y38-T1,R-Y38-CW,UNVERIFIED_DEPOT_ALLOCATION_SOUTH,EAST_SECTION_12_STATIONS_ONLY,INDICATIVE_HEADWAY_SCHEDULE,UNVALIDATED_LACKS_BLOCK_INTERLOCKING_WHOLE_RING,"Covers only 12 East stations (Y29-Y01); lacks whole-ring loop, depot throat tracks, block signals, and interlocking models."
786,TR-CW-017,EMU-CW-18,CLOCKWISE,EAST_SECTION_INDICATIVE_PATTERN,Y34,28982,08:03:02,30,29012,08:03:32,88,Y34-T1,R-Y34-CW,UNVERIFIED_DEPOT_ALLOCATION_SOUTH,EAST_SECTION_12_STATIONS_ONLY,INDICATIVE_HEADWAY_SCHEDULE,UNVALIDATED_LACKS_BLOCK_INTERLOCKING_WHOLE_RING,"Covers only 12 East stations (Y29-Y01); lacks whole-ring loop, depot throat tracks, block signals, and interlocking models."
224,TR-CCW-019,EMU-CCW-20,COUNTERCLOCKWISE,EAST_SECTION_INDICATIVE_PATTERN,Y33,28988,08:03:08,45,29033,08:03:53,87,Y33-T2,R-Y33-CCW,UNVERIFIED_DEPOT_ALLOCATION_SOUTH,EAST_SECTION_12_STATIONS_ONLY,INDICATIVE_HEADWAY_SCHEDULE,UNVALIDATED_LACKS_BLOCK_INTERLOCKING_WHOLE_RING,"Covers only 12 East stations (Y29-Y01); lacks whole-ring loop, depot throat tracks, block signals, and interlocking models; short-turn Y22-Y38 incorrectly traverses all 12 stations."
765,TR-CW-015,EMU-CW-16,CLOCKWISE,EAST_SECTION_INDICATIVE_PATTERN,Y37,29002,08:03:22,45,29047,08:04:07,128,Y37-T1,R-Y37-CW,UNVERIFIED_DEPOT_ALLOCATION_SOUTH,EAST_SECTION_12_STATIONS_ONLY,INDICATIVE_HEADWAY_SCHEDULE,UNVALIDATED_LACKS_BLOCK_INTERLOCKING_WHOLE_RING,"Covers only 12 East stations (Y29-Y01); lacks whole-ring loop, depot throat tracks, block signals, and interlocking models."
279,TR-CCW-024,EMU-CCW-25,COUNTERCLOCKWISE,SHORT_TURN_Y22_Y38,Y38,29010,08:03:30,45,29055,08:04:15,128,Y38-T2,R-Y38-CCW,UNVERIFIED_DEPOT_ALLOCATION_EAST,EAST_SECTION_12_STATIONS_ONLY,INDICATIVE_HEADWAY_SCHEDULE,UNVALIDATED_LACKS_BLOCK_INTERLOCKING_WHOLE_RING,"Covers only 12 East stations (Y29-Y01); lacks whole-ring loop, depot throat tracks, block signals, and interlocking models; short-turn Y22-Y38 incorrectly traverses all 12 stations."
192,TR-CCW-016,EMU-CCW-17,COUNTERCLOCKWISE,EAST_SECTION_INDICATIVE_PATTERN,Y29,29013,08:03:33,45,29058,08:04:18,0,Y29-T2,R-Y29-CCW,UNVERIFIED_DEPOT_ALLOCATION_SOUTH,EAST_SECTION_12_STATIONS_ONLY,INDICATIVE_HEADWAY_SCHEDULE,UNVALIDATED_LACKS_BLOCK_INTERLOCKING_WHOLE_RING,"Covers only 12 East stations (Y29-Y01); lacks whole-ring loop, depot throat tracks, block signals, and interlocking models; short-turn Y22-Y38 incorrectly traverses all 12 stations."
257,TR-CCW-022,EMU-CCW-23,COUNTERCLOCKWISE,EAST_SECTION_INDICATIVE_PATTERN,Y36,29013,08:03:33,45,29058,08:04:18,123,Y36-T2,R-Y36-CCW,UNVERIFIED_DEPOT_ALLOCATION_SOUTH,EAST_SECTION_12_STATIONS_ONLY,INDICATIVE_HEADWAY_SCHEDULE,UNVALIDATED_LACKS_BLOCK_INTERLOCKING_WHOLE_RING,"Covers only 12 East stations (Y29-Y01); lacks whole-ring loop, depot throat tracks, block signals, and interlocking models; short-turn Y22-Y38 incorrectly traverses all 12 stations."
235,TR-CCW-020,EMU-CCW-21,COUNTERCLOCKWISE,EAST_SECTION_INDICATIVE_PATTERN,Y34,29014,08:03:34,30,29044,08:04:04,94,Y34-T2,R-Y34-CCW,UNVERIFIED_DEPOT_ALLOCATION_SOUTH,EAST_SECTION_12_STATIONS_ONLY,INDICATIVE_HEADWAY_SCHEDULE,UNVALIDATED_LACKS_BLOCK_INTERLOCKING_WHOLE_RING,"Covers only 12 East stations (Y29-Y01); lacks whole-ring loop, depot throat tracks, block signals, and interlocking models; short-turn Y22-Y38 incorrectly traverses all 12 stations."
807,TR-CW-019,EMU-CW-20,CLOCKWISE,EAST_SECTION_INDICATIVE_PATTERN,Y31,29020,08:03:40,30,29050,08:04:10,72,Y31-T1,R-Y31-CW,UNVERIFIED_DEPOT_ALLOCATION_SOUTH,EAST_SECTION_12_STATIONS_ONLY,INDICATIVE_HEADWAY_SCHEDULE,UNVALIDATED_LACKS_BLOCK_INTERLOCKING_WHOLE_RING,"Covers only 12 East stations (Y29-Y01); lacks whole-ring loop, depot throat tracks, block signals, and interlocking models."
246,TR-CCW-021,EMU-CCW-22,COUNTERCLOCKWISE,SHORT_TURN_Y22_Y38,Y35,29031,08:03:51,45,29076,08:04:36,88,Y35-T2,R-Y35-CCW,UNVERIFIED_DEPOT_ALLOCATION_EAST,EAST_SECTION_12_STATIONS_ONLY,INDICATIVE_HEADWAY_SCHEDULE,UNVALIDATED_LACKS_BLOCK_INTERLOCKING_WHOLE_RING,"Covers only 12 East stations (Y29-Y01); lacks whole-ring loop, depot throat tracks, block signals, and interlocking models; short-turn Y22-Y38 incorrectly traverses all 12 stations."
268,TR-CCW-023,EMU-CCW-24,COUNTERCLOCKWISE,EAST_SECTION_INDICATIVE_PATTERN,Y37,29033,08:03:53,45,29078,08:04:38,85,Y37-T2,R-Y37-CCW,UNVERIFIED_DEPOT_ALLOCATION_SOUTH,EAST_SECTION_12_STATIONS_ONLY,INDICATIVE_HEADWAY_SCHEDULE,UNVALIDATED_LACKS_BLOCK_INTERLOCKING_WHOLE_RING,"Covers only 12 East stations (Y29-Y01); lacks whole-ring loop, depot throat tracks, block signals, and interlocking models; short-turn Y22-Y38 incorrectly traverses all 12 stations."
290,TR-CCW-025,EMU-CCW-26,COUNTERCLOCKWISE,EAST_SECTION_INDICATIVE_PATTERN,Y39,29038,08:03:58,30,29068,08:04:28,92,Y39-T2,R-Y39-CCW,UNVERIFIED_DEPOT_ALLOCATION_SOUTH,EAST_SECTION_12_STATIONS_ONLY,INDICATIVE_HEADWAY_SCHEDULE,UNVALIDATED_LACKS_BLOCK_INTERLOCKING_WHOLE_RING,"Covers only 12 East stations (Y29-Y01); lacks whole-ring loop, depot throat tracks, block signals, and interlocking models; short-turn Y22-Y38 incorrectly traverses all 12 stations."
797,TR-CW-018,EMU-CW-19,CLOCKWISE,EAST_SECTION_INDICATIVE_PATTERN,Y33,29041,08:04:01,45,29086,08:04:46,94,Y33-T1,R-Y33-CW,UNVERIFIED_DEPOT_ALLOCATION_SOUTH,EAST_SECTION_12_STATIONS_ONLY,INDICATIVE_HEADWAY_SCHEDULE,UNVALIDATED_LACKS_BLOCK_INTERLOCKING_WHOLE_RING,"Covers only 12 East stations (Y29-Y01); lacks whole-ring loop, depot throat tracks, block signals, and interlocking models."
203,TR-CCW-017,EMU-CCW-18,COUNTERCLOCKWISE,EAST_SECTION_INDICATIVE_PATTERN,Y30,29044,08:04:04,30,29074,08:04:34,89,Y30-T2,R-Y30-CCW,UNVERIFIED_DEPOT_ALLOCATION_SOUTH,EAST_SECTION_12_STATIONS_ONLY,INDICATIVE_HEADWAY_SCHEDULE,UNVALIDATED_LACKS_BLOCK_INTERLOCKING_WHOLE_RING,"Covers only 12 East stations (Y29-Y01); lacks whole-ring loop, depot throat tracks, block signals, and interlocking models; short-turn Y22-Y38 incorrectly traverses all 12 stations."
776,TR-CW-016,EMU-CW-17,CLOCKWISE,EAST_SECTION_INDICATIVE_PATTERN,Y36,29070,08:04:30,45,29115,08:05:15,85,Y36-T1,R-Y36-CW,UNVERIFIED_DEPOT_ALLOCATION_SOUTH,EAST_SECTION_12_STATIONS_ONLY,INDICATIVE_HEADWAY_SCHEDULE,UNVALIDATED_LACKS_BLOCK_INTERLOCKING_WHOLE_RING,"Covers only 12 East stations (Y29-Y01); lacks whole-ring loop, depot throat tracks, block signals, and interlocking models."
214,TR-CCW-018,EMU-CCW-19,COUNTERCLOCKWISE,SHORT_TURN_Y22_Y38,Y31,29072,08:04:32,30,29102,08:05:02,92,Y31-T2,R-Y31-CCW,UNVERIFIED_DEPOT_ALLOCATION_EAST,EAST_SECTION_12_STATIONS_ONLY,INDICATIVE_HEADWAY_SCHEDULE,UNVALIDATED_LACKS_BLOCK_INTERLOCKING_WHOLE_RING,"Covers only 12 East stations (Y29-Y01); lacks whole-ring loop, depot throat tracks, block signals, and interlocking models; short-turn Y22-Y38 incorrectly traverses all 12 stations."
818,TR-CW-020,EMU-CW-21,CLOCKWISE,EAST_SECTION_INDICATIVE_PATTERN,Y30,29096,08:04:56,30,29126,08:05:26,92,Y30-T1,R-Y30-CW,UNVERIFIED_DEPOT_ALLOCATION_SOUTH,EAST_SECTION_12_STATIONS_ONLY,INDICATIVE_HEADWAY_SCHEDULE,UNVALIDATED_LACKS_BLOCK_INTERLOCKING_WHOLE_RING,"Covers only 12 East stations (Y29-Y01); lacks whole-ring loop, depot throat tracks, block signals, and interlocking models."
313,TR-CCW-027,EMU-CCW-28,COUNTERCLOCKWISE,SHORT_TURN_Y22_Y38,Y01,29100,08:05:00,45,29145,08:05:45,193,Y01-T2,R-Y01-CCW,UNVERIFIED_DEPOT_ALLOCATION_EAST,EAST_SECTION_12_STATIONS_ONLY,INDICATIVE_HEADWAY_SCHEDULE,UNVALIDATED_LACKS_BLOCK_INTERLOCKING_WHOLE_RING,"Covers only 12 East stations (Y29-Y01); lacks whole-ring loop, depot throat tracks, block signals, and interlocking models; short-turn Y22-Y38 incorrectly traverses all 12 stations."
787,TR-CW-017,EMU-CW-18,CLOCKWISE,EAST_SECTION_INDICATIVE_PATTERN,Y35,29100,08:05:00,45,29145,08:05:45,123,Y35-T1,R-Y35-CW,UNVERIFIED_DEPOT_ALLOCATION_SOUTH,EAST_SECTION_12_STATIONS_ONLY,INDICATIVE_HEADWAY_SCHEDULE,UNVALIDATED_LACKS_BLOCK_INTERLOCKING_WHOLE_RING,"Covers only 12 East stations (Y29-Y01); lacks whole-ring loop, depot throat tracks, block signals, and interlocking models."
755,TR-CW-014,EMU-CW-15,CLOCKWISE,EAST_SECTION_INDICATIVE_PATTERN,Y39,29114,08:05:14,30,29144,08:05:44,193,Y39-T1,R-Y39-CW,UNVERIFIED_DEPOT_ALLOCATION_SOUTH,EAST_SECTION_12_STATIONS_ONLY,INDICATIVE_HEADWAY_SCHEDULE,UNVALIDATED_LACKS_BLOCK_INTERLOCKING_WHOLE_RING,"Covers only 12 East stations (Y29-Y01); lacks whole-ring loop, depot throat tracks, block signals, and interlocking models."
225,TR-CCW-019,EMU-CCW-20,COUNTERCLOCKWISE,EAST_SECTION_INDICATIVE_PATTERN,Y32,29120,08:05:20,30,29150,08:05:50,72,Y32-T2,R-Y32-CCW,UNVERIFIED_DEPOT_ALLOCATION_SOUTH,EAST_SECTION_12_STATIONS_ONLY,INDICATIVE_HEADWAY_SCHEDULE,UNVALIDATED_LACKS_BLOCK_INTERLOCKING_WHOLE_RING,"Covers only 12 East stations (Y29-Y01); lacks whole-ring loop, depot throat tracks, block signals, and interlocking models; short-turn Y22-Y38 incorrectly traverses all 12 stations."
808,TR-CW-019,EMU-CW-20,CLOCKWISE,EAST_SECTION_INDICATIVE_PATTERN,Y32,29122,08:05:22,30,29152,08:05:52,87,Y32-T1,R-Y32-CW,UNVERIFIED_DEPOT_ALLOCATION_SOUTH,EAST_SECTION_12_STATIONS_ONLY,INDICATIVE_HEADWAY_SCHEDULE,UNVALIDATED_LACKS_BLOCK_INTERLOCKING_WHOLE_RING,"Covers only 12 East stations (Y29-Y01); lacks whole-ring loop, depot throat tracks, block signals, and interlocking models."
236,TR-CCW-020,EMU-CCW-21,COUNTERCLOCKWISE,EAST_SECTION_INDICATIVE_PATTERN,Y33,29138,08:05:38,45,29183,08:06:23,87,Y33-T2,R-Y33-CCW,UNVERIFIED_DEPOT_ALLOCATION_SOUTH,EAST_SECTION_12_STATIONS_ONLY,INDICATIVE_HEADWAY_SCHEDULE,UNVALIDATED_LACKS_BLOCK_INTERLOCKING_WHOLE_RING,"Covers only 12 East stations (Y29-Y01); lacks whole-ring loop, depot throat tracks, block signals, and interlocking models; short-turn Y22-Y38 incorrectly traverses all 12 stations."
744,TR-CW-013,EMU-CW-14,CLOCKWISE,EAST_SECTION_INDICATIVE_PATTERN,Y01,29139,08:05:39,45,29184,08:06:24,0,Y01-T1,R-Y01-CW,UNVERIFIED_DEPOT_ALLOCATION_SOUTH,EAST_SECTION_12_STATIONS_ONLY,INDICATIVE_HEADWAY_SCHEDULE,UNVALIDATED_LACKS_BLOCK_INTERLOCKING_WHOLE_RING,"Covers only 12 East stations (Y29-Y01); lacks whole-ring loop, depot throat tracks, block signals, and interlocking models."
291,TR-CCW-025,EMU-CCW-26,COUNTERCLOCKWISE,EAST_SECTION_INDICATIVE_PATTERN,Y38,29160,08:06:00,45,29205,08:06:45,128,Y38-T2,R-Y38-CCW,UNVERIFIED_DEPOT_ALLOCATION_SOUTH,EAST_SECTION_12_STATIONS_ONLY,INDICATIVE_HEADWAY_SCHEDULE,UNVALIDATED_LACKS_BLOCK_INTERLOCKING_WHOLE_RING,"Covers only 12 East stations (Y29-Y01); lacks whole-ring loop, depot throat tracks, block signals, and interlocking models; short-turn Y22-Y38 incorrectly traverses all 12 stations."
829,TR-CW-021,EMU-CW-22,CLOCKWISE,EAST_SECTION_INDICATIVE_PATTERN,Y29,29160,08:06:00,45,29205,08:06:45,89,Y29-T1,R-Y29-CW,UNVERIFIED_DEPOT_ALLOCATION_SOUTH,EAST_SECTION_12_STATIONS_ONLY,INDICATIVE_HEADWAY_SCHEDULE,UNVALIDATED_LACKS_BLOCK_INTERLOCKING_WHOLE_RING,"Covers only 12 East stations (Y29-Y01); lacks whole-ring loop, depot throat tracks, block signals, and interlocking models."
204,TR-CCW-017,EMU-CCW-18,COUNTERCLOCKWISE,EAST_SECTION_INDICATIVE_PATTERN,Y29,29163,08:06:03,45,29208,08:06:48,0,Y29-T2,R-Y29-CCW,UNVERIFIED_DEPOT_ALLOCATION_SOUTH,EAST_SECTION_12_STATIONS_ONLY,INDICATIVE_HEADWAY_SCHEDULE,UNVALIDATED_LACKS_BLOCK_INTERLOCKING_WHOLE_RING,"Covers only 12 East stations (Y29-Y01); lacks whole-ring loop, depot throat tracks, block signals, and interlocking models; short-turn Y22-Y38 incorrectly traverses all 12 stations."
269,TR-CCW-023,EMU-CCW-24,COUNTERCLOCKWISE,EAST_SECTION_INDICATIVE_PATTERN,Y36,29163,08:06:03,45,29208,08:06:48,123,Y36-T2,R-Y36-CCW,UNVERIFIED_DEPOT_ALLOCATION_SOUTH,EAST_SECTION_12_STATIONS_ONLY,INDICATIVE_HEADWAY_SCHEDULE,UNVALIDATED_LACKS_BLOCK_INTERLOCKING_WHOLE_RING,"Covers only 12 East stations (Y29-Y01); lacks whole-ring loop, depot throat tracks, block signals, and interlocking models; short-turn Y22-Y38 incorrectly traverses all 12 stations."
247,TR-CCW-021,EMU-CCW-22,COUNTERCLOCKWISE,SHORT_TURN_Y22_Y38,Y34,29164,08:06:04,30,29194,08:06:34,94,Y34-T2,R-Y34-CCW,UNVERIFIED_DEPOT_ALLOCATION_EAST,EAST_SECTION_12_STATIONS_ONLY,INDICATIVE_HEADWAY_SCHEDULE,UNVALIDATED_LACKS_BLOCK_INTERLOCKING_WHOLE_RING,"Covers only 12 East stations (Y29-Y01); lacks whole-ring loop, depot throat tracks, block signals, and interlocking models; short-turn Y22-Y38 incorrectly traverses all 12 stations."
766,TR-CW-015,EMU-CW-16,CLOCKWISE,EAST_SECTION_INDICATIVE_PATTERN,Y38,29175,08:06:15,45,29220,08:07:00,92,Y38-T1,R-Y38-CW,UNVERIFIED_DEPOT_ALLOCATION_SOUTH,EAST_SECTION_12_STATIONS_ONLY,INDICATIVE_HEADWAY_SCHEDULE,UNVALIDATED_LACKS_BLOCK_INTERLOCKING_WHOLE_RING,"Covers only 12 East stations (Y29-Y01); lacks whole-ring loop, depot throat tracks, block signals, and interlocking models."
798,TR-CW-018,EMU-CW-19,CLOCKWISE,EAST_SECTION_INDICATIVE_PATTERN,Y34,29180,08:06:20,30,29210,08:06:50,88,Y34-T1,R-Y34-CW,UNVERIFIED_DEPOT_ALLOCATION_SOUTH,EAST_SECTION_12_STATIONS_ONLY,INDICATIVE_HEADWAY_SCHEDULE,UNVALIDATED_LACKS_BLOCK_INTERLOCKING_WHOLE_RING,"Covers only 12 East stations (Y29-Y01); lacks whole-ring loop, depot throat tracks, block signals, and interlocking models."
258,TR-CCW-022,EMU-CCW-23,COUNTERCLOCKWISE,EAST_SECTION_INDICATIVE_PATTERN,Y35,29181,08:06:21,45,29226,08:07:06,88,Y35-T2,R-Y35-CCW,UNVERIFIED_DEPOT_ALLOCATION_SOUTH,EAST_SECTION_12_STATIONS_ONLY,INDICATIVE_HEADWAY_SCHEDULE,UNVALIDATED_LACKS_BLOCK_INTERLOCKING_WHOLE_RING,"Covers only 12 East stations (Y29-Y01); lacks whole-ring loop, depot throat tracks, block signals, and interlocking models; short-turn Y22-Y38 incorrectly traverses all 12 stations."
280,TR-CCW-024,EMU-CCW-25,COUNTERCLOCKWISE,SHORT_TURN_Y22_Y38,Y37,29183,08:06:23,45,29228,08:07:08,85,Y37-T2,R-Y37-CCW,UNVERIFIED_DEPOT_ALLOCATION_EAST,EAST_SECTION_12_STATIONS_ONLY,INDICATIVE_HEADWAY_SCHEDULE,UNVALIDATED_LACKS_BLOCK_INTERLOCKING_WHOLE_RING,"Covers only 12 East stations (Y29-Y01); lacks whole-ring loop, depot throat tracks, block signals, and interlocking models; short-turn Y22-Y38 incorrectly traverses all 12 stations."
302,TR-CCW-026,EMU-CCW-27,COUNTERCLOCKWISE,EAST_SECTION_INDICATIVE_PATTERN,Y39,29188,08:06:28,30,29218,08:06:58,92,Y39-T2,R-Y39-CCW,UNVERIFIED_DEPOT_ALLOCATION_SOUTH,EAST_SECTION_12_STATIONS_ONLY,INDICATIVE_HEADWAY_SCHEDULE,UNVALIDATED_LACKS_BLOCK_INTERLOCKING_WHOLE_RING,"Covers only 12 East stations (Y29-Y01); lacks whole-ring loop, depot throat tracks, block signals, and interlocking models; short-turn Y22-Y38 incorrectly traverses all 12 stations."
215,TR-CCW-018,EMU-CCW-19,COUNTERCLOCKWISE,SHORT_TURN_Y22_Y38,Y30,29194,08:06:34,30,29224,08:07:04,89,Y30-T2,R-Y30-CCW,UNVERIFIED_DEPOT_ALLOCATION_EAST,EAST_SECTION_12_STATIONS_ONLY,INDICATIVE_HEADWAY_SCHEDULE,UNVALIDATED_LACKS_BLOCK_INTERLOCKING_WHOLE_RING,"Covers only 12 East stations (Y29-Y01); lacks whole-ring loop, depot throat tracks, block signals, and interlocking models; short-turn Y22-Y38 incorrectly traverses all 12 stations."
777,TR-CW-016,EMU-CW-17,CLOCKWISE,EAST_SECTION_INDICATIVE_PATTERN,Y37,29200,08:06:40,45,29245,08:07:25,128,Y37-T1,R-Y37-CW,UNVERIFIED_DEPOT_ALLOCATION_SOUTH,EAST_SECTION_12_STATIONS_ONLY,INDICATIVE_HEADWAY_SCHEDULE,UNVALIDATED_LACKS_BLOCK_INTERLOCKING_WHOLE_RING,"Covers only 12 East stations (Y29-Y01); lacks whole-ring loop, depot throat tracks, block signals, and interlocking models."
819,TR-CW-020,EMU-CW-21,CLOCKWISE,EAST_SECTION_INDICATIVE_PATTERN,Y31,29218,08:06:58,30,29248,08:07:28,72,Y31-T1,R-Y31-CW,UNVERIFIED_DEPOT_ALLOCATION_SOUTH,EAST_SECTION_12_STATIONS_ONLY,INDICATIVE_HEADWAY_SCHEDULE,UNVALIDATED_LACKS_BLOCK_INTERLOCKING_WHOLE_RING,"Covers only 12 East stations (Y29-Y01); lacks whole-ring loop, depot throat tracks, block signals, and interlocking models."
226,TR-CCW-019,EMU-CCW-20,COUNTERCLOCKWISE,EAST_SECTION_INDICATIVE_PATTERN,Y31,29222,08:07:02,30,29252,08:07:32,92,Y31-T2,R-Y31-CCW,UNVERIFIED_DEPOT_ALLOCATION_SOUTH,EAST_SECTION_12_STATIONS_ONLY,INDICATIVE_HEADWAY_SCHEDULE,UNVALIDATED_LACKS_BLOCK_INTERLOCKING_WHOLE_RING,"Covers only 12 East stations (Y29-Y01); lacks whole-ring loop, depot throat tracks, block signals, and interlocking models; short-turn Y22-Y38 incorrectly traverses all 12 stations."
809,TR-CW-019,EMU-CW-20,CLOCKWISE,EAST_SECTION_INDICATIVE_PATTERN,Y33,29239,08:07:19,45,29284,08:08:04,94,Y33-T1,R-Y33-CW,UNVERIFIED_DEPOT_ALLOCATION_SOUTH,EAST_SECTION_12_STATIONS_ONLY,INDICATIVE_HEADWAY_SCHEDULE,UNVALIDATED_LACKS_BLOCK_INTERLOCKING_WHOLE_RING,"Covers only 12 East stations (Y29-Y01); lacks whole-ring loop, depot throat tracks, block signals, and interlocking models."
325,TR-CCW-028,EMU-CCW-29,COUNTERCLOCKWISE,EAST_SECTION_INDICATIVE_PATTERN,Y01,29250,08:07:30,45,29295,08:08:15,193,Y01-T2,R-Y01-CCW,UNVERIFIED_DEPOT_ALLOCATION_SOUTH,EAST_SECTION_12_STATIONS_ONLY,INDICATIVE_HEADWAY_SCHEDULE,UNVALIDATED_LACKS_BLOCK_INTERLOCKING_WHOLE_RING,"Covers only 12 East stations (Y29-Y01); lacks whole-ring loop, depot throat tracks, block signals, and interlocking models; short-turn Y22-Y38 incorrectly traverses all 12 stations."
788,TR-CW-017,EMU-CW-18,CLOCKWISE,EAST_SECTION_INDICATIVE_PATTERN,Y36,29268,08:07:48,45,29313,08:08:33,85,Y36-T1,R-Y36-CW,UNVERIFIED_DEPOT_ALLOCATION_SOUTH,EAST_SECTION_12_STATIONS_ONLY,INDICATIVE_HEADWAY_SCHEDULE,UNVALIDATED_LACKS_BLOCK_INTERLOCKING_WHOLE_RING,"Covers only 12 East stations (Y29-Y01); lacks whole-ring loop, depot throat tracks, block signals, and interlocking models."
237,TR-CCW-020,EMU-CCW-21,COUNTERCLOCKWISE,EAST_SECTION_INDICATIVE_PATTERN,Y32,29270,08:07:50,30,29300,08:08:20,72,Y32-T2,R-Y32-CCW,UNVERIFIED_DEPOT_ALLOCATION_SOUTH,EAST_SECTION_12_STATIONS_ONLY,INDICATIVE_HEADWAY_SCHEDULE,UNVALIDATED_LACKS_BLOCK_INTERLOCKING_WHOLE_RING,"Covers only 12 East stations (Y29-Y01); lacks whole-ring loop, depot throat tracks, block signals, and interlocking models; short-turn Y22-Y38 incorrectly traverses all 12 stations."
248,TR-CCW-021,EMU-CCW-22,COUNTERCLOCKWISE,SHORT_TURN_Y22_Y38,Y33,29288,08:08:08,45,29333,08:08:53,87,Y33-T2,R-Y33-CCW,UNVERIFIED_DEPOT_ALLOCATION_EAST,EAST_SECTION_12_STATIONS_ONLY,INDICATIVE_HEADWAY_SCHEDULE,UNVALIDATED_LACKS_BLOCK_INTERLOCKING_WHOLE_RING,"Covers only 12 East stations (Y29-Y01); lacks whole-ring loop, depot throat tracks, block signals, and interlocking models; short-turn Y22-Y38 incorrectly traverses all 12 stations."
830,TR-CW-021,EMU-CW-22,CLOCKWISE,EAST_SECTION_INDICATIVE_PATTERN,Y30,29294,08:08:14,30,29324,08:08:44,92,Y30-T1,R-Y30-CW,UNVERIFIED_DEPOT_ALLOCATION_SOUTH,EAST_SECTION_12_STATIONS_ONLY,INDICATIVE_HEADWAY_SCHEDULE,UNVALIDATED_LACKS_BLOCK_INTERLOCKING_WHOLE_RING,"Covers only 12 East stations (Y29-Y01); lacks whole-ring loop, depot throat tracks, block signals, and interlocking models."
799,TR-CW-018,EMU-CW-19,CLOCKWISE,EAST_SECTION_INDICATIVE_PATTERN,Y35,29298,08:08:18,45,29343,08:09:03,123,Y35-T1,R-Y35-CW,UNVERIFIED_DEPOT_ALLOCATION_SOUTH,EAST_SECTION_12_STATIONS_ONLY,INDICATIVE_HEADWAY_SCHEDULE,UNVALIDATED_LACKS_BLOCK_INTERLOCKING_WHOLE_RING,"Covers only 12 East stations (Y29-Y01); lacks whole-ring loop, depot throat tracks, block signals, and interlocking models."
303,TR-CCW-026,EMU-CCW-27,COUNTERCLOCKWISE,EAST_SECTION_INDICATIVE_PATTERN,Y38,29310,08:08:30,45,29355,08:09:15,128,Y38-T2,R-Y38-CCW,UNVERIFIED_DEPOT_ALLOCATION_SOUTH,EAST_SECTION_12_STATIONS_ONLY,INDICATIVE_HEADWAY_SCHEDULE,UNVALIDATED_LACKS_BLOCK_INTERLOCKING_WHOLE_RING,"Covers only 12 East stations (Y29-Y01); lacks whole-ring loop, depot throat tracks, block signals, and interlocking models; short-turn Y22-Y38 incorrectly traverses all 12 stations."
767,TR-CW-015,EMU-CW-16,CLOCKWISE,EAST_SECTION_INDICATIVE_PATTERN,Y39,29312,08:08:32,30,29342,08:09:02,193,Y39-T1,R-Y39-CW,UNVERIFIED_DEPOT_ALLOCATION_SOUTH,EAST_SECTION_12_STATIONS_ONLY,INDICATIVE_HEADWAY_SCHEDULE,UNVALIDATED_LACKS_BLOCK_INTERLOCKING_WHOLE_RING,"Covers only 12 East stations (Y29-Y01); lacks whole-ring loop, depot throat tracks, block signals, and interlocking models."
216,TR-CCW-018,EMU-CCW-19,COUNTERCLOCKWISE,SHORT_TURN_Y22_Y38,Y29,29313,08:08:33,45,29358,08:09:18,0,Y29-T2,R-Y29-CCW,UNVERIFIED_DEPOT_ALLOCATION_EAST,EAST_SECTION_12_STATIONS_ONLY,INDICATIVE_HEADWAY_SCHEDULE,UNVALIDATED_LACKS_BLOCK_INTERLOCKING_WHOLE_RING,"Covers only 12 East stations (Y29-Y01); lacks whole-ring loop, depot throat tracks, block signals, and interlocking models; short-turn Y22-Y38 incorrectly traverses all 12 stations."
281,TR-CCW-024,EMU-CCW-25,COUNTERCLOCKWISE,SHORT_TURN_Y22_Y38,Y36,29313,08:08:33,45,29358,08:09:18,123,Y36-T2,R-Y36-CCW,UNVERIFIED_DEPOT_ALLOCATION_EAST,EAST_SECTION_12_STATIONS_ONLY,INDICATIVE_HEADWAY_SCHEDULE,UNVALIDATED_LACKS_BLOCK_INTERLOCKING_WHOLE_RING,"Covers only 12 East stations (Y29-Y01); lacks whole-ring loop, depot throat tracks, block signals, and interlocking models; short-turn Y22-Y38 incorrectly traverses all 12 stations."
259,TR-CCW-022,EMU-CCW-23,COUNTERCLOCKWISE,EAST_SECTION_INDICATIVE_PATTERN,Y34,29314,08:08:34,30,29344,08:09:04,94,Y34-T2,R-Y34-CCW,UNVERIFIED_DEPOT_ALLOCATION_SOUTH,EAST_SECTION_12_STATIONS_ONLY,INDICATIVE_HEADWAY_SCHEDULE,UNVALIDATED_LACKS_BLOCK_INTERLOCKING_WHOLE_RING,"Covers only 12 East stations (Y29-Y01); lacks whole-ring loop, depot throat tracks, block signals, and interlocking models; short-turn Y22-Y38 incorrectly traverses all 12 stations."
820,TR-CW-020,EMU-CW-21,CLOCKWISE,EAST_SECTION_INDICATIVE_PATTERN,Y32,29320,08:08:40,30,29350,08:09:10,87,Y32-T1,R-Y32-CW,UNVERIFIED_DEPOT_ALLOCATION_SOUTH,EAST_SECTION_12_STATIONS_ONLY,INDICATIVE_HEADWAY_SCHEDULE,UNVALIDATED_LACKS_BLOCK_INTERLOCKING_WHOLE_RING,"Covers only 12 East stations (Y29-Y01); lacks whole-ring loop, depot throat tracks, block signals, and interlocking models."
270,TR-CCW-023,EMU-CCW-24,COUNTERCLOCKWISE,EAST_SECTION_INDICATIVE_PATTERN,Y35,29331,08:08:51,45,29376,08:09:36,88,Y35-T2,R-Y35-CCW,UNVERIFIED_DEPOT_ALLOCATION_SOUTH,EAST_SECTION_12_STATIONS_ONLY,INDICATIVE_HEADWAY_SCHEDULE,UNVALIDATED_LACKS_BLOCK_INTERLOCKING_WHOLE_RING,"Covers only 12 East stations (Y29-Y01); lacks whole-ring loop, depot throat tracks, block signals, and interlocking models; short-turn Y22-Y38 incorrectly traverses all 12 stations."
292,TR-CCW-025,EMU-CCW-26,COUNTERCLOCKWISE,EAST_SECTION_INDICATIVE_PATTERN,Y37,29333,08:08:53,45,29378,08:09:38,85,Y37-T2,R-Y37-CCW,UNVERIFIED_DEPOT_ALLOCATION_SOUTH,EAST_SECTION_12_STATIONS_ONLY,INDICATIVE_HEADWAY_SCHEDULE,UNVALIDATED_LACKS_BLOCK_INTERLOCKING_WHOLE_RING,"Covers only 12 East stations (Y29-Y01); lacks whole-ring loop, depot throat tracks, block signals, and interlocking models; short-turn Y22-Y38 incorrectly traverses all 12 stations."
756,TR-CW-014,EMU-CW-15,CLOCKWISE,EAST_SECTION_INDICATIVE_PATTERN,Y01,29337,08:08:57,45,29382,08:09:42,0,Y01-T1,R-Y01-CW,UNVERIFIED_DEPOT_ALLOCATION_SOUTH,EAST_SECTION_12_STATIONS_ONLY,INDICATIVE_HEADWAY_SCHEDULE,UNVALIDATED_LACKS_BLOCK_INTERLOCKING_WHOLE_RING,"Covers only 12 East stations (Y29-Y01); lacks whole-ring loop, depot throat tracks, block signals, and interlocking models."
314,TR-CCW-027,EMU-CCW-28,COUNTERCLOCKWISE,SHORT_TURN_Y22_Y38,Y39,29338,08:08:58,30,29368,08:09:28,92,Y39-T2,R-Y39-CCW,UNVERIFIED_DEPOT_ALLOCATION_EAST,EAST_SECTION_12_STATIONS_ONLY,INDICATIVE_HEADWAY_SCHEDULE,UNVALIDATED_LACKS_BLOCK_INTERLOCKING_WHOLE_RING,"Covers only 12 East stations (Y29-Y01); lacks whole-ring loop, depot throat tracks, block signals, and interlocking models; short-turn Y22-Y38 incorrectly traverses all 12 stations."
227,TR-CCW-019,EMU-CCW-20,COUNTERCLOCKWISE,EAST_SECTION_INDICATIVE_PATTERN,Y30,29344,08:09:04,30,29374,08:09:34,89,Y30-T2,R-Y30-CCW,UNVERIFIED_DEPOT_ALLOCATION_SOUTH,EAST_SECTION_12_STATIONS_ONLY,INDICATIVE_HEADWAY_SCHEDULE,UNVALIDATED_LACKS_BLOCK_INTERLOCKING_WHOLE_RING,"Covers only 12 East stations (Y29-Y01); lacks whole-ring loop, depot throat tracks, block signals, and interlocking models; short-turn Y22-Y38 incorrectly traverses all 12 stations."
841,TR-CW-022,EMU-CW-23,CLOCKWISE,EAST_SECTION_INDICATIVE_PATTERN,Y29,29358,08:09:18,45,29403,08:10:03,89,Y29-T1,R-Y29-CW,UNVERIFIED_DEPOT_ALLOCATION_SOUTH,EAST_SECTION_12_STATIONS_ONLY,INDICATIVE_HEADWAY_SCHEDULE,UNVALIDATED_LACKS_BLOCK_INTERLOCKING_WHOLE_RING,"Covers only 12 East stations (Y29-Y01); lacks whole-ring loop, depot throat tracks, block signals, and interlocking models."
238,TR-CCW-020,EMU-CCW-21,COUNTERCLOCKWISE,EAST_SECTION_INDICATIVE_PATTERN,Y31,29372,08:09:32,30,29402,08:10:02,92,Y31-T2,R-Y31-CCW,UNVERIFIED_DEPOT_ALLOCATION_SOUTH,EAST_SECTION_12_STATIONS_ONLY,INDICATIVE_HEADWAY_SCHEDULE,UNVALIDATED_LACKS_BLOCK_INTERLOCKING_WHOLE_RING,"Covers only 12 East stations (Y29-Y01); lacks whole-ring loop, depot throat tracks, block signals, and interlocking models; short-turn Y22-Y38 incorrectly traverses all 12 stations."
778,TR-CW-016,EMU-CW-17,CLOCKWISE,EAST_SECTION_INDICATIVE_PATTERN,Y38,29373,08:09:33,45,29418,08:10:18,92,Y38-T1,R-Y38-CW,UNVERIFIED_DEPOT_ALLOCATION_SOUTH,EAST_SECTION_12_STATIONS_ONLY,INDICATIVE_HEADWAY_SCHEDULE,UNVALIDATED_LACKS_BLOCK_INTERLOCKING_WHOLE_RING,"Covers only 12 East stations (Y29-Y01); lacks whole-ring loop, depot throat tracks, block signals, and interlocking models."
810,TR-CW-019,EMU-CW-20,CLOCKWISE,EAST_SECTION_INDICATIVE_PATTERN,Y34,29378,08:09:38,30,29408,08:10:08,88,Y34-T1,R-Y34-CW,UNVERIFIED_DEPOT_ALLOCATION_SOUTH,EAST_SECTION_12_STATIONS_ONLY,INDICATIVE_HEADWAY_SCHEDULE,UNVALIDATED_LACKS_BLOCK_INTERLOCKING_WHOLE_RING,"Covers only 12 East stations (Y29-Y01); lacks whole-ring loop, depot throat tracks, block signals, and interlocking models."
789,TR-CW-017,EMU-CW-18,CLOCKWISE,EAST_SECTION_INDICATIVE_PATTERN,Y37,29398,08:09:58,45,29443,08:10:43,128,Y37-T1,R-Y37-CW,UNVERIFIED_DEPOT_ALLOCATION_SOUTH,EAST_SECTION_12_STATIONS_ONLY,INDICATIVE_HEADWAY_SCHEDULE,UNVALIDATED_LACKS_BLOCK_INTERLOCKING_WHOLE_RING,"Covers only 12 East stations (Y29-Y01); lacks whole-ring loop, depot throat tracks, block signals, and interlocking models."
337,TR-CCW-029,EMU-CCW-30,COUNTERCLOCKWISE,EAST_SECTION_INDICATIVE_PATTERN,Y01,29400,08:10:00,45,29445,08:10:45,193,Y01-T2,R-Y01-CCW,UNVERIFIED_DEPOT_ALLOCATION_SOUTH,EAST_SECTION_12_STATIONS_ONLY,INDICATIVE_HEADWAY_SCHEDULE,UNVALIDATED_LACKS_BLOCK_INTERLOCKING_WHOLE_RING,"Covers only 12 East stations (Y29-Y01); lacks whole-ring loop, depot throat tracks, block signals, and interlocking models; short-turn Y22-Y38 incorrectly traverses all 12 stations."
831,TR-CW-021,EMU-CW-22,CLOCKWISE,EAST_SECTION_INDICATIVE_PATTERN,Y31,29416,08:10:16,30,29446,08:10:46,72,Y31-T1,R-Y31-CW,UNVERIFIED_DEPOT_ALLOCATION_SOUTH,EAST_SECTION_12_STATIONS_ONLY,INDICATIVE_HEADWAY_SCHEDULE,UNVALIDATED_LACKS_BLOCK_INTERLOCKING_WHOLE_RING,"Covers only 12 East stations (Y29-Y01); lacks whole-ring loop, depot throat tracks, block signals, and interlocking models."
249,TR-CCW-021,EMU-CCW-22,COUNTERCLOCKWISE,SHORT_TURN_Y22_Y38,Y32,29420,08:10:20,30,29450,08:10:50,72,Y32-T2,R-Y32-CCW,UNVERIFIED_DEPOT_ALLOCATION_EAST,EAST_SECTION_12_STATIONS_ONLY,INDICATIVE_HEADWAY_SCHEDULE,UNVALIDATED_LACKS_BLOCK_INTERLOCKING_WHOLE_RING,"Covers only 12 East stations (Y29-Y01); lacks whole-ring loop, depot throat tracks, block signals, and interlocking models; short-turn Y22-Y38 incorrectly traverses all 12 stations."
821,TR-CW-020,EMU-CW-21,CLOCKWISE,EAST_SECTION_INDICATIVE_PATTERN,Y33,29437,08:10:37,45,29482,08:11:22,94,Y33-T1,R-Y33-CW,UNVERIFIED_DEPOT_ALLOCATION_SOUTH,EAST_SECTION_12_STATIONS_ONLY,INDICATIVE_HEADWAY_SCHEDULE,UNVALIDATED_LACKS_BLOCK_INTERLOCKING_WHOLE_RING,"Covers only 12 East stations (Y29-Y01); lacks whole-ring loop, depot throat tracks, block signals, and interlocking models."
260,TR-CCW-022,EMU-CCW-23,COUNTERCLOCKWISE,EAST_SECTION_INDICATIVE_PATTERN,Y33,29438,08:10:38,45,29483,08:11:23,87,Y33-T2,R-Y33-CCW,UNVERIFIED_DEPOT_ALLOCATION_SOUTH,EAST_SECTION_12_STATIONS_ONLY,INDICATIVE_HEADWAY_SCHEDULE,UNVALIDATED_LACKS_BLOCK_INTERLOCKING_WHOLE_RING,"Covers only 12 East stations (Y29-Y01); lacks whole-ring loop, depot throat tracks, block signals, and interlocking models; short-turn Y22-Y38 incorrectly traverses all 12 stations."
315,TR-CCW-027,EMU-CCW-28,COUNTERCLOCKWISE,SHORT_TURN_Y22_Y38,Y38,29460,08:11:00,45,29505,08:11:45,128,Y38-T2,R-Y38-CCW,UNVERIFIED_DEPOT_ALLOCATION_EAST,EAST_SECTION_12_STATIONS_ONLY,INDICATIVE_HEADWAY_SCHEDULE,UNVALIDATED_LACKS_BLOCK_INTERLOCKING_WHOLE_RING,"Covers only 12 East stations (Y29-Y01); lacks whole-ring loop, depot throat tracks, block signals, and interlocking models; short-turn Y22-Y38 incorrectly traverses all 12 stations."
228,TR-CCW-019,EMU-CCW-20,COUNTERCLOCKWISE,EAST_SECTION_INDICATIVE_PATTERN,Y29,29463,08:11:03,45,29508,08:11:48,0,Y29-T2,R-Y29-CCW,UNVERIFIED_DEPOT_ALLOCATION_SOUTH,EAST_SECTION_12_STATIONS_ONLY,INDICATIVE_HEADWAY_SCHEDULE,UNVALIDATED_LACKS_BLOCK_INTERLOCKING_WHOLE_RING,"Covers only 12 East stations (Y29-Y01); lacks whole-ring loop, depot throat tracks, block signals, and interlocking models; short-turn Y22-Y38 incorrectly traverses all 12 stations."
293,TR-CCW-025,EMU-CCW-26,COUNTERCLOCKWISE,EAST_SECTION_INDICATIVE_PATTERN,Y36,29463,08:11:03,45,29508,08:11:48,123,Y36-T2,R-Y36-CCW,UNVERIFIED_DEPOT_ALLOCATION_SOUTH,EAST_SECTION_12_STATIONS_ONLY,INDICATIVE_HEADWAY_SCHEDULE,UNVALIDATED_LACKS_BLOCK_INTERLOCKING_WHOLE_RING,"Covers only 12 East stations (Y29-Y01); lacks whole-ring loop, depot throat tracks, block signals, and interlocking models; short-turn Y22-Y38 incorrectly traverses all 12 stations."
271,TR-CCW-023,EMU-CCW-24,COUNTERCLOCKWISE,EAST_SECTION_INDICATIVE_PATTERN,Y34,29464,08:11:04,30,29494,08:11:34,94,Y34-T2,R-Y34-CCW,UNVERIFIED_DEPOT_ALLOCATION_SOUTH,EAST_SECTION_12_STATIONS_ONLY,INDICATIVE_HEADWAY_SCHEDULE,UNVALIDATED_LACKS_BLOCK_INTERLOCKING_WHOLE_RING,"Covers only 12 East stations (Y29-Y01); lacks whole-ring loop, depot throat tracks, block signals, and interlocking models; short-turn Y22-Y38 incorrectly traverses all 12 stations."
800,TR-CW-018,EMU-CW-19,CLOCKWISE,EAST_SECTION_INDICATIVE_PATTERN,Y36,29466,08:11:06,45,29511,08:11:51,85,Y36-T1,R-Y36-CW,UNVERIFIED_DEPOT_ALLOCATION_SOUTH,EAST_SECTION_12_STATIONS_ONLY,INDICATIVE_HEADWAY_SCHEDULE,UNVALIDATED_LACKS_BLOCK_INTERLOCKING_WHOLE_RING,"Covers only 12 East stations (Y29-Y01); lacks whole-ring loop, depot throat tracks, block signals, and interlocking models."
282,TR-CCW-024,EMU-CCW-25,COUNTERCLOCKWISE,SHORT_TURN_Y22_Y38,Y35,29481,08:11:21,45,29526,08:12:06,88,Y35-T2,R-Y35-CCW,UNVERIFIED_DEPOT_ALLOCATION_EAST,EAST_SECTION_12_STATIONS_ONLY,INDICATIVE_HEADWAY_SCHEDULE,UNVALIDATED_LACKS_BLOCK_INTERLOCKING_WHOLE_RING,"Covers only 12 East stations (Y29-Y01); lacks whole-ring loop, depot throat tracks, block signals, and interlocking models; short-turn Y22-Y38 incorrectly traverses all 12 stations."
304,TR-CCW-026,EMU-CCW-27,COUNTERCLOCKWISE,EAST_SECTION_INDICATIVE_PATTERN,Y37,29483,08:11:23,45,29528,08:12:08,85,Y37-T2,R-Y37-CCW,UNVERIFIED_DEPOT_ALLOCATION_SOUTH,EAST_SECTION_12_STATIONS_ONLY,INDICATIVE_HEADWAY_SCHEDULE,UNVALIDATED_LACKS_BLOCK_INTERLOCKING_WHOLE_RING,"Covers only 12 East stations (Y29-Y01); lacks whole-ring loop, depot throat tracks, block signals, and interlocking models; short-turn Y22-Y38 incorrectly traverses all 12 stations."
326,TR-CCW-028,EMU-CCW-29,COUNTERCLOCKWISE,EAST_SECTION_INDICATIVE_PATTERN,Y39,29488,08:11:28,30,29518,08:11:58,92,Y39-T2,R-Y39-CCW,UNVERIFIED_DEPOT_ALLOCATION_SOUTH,EAST_SECTION_12_STATIONS_ONLY,INDICATIVE_HEADWAY_SCHEDULE,UNVALIDATED_LACKS_BLOCK_INTERLOCKING_WHOLE_RING,"Covers only 12 East stations (Y29-Y01); lacks whole-ring loop, depot throat tracks, block signals, and interlocking models; short-turn Y22-Y38 incorrectly traverses all 12 stations."
842,TR-CW-022,EMU-CW-23,CLOCKWISE,EAST_SECTION_INDICATIVE_PATTERN,Y30,29492,08:11:32,30,29522,08:12:02,92,Y30-T1,R-Y30-CW,UNVERIFIED_DEPOT_ALLOCATION_SOUTH,EAST_SECTION_12_STATIONS_ONLY,INDICATIVE_HEADWAY_SCHEDULE,UNVALIDATED_LACKS_BLOCK_INTERLOCKING_WHOLE_RING,"Covers only 12 East stations (Y29-Y01); lacks whole-ring loop, depot throat tracks, block signals, and interlocking models."
239,TR-CCW-020,EMU-CCW-21,COUNTERCLOCKWISE,EAST_SECTION_INDICATIVE_PATTERN,Y30,29494,08:11:34,30,29524,08:12:04,89,Y30-T2,R-Y30-CCW,UNVERIFIED_DEPOT_ALLOCATION_SOUTH,EAST_SECTION_12_STATIONS_ONLY,INDICATIVE_HEADWAY_SCHEDULE,UNVALIDATED_LACKS_BLOCK_INTERLOCKING_WHOLE_RING,"Covers only 12 East stations (Y29-Y01); lacks whole-ring loop, depot throat tracks, block signals, and interlocking models; short-turn Y22-Y38 incorrectly traverses all 12 stations."
811,TR-CW-019,EMU-CW-20,CLOCKWISE,EAST_SECTION_INDICATIVE_PATTERN,Y35,29496,08:11:36,45,29541,08:12:21,123,Y35-T1,R-Y35-CW,UNVERIFIED_DEPOT_ALLOCATION_SOUTH,EAST_SECTION_12_STATIONS_ONLY,INDICATIVE_HEADWAY_SCHEDULE,UNVALIDATED_LACKS_BLOCK_INTERLOCKING_WHOLE_RING,"Covers only 12 East stations (Y29-Y01); lacks whole-ring loop, depot throat tracks, block signals, and interlocking models."
779,TR-CW-016,EMU-CW-17,CLOCKWISE,EAST_SECTION_INDICATIVE_PATTERN,Y39,29510,08:11:50,30,29540,08:12:20,193,Y39-T1,R-Y39-CW,UNVERIFIED_DEPOT_ALLOCATION_SOUTH,EAST_SECTION_12_STATIONS_ONLY,INDICATIVE_HEADWAY_SCHEDULE,UNVALIDATED_LACKS_BLOCK_INTERLOCKING_WHOLE_RING,"Covers only 12 East stations (Y29-Y01); lacks whole-ring loop, depot throat tracks, block signals, and interlocking models."
832,TR-CW-021,EMU-CW-22,CLOCKWISE,EAST_SECTION_INDICATIVE_PATTERN,Y32,29518,08:11:58,30,29548,08:12:28,87,Y32-T1,R-Y32-CW,UNVERIFIED_DEPOT_ALLOCATION_SOUTH,EAST_SECTION_12_STATIONS_ONLY,INDICATIVE_HEADWAY_SCHEDULE,UNVALIDATED_LACKS_BLOCK_INTERLOCKING_WHOLE_RING,"Covers only 12 East stations (Y29-Y01); lacks whole-ring loop, depot throat tracks, block signals, and interlocking models."
250,TR-CCW-021,EMU-CCW-22,COUNTERCLOCKWISE,SHORT_TURN_Y22_Y38,Y31,29522,08:12:02,30,29552,08:12:32,92,Y31-T2,R-Y31-CCW,UNVERIFIED_DEPOT_ALLOCATION_EAST,EAST_SECTION_12_STATIONS_ONLY,INDICATIVE_HEADWAY_SCHEDULE,UNVALIDATED_LACKS_BLOCK_INTERLOCKING_WHOLE_RING,"Covers only 12 East stations (Y29-Y01); lacks whole-ring loop, depot throat tracks, block signals, and interlocking models; short-turn Y22-Y38 incorrectly traverses all 12 stations."
768,TR-CW-015,EMU-CW-16,CLOCKWISE,EAST_SECTION_INDICATIVE_PATTERN,Y01,29535,08:12:15,45,29580,08:13:00,0,Y01-T1,R-Y01-CW,UNVERIFIED_DEPOT_ALLOCATION_SOUTH,EAST_SECTION_12_STATIONS_ONLY,INDICATIVE_HEADWAY_SCHEDULE,UNVALIDATED_LACKS_BLOCK_INTERLOCKING_WHOLE_RING,"Covers only 12 East stations (Y29-Y01); lacks whole-ring loop, depot throat tracks, block signals, and interlocking models."
349,TR-CCW-030,EMU-CCW-31,COUNTERCLOCKWISE,SHORT_TURN_Y22_Y38,Y01,29550,08:12:30,45,29595,08:13:15,193,Y01-T2,R-Y01-CCW,UNVERIFIED_DEPOT_ALLOCATION_EAST,EAST_SECTION_12_STATIONS_ONLY,INDICATIVE_HEADWAY_SCHEDULE,UNVALIDATED_LACKS_BLOCK_INTERLOCKING_WHOLE_RING,"Covers only 12 East stations (Y29-Y01); lacks whole-ring loop, depot throat tracks, block signals, and interlocking models; short-turn Y22-Y38 incorrectly traverses all 12 stations."
853,TR-CW-023,EMU-CW-24,CLOCKWISE,EAST_SECTION_INDICATIVE_PATTERN,Y29,29556,08:12:36,45,29601,08:13:21,89,Y29-T1,R-Y29-CW,UNVERIFIED_DEPOT_ALLOCATION_SOUTH,EAST_SECTION_12_STATIONS_ONLY,INDICATIVE_HEADWAY_SCHEDULE,UNVALIDATED_LACKS_BLOCK_INTERLOCKING_WHOLE_RING,"Covers only 12 East stations (Y29-Y01); lacks whole-ring loop, depot throat tracks, block signals, and interlocking models."
261,TR-CCW-022,EMU-CCW-23,COUNTERCLOCKWISE,EAST_SECTION_INDICATIVE_PATTERN,Y32,29570,08:12:50,30,29600,08:13:20,72,Y32-T2,R-Y32-CCW,UNVERIFIED_DEPOT_ALLOCATION_SOUTH,EAST_SECTION_12_STATIONS_ONLY,INDICATIVE_HEADWAY_SCHEDULE,UNVALIDATED_LACKS_BLOCK_INTERLOCKING_WHOLE_RING,"Covers only 12 East stations (Y29-Y01); lacks whole-ring loop, depot throat tracks, block signals, and interlocking models; short-turn Y22-Y38 incorrectly traverses all 12 stations."
790,TR-CW-017,EMU-CW-18,CLOCKWISE,EAST_SECTION_INDICATIVE_PATTERN,Y38,29571,08:12:51,45,29616,08:13:36,92,Y38-T1,R-Y38-CW,UNVERIFIED_DEPOT_ALLOCATION_SOUTH,EAST_SECTION_12_STATIONS_ONLY,INDICATIVE_HEADWAY_SCHEDULE,UNVALIDATED_LACKS_BLOCK_INTERLOCKING_WHOLE_RING,"Covers only 12 East stations (Y29-Y01); lacks whole-ring loop, depot throat tracks, block signals, and interlocking models."
822,TR-CW-020,EMU-CW-21,CLOCKWISE,EAST_SECTION_INDICATIVE_PATTERN,Y34,29576,08:12:56,30,29606,08:13:26,88,Y34-T1,R-Y34-CW,UNVERIFIED_DEPOT_ALLOCATION_SOUTH,EAST_SECTION_12_STATIONS_ONLY,INDICATIVE_HEADWAY_SCHEDULE,UNVALIDATED_LACKS_BLOCK_INTERLOCKING_WHOLE_RING,"Covers only 12 East stations (Y29-Y01); lacks whole-ring loop, depot throat tracks, block signals, and interlocking models."
272,TR-CCW-023,EMU-CCW-24,COUNTERCLOCKWISE,EAST_SECTION_INDICATIVE_PATTERN,Y33,29588,08:13:08,45,29633,08:13:53,87,Y33-T2,R-Y33-CCW,UNVERIFIED_DEPOT_ALLOCATION_SOUTH,EAST_SECTION_12_STATIONS_ONLY,INDICATIVE_HEADWAY_SCHEDULE,UNVALIDATED_LACKS_BLOCK_INTERLOCKING_WHOLE_RING,"Covers only 12 East stations (Y29-Y01); lacks whole-ring loop, depot throat tracks, block signals, and interlocking models; short-turn Y22-Y38 incorrectly traverses all 12 stations."
801,TR-CW-018,EMU-CW-19,CLOCKWISE,EAST_SECTION_INDICATIVE_PATTERN,Y37,29596,08:13:16,45,29641,08:14:01,128,Y37-T1,R-Y37-CW,UNVERIFIED_DEPOT_ALLOCATION_SOUTH,EAST_SECTION_12_STATIONS_ONLY,INDICATIVE_HEADWAY_SCHEDULE,UNVALIDATED_LACKS_BLOCK_INTERLOCKING_WHOLE_RING,"Covers only 12 East stations (Y29-Y01); lacks whole-ring loop, depot throat tracks, block signals, and interlocking models."
327,TR-CCW-028,EMU-CCW-29,COUNTERCLOCKWISE,EAST_SECTION_INDICATIVE_PATTERN,Y38,29610,08:13:30,45,29655,08:14:15,128,Y38-T2,R-Y38-CCW,UNVERIFIED_DEPOT_ALLOCATION_SOUTH,EAST_SECTION_12_STATIONS_ONLY,INDICATIVE_HEADWAY_SCHEDULE,UNVALIDATED_LACKS_BLOCK_INTERLOCKING_WHOLE_RING,"Covers only 12 East stations (Y29-Y01); lacks whole-ring loop, depot throat tracks, block signals, and interlocking models; short-turn Y22-Y38 incorrectly traverses all 12 stations."
240,TR-CCW-020,EMU-CCW-21,COUNTERCLOCKWISE,EAST_SECTION_INDICATIVE_PATTERN,Y29,29613,08:13:33,45,29658,08:14:18,0,Y29-T2,R-Y29-CCW,UNVERIFIED_DEPOT_ALLOCATION_SOUTH,EAST_SECTION_12_STATIONS_ONLY,INDICATIVE_HEADWAY_SCHEDULE,UNVALIDATED_LACKS_BLOCK_INTERLOCKING_WHOLE_RING,"Covers only 12 East stations (Y29-Y01); lacks whole-ring loop, depot throat tracks, block signals, and interlocking models; short-turn Y22-Y38 incorrectly traverses all 12 stations."
305,TR-CCW-026,EMU-CCW-27,COUNTERCLOCKWISE,EAST_SECTION_INDICATIVE_PATTERN,Y36,29613,08:13:33,45,29658,08:14:18,123,Y36-T2,R-Y36-CCW,UNVERIFIED_DEPOT_ALLOCATION_SOUTH,EAST_SECTION_12_STATIONS_ONLY,INDICATIVE_HEADWAY_SCHEDULE,UNVALIDATED_LACKS_BLOCK_INTERLOCKING_WHOLE_RING,"Covers only 12 East stations (Y29-Y01); lacks whole-ring loop, depot throat tracks, block signals, and interlocking models; short-turn Y22-Y38 incorrectly traverses all 12 stations."
283,TR-CCW-024,EMU-CCW-25,COUNTERCLOCKWISE,SHORT_TURN_Y22_Y38,Y34,29614,08:13:34,30,29644,08:14:04,94,Y34-T2,R-Y34-CCW,UNVERIFIED_DEPOT_ALLOCATION_EAST,EAST_SECTION_12_STATIONS_ONLY,INDICATIVE_HEADWAY_SCHEDULE,UNVALIDATED_LACKS_BLOCK_INTERLOCKING_WHOLE_RING,"Covers only 12 East stations (Y29-Y01); lacks whole-ring loop, depot throat tracks, block signals, and interlocking models; short-turn Y22-Y38 incorrectly traverses all 12 stations."
843,TR-CW-022,EMU-CW-23,CLOCKWISE,EAST_SECTION_INDICATIVE_PATTERN,Y31,29614,08:13:34,30,29644,08:14:04,72,Y31-T1,R-Y31-CW,UNVERIFIED_DEPOT_ALLOCATION_SOUTH,EAST_SECTION_12_STATIONS_ONLY,INDICATIVE_HEADWAY_SCHEDULE,UNVALIDATED_LACKS_BLOCK_INTERLOCKING_WHOLE_RING,"Covers only 12 East stations (Y29-Y01); lacks whole-ring loop, depot throat tracks, block signals, and interlocking models."
294,TR-CCW-025,EMU-CCW-26,COUNTERCLOCKWISE,EAST_SECTION_INDICATIVE_PATTERN,Y35,29631,08:13:51,45,29676,08:14:36,88,Y35-T2,R-Y35-CCW,UNVERIFIED_DEPOT_ALLOCATION_SOUTH,EAST_SECTION_12_STATIONS_ONLY,INDICATIVE_HEADWAY_SCHEDULE,UNVALIDATED_LACKS_BLOCK_INTERLOCKING_WHOLE_RING,"Covers only 12 East stations (Y29-Y01); lacks whole-ring loop, depot throat tracks, block signals, and interlocking models; short-turn Y22-Y38 incorrectly traverses all 12 stations."
316,TR-CCW-027,EMU-CCW-28,COUNTERCLOCKWISE,SHORT_TURN_Y22_Y38,Y37,29633,08:13:53,45,29678,08:14:38,85,Y37-T2,R-Y37-CCW,UNVERIFIED_DEPOT_ALLOCATION_EAST,EAST_SECTION_12_STATIONS_ONLY,INDICATIVE_HEADWAY_SCHEDULE,UNVALIDATED_LACKS_BLOCK_INTERLOCKING_WHOLE_RING,"Covers only 12 East stations (Y29-Y01); lacks whole-ring loop, depot throat tracks, block signals, and interlocking models; short-turn Y22-Y38 incorrectly traverses all 12 stations."
833,TR-CW-021,EMU-CW-22,CLOCKWISE,EAST_SECTION_INDICATIVE_PATTERN,Y33,29635,08:13:55,45,29680,08:14:40,94,Y33-T1,R-Y33-CW,UNVERIFIED_DEPOT_ALLOCATION_SOUTH,EAST_SECTION_12_STATIONS_ONLY,INDICATIVE_HEADWAY_SCHEDULE,UNVALIDATED_LACKS_BLOCK_INTERLOCKING_WHOLE_RING,"Covers only 12 East stations (Y29-Y01); lacks whole-ring loop, depot throat tracks, block signals, and interlocking models."
338,TR-CCW-029,EMU-CCW-30,COUNTERCLOCKWISE,EAST_SECTION_INDICATIVE_PATTERN,Y39,29638,08:13:58,30,29668,08:14:28,92,Y39-T2,R-Y39-CCW,UNVERIFIED_DEPOT_ALLOCATION_SOUTH,EAST_SECTION_12_STATIONS_ONLY,INDICATIVE_HEADWAY_SCHEDULE,UNVALIDATED_LACKS_BLOCK_INTERLOCKING_WHOLE_RING,"Covers only 12 East stations (Y29-Y01); lacks whole-ring loop, depot throat tracks, block signals, and interlocking models; short-turn Y22-Y38 incorrectly traverses all 12 stations."
251,TR-CCW-021,EMU-CCW-22,COUNTERCLOCKWISE,SHORT_TURN_Y22_Y38,Y30,29644,08:14:04,30,29674,08:14:34,89,Y30-T2,R-Y30-CCW,UNVERIFIED_DEPOT_ALLOCATION_EAST,EAST_SECTION_12_STATIONS_ONLY,INDICATIVE_HEADWAY_SCHEDULE,UNVALIDATED_LACKS_BLOCK_INTERLOCKING_WHOLE_RING,"Covers only 12 East stations (Y29-Y01); lacks whole-ring loop, depot throat tracks, block signals, and interlocking models; short-turn Y22-Y38 incorrectly traverses all 12 stations."
812,TR-CW-019,EMU-CW-20,CLOCKWISE,EAST_SECTION_INDICATIVE_PATTERN,Y36,29664,08:14:24,45,29709,08:15:09,85,Y36-T1,R-Y36-CW,UNVERIFIED_DEPOT_ALLOCATION_SOUTH,EAST_SECTION_12_STATIONS_ONLY,INDICATIVE_HEADWAY_SCHEDULE,UNVALIDATED_LACKS_BLOCK_INTERLOCKING_WHOLE_RING,"Covers only 12 East stations (Y29-Y01); lacks whole-ring loop, depot throat tracks, block signals, and interlocking models."
262,TR-CCW-022,EMU-CCW-23,COUNTERCLOCKWISE,EAST_SECTION_INDICATIVE_PATTERN,Y31,29672,08:14:32,30,29702,08:15:02,92,Y31-T2,R-Y31-CCW,UNVERIFIED_DEPOT_ALLOCATION_SOUTH,EAST_SECTION_12_STATIONS_ONLY,INDICATIVE_HEADWAY_SCHEDULE,UNVALIDATED_LACKS_BLOCK_INTERLOCKING_WHOLE_RING,"Covers only 12 East stations (Y29-Y01); lacks whole-ring loop, depot throat tracks, block signals, and interlocking models; short-turn Y22-Y38 incorrectly traverses all 12 stations."
854,TR-CW-023,EMU-CW-24,CLOCKWISE,EAST_SECTION_INDICATIVE_PATTERN,Y30,29690,08:14:50,30,29720,08:15:20,92,Y30-T1,R-Y30-CW,UNVERIFIED_DEPOT_ALLOCATION_SOUTH,EAST_SECTION_12_STATIONS_ONLY,INDICATIVE_HEADWAY_SCHEDULE,UNVALIDATED_LACKS_BLOCK_INTERLOCKING_WHOLE_RING,"Covers only 12 East stations (Y29-Y01); lacks whole-ring loop, depot throat tracks, block signals, and interlocking models."
823,TR-CW-020,EMU-CW-21,CLOCKWISE,EAST_SECTION_INDICATIVE_PATTERN,Y35,29694,08:14:54,45,29739,08:15:39,123,Y35-T1,R-Y35-CW,UNVERIFIED_DEPOT_ALLOCATION_SOUTH,EAST_SECTION_12_STATIONS_ONLY,INDICATIVE_HEADWAY_SCHEDULE,UNVALIDATED_LACKS_BLOCK_INTERLOCKING_WHOLE_RING,"Covers only 12 East stations (Y29-Y01); lacks whole-ring loop, depot throat tracks, block signals, and interlocking models."
361,TR-CCW-031,EMU-CCW-32,COUNTERCLOCKWISE,EAST_SECTION_INDICATIVE_PATTERN,Y01,29700,08:15:00,45,29745,08:15:45,193,Y01-T2,R-Y01-CCW,UNVERIFIED_DEPOT_ALLOCATION_SOUTH,EAST_SECTION_12_STATIONS_ONLY,INDICATIVE_HEADWAY_SCHEDULE,UNVALIDATED_LACKS_BLOCK_INTERLOCKING_WHOLE_RING,"Covers only 12 East stations (Y29-Y01); lacks whole-ring loop, depot throat tracks, block signals, and interlocking models; short-turn Y22-Y38 incorrectly traverses all 12 stations."
791,TR-CW-017,EMU-CW-18,CLOCKWISE,EAST_SECTION_INDICATIVE_PATTERN,Y39,29708,08:15:08,30,29738,08:15:38,193,Y39-T1,R-Y39-CW,UNVERIFIED_DEPOT_ALLOCATION_SOUTH,EAST_SECTION_12_STATIONS_ONLY,INDICATIVE_HEADWAY_SCHEDULE,UNVALIDATED_LACKS_BLOCK_INTERLOCKING_WHOLE_RING,"Covers only 12 East stations (Y29-Y01); lacks whole-ring loop, depot throat tracks, block signals, and interlocking models."
844,TR-CW-022,EMU-CW-23,CLOCKWISE,EAST_SECTION_INDICATIVE_PATTERN,Y32,29716,08:15:16,30,29746,08:15:46,87,Y32-T1,R-Y32-CW,UNVERIFIED_DEPOT_ALLOCATION_SOUTH,EAST_SECTION_12_STATIONS_ONLY,INDICATIVE_HEADWAY_SCHEDULE,UNVALIDATED_LACKS_BLOCK_INTERLOCKING_WHOLE_RING,"Covers only 12 East stations (Y29-Y01); lacks whole-ring loop, depot throat tracks, block signals, and interlocking models."
273,TR-CCW-023,EMU-CCW-24,COUNTERCLOCKWISE,EAST_SECTION_INDICATIVE_PATTERN,Y32,29720,08:15:20,30,29750,08:15:50,72,Y32-T2,R-Y32-CCW,UNVERIFIED_DEPOT_ALLOCATION_SOUTH,EAST_SECTION_12_STATIONS_ONLY,INDICATIVE_HEADWAY_SCHEDULE,UNVALIDATED_LACKS_BLOCK_INTERLOCKING_WHOLE_RING,"Covers only 12 East stations (Y29-Y01); lacks whole-ring loop, depot throat tracks, block signals, and interlocking models; short-turn Y22-Y38 incorrectly traverses all 12 stations."
780,TR-CW-016,EMU-CW-17,CLOCKWISE,EAST_SECTION_INDICATIVE_PATTERN,Y01,29733,08:15:33,45,29778,08:16:18,0,Y01-T1,R-Y01-CW,UNVERIFIED_DEPOT_ALLOCATION_SOUTH,EAST_SECTION_12_STATIONS_ONLY,INDICATIVE_HEADWAY_SCHEDULE,UNVALIDATED_LACKS_BLOCK_INTERLOCKING_WHOLE_RING,"Covers only 12 East stations (Y29-Y01); lacks whole-ring loop, depot throat tracks, block signals, and interlocking models."
284,TR-CCW-024,EMU-CCW-25,COUNTERCLOCKWISE,SHORT_TURN_Y22_Y38,Y33,29738,08:15:38,45,29783,08:16:23,87,Y33-T2,R-Y33-CCW,UNVERIFIED_DEPOT_ALLOCATION_EAST,EAST_SECTION_12_STATIONS_ONLY,INDICATIVE_HEADWAY_SCHEDULE,UNVALIDATED_LACKS_BLOCK_INTERLOCKING_WHOLE_RING,"Covers only 12 East stations (Y29-Y01); lacks whole-ring loop, depot throat tracks, block signals, and interlocking models; short-turn Y22-Y38 incorrectly traverses all 12 stations."
865,TR-CW-024,EMU-CW-25,CLOCKWISE,EAST_SECTION_INDICATIVE_PATTERN,Y29,29754,08:15:54,45,29799,08:16:39,89,Y29-T1,R-Y29-CW,UNVERIFIED_DEPOT_ALLOCATION_SOUTH,EAST_SECTION_12_STATIONS_ONLY,INDICATIVE_HEADWAY_SCHEDULE,UNVALIDATED_LACKS_BLOCK_INTERLOCKING_WHOLE_RING,"Covers only 12 East stations (Y29-Y01); lacks whole-ring loop, depot throat tracks, block signals, and interlocking models."
339,TR-CCW-029,EMU-CCW-30,COUNTERCLOCKWISE,EAST_SECTION_INDICATIVE_PATTERN,Y38,29760,08:16:00,45,29805,08:16:45,128,Y38-T2,R-Y38-CCW,UNVERIFIED_DEPOT_ALLOCATION_SOUTH,EAST_SECTION_12_STATIONS_ONLY,INDICATIVE_HEADWAY_SCHEDULE,UNVALIDATED_LACKS_BLOCK_INTERLOCKING_WHOLE_RING,"Covers only 12 East stations (Y29-Y01); lacks whole-ring loop, depot throat tracks, block signals, and interlocking models; short-turn Y22-Y38 incorrectly traverses all 12 stations."
252,TR-CCW-021,EMU-CCW-22,COUNTERCLOCKWISE,SHORT_TURN_Y22_Y38,Y29,29763,08:16:03,45,29808,08:16:48,0,Y29-T2,R-Y29-CCW,UNVERIFIED_DEPOT_ALLOCATION_EAST,EAST_SECTION_12_STATIONS_ONLY,INDICATIVE_HEADWAY_SCHEDULE,UNVALIDATED_LACKS_BLOCK_INTERLOCKING_WHOLE_RING,"Covers only 12 East stations (Y29-Y01); lacks whole-ring loop, depot throat tracks, block signals, and interlocking models; short-turn Y22-Y38 incorrectly traverses all 12 stations."
317,TR-CCW-027,EMU-CCW-28,COUNTERCLOCKWISE,SHORT_TURN_Y22_Y38,Y36,29763,08:16:03,45,29808,08:16:48,123,Y36-T2,R-Y36-CCW,UNVERIFIED_DEPOT_ALLOCATION_EAST,EAST_SECTION_12_STATIONS_ONLY,INDICATIVE_HEADWAY_SCHEDULE,UNVALIDATED_LACKS_BLOCK_INTERLOCKING_WHOLE_RING,"Covers only 12 East stations (Y29-Y01); lacks whole-ring loop, depot throat tracks, block signals, and interlocking models; short-turn Y22-Y38 incorrectly traverses all 12 stations."
295,TR-CCW-025,EMU-CCW-26,COUNTERCLOCKWISE,EAST_SECTION_INDICATIVE_PATTERN,Y34,29764,08:16:04,30,29794,08:16:34,94,Y34-T2,R-Y34-CCW,UNVERIFIED_DEPOT_ALLOCATION_SOUTH,EAST_SECTION_12_STATIONS_ONLY,INDICATIVE_HEADWAY_SCHEDULE,UNVALIDATED_LACKS_BLOCK_INTERLOCKING_WHOLE_RING,"Covers only 12 East stations (Y29-Y01); lacks whole-ring loop, depot throat tracks, block signals, and interlocking models; short-turn Y22-Y38 incorrectly traverses all 12 stations."
802,TR-CW-018,EMU-CW-19,CLOCKWISE,EAST_SECTION_INDICATIVE_PATTERN,Y38,29769,08:16:09,45,29814,08:16:54,92,Y38-T1,R-Y38-CW,UNVERIFIED_DEPOT_ALLOCATION_SOUTH,EAST_SECTION_12_STATIONS_ONLY,INDICATIVE_HEADWAY_SCHEDULE,UNVALIDATED_LACKS_BLOCK_INTERLOCKING_WHOLE_RING,"Covers only 12 East stations (Y29-Y01); lacks whole-ring loop, depot throat tracks, block signals, and interlocking models."
834,TR-CW-021,EMU-CW-22,CLOCKWISE,EAST_SECTION_INDICATIVE_PATTERN,Y34,29774,08:16:14,30,29804,08:16:44,88,Y34-T1,R-Y34-CW,UNVERIFIED_DEPOT_ALLOCATION_SOUTH,EAST_SECTION_12_STATIONS_ONLY,INDICATIVE_HEADWAY_SCHEDULE,UNVALIDATED_LACKS_BLOCK_INTERLOCKING_WHOLE_RING,"Covers only 12 East stations (Y29-Y01); lacks whole-ring loop, depot throat tracks, block signals, and interlocking models."
306,TR-CCW-026,EMU-CCW-27,COUNTERCLOCKWISE,EAST_SECTION_INDICATIVE_PATTERN,Y35,29781,08:16:21,45,29826,08:17:06,88,Y35-T2,R-Y35-CCW,UNVERIFIED_DEPOT_ALLOCATION_SOUTH,EAST_SECTION_12_STATIONS_ONLY,INDICATIVE_HEADWAY_SCHEDULE,UNVALIDATED_LACKS_BLOCK_INTERLOCKING_WHOLE_RING,"Covers only 12 East stations (Y29-Y01); lacks whole-ring loop, depot throat tracks, block signals, and interlocking models; short-turn Y22-Y38 incorrectly traverses all 12 stations."
328,TR-CCW-028,EMU-CCW-29,COUNTERCLOCKWISE,EAST_SECTION_INDICATIVE_PATTERN,Y37,29783,08:16:23,45,29828,08:17:08,85,Y37-T2,R-Y37-CCW,UNVERIFIED_DEPOT_ALLOCATION_SOUTH,EAST_SECTION_12_STATIONS_ONLY,INDICATIVE_HEADWAY_SCHEDULE,UNVALIDATED_LACKS_BLOCK_INTERLOCKING_WHOLE_RING,"Covers only 12 East stations (Y29-Y01); lacks whole-ring loop, depot throat tracks, block signals, and interlocking models; short-turn Y22-Y38 incorrectly traverses all 12 stations."
350,TR-CCW-030,EMU-CCW-31,COUNTERCLOCKWISE,SHORT_TURN_Y22_Y38,Y39,29788,08:16:28,30,29818,08:16:58,92,Y39-T2,R-Y39-CCW,UNVERIFIED_DEPOT_ALLOCATION_EAST,EAST_SECTION_12_STATIONS_ONLY,INDICATIVE_HEADWAY_SCHEDULE,UNVALIDATED_LACKS_BLOCK_INTERLOCKING_WHOLE_RING,"Covers only 12 East stations (Y29-Y01); lacks whole-ring loop, depot throat tracks, block signals, and interlocking models; short-turn Y22-Y38 incorrectly traverses all 12 stations."
263,TR-CCW-022,EMU-CCW-23,COUNTERCLOCKWISE,EAST_SECTION_INDICATIVE_PATTERN,Y30,29794,08:16:34,30,29824,08:17:04,89,Y30-T2,R-Y30-CCW,UNVERIFIED_DEPOT_ALLOCATION_SOUTH,EAST_SECTION_12_STATIONS_ONLY,INDICATIVE_HEADWAY_SCHEDULE,UNVALIDATED_LACKS_BLOCK_INTERLOCKING_WHOLE_RING,"Covers only 12 East stations (Y29-Y01); lacks whole-ring loop, depot throat tracks, block signals, and interlocking models; short-turn Y22-Y38 incorrectly traverses all 12 stations."
813,TR-CW-019,EMU-CW-20,CLOCKWISE,EAST_SECTION_INDICATIVE_PATTERN,Y37,29794,08:16:34,45,29839,08:17:19,128,Y37-T1,R-Y37-CW,UNVERIFIED_DEPOT_ALLOCATION_SOUTH,EAST_SECTION_12_STATIONS_ONLY,INDICATIVE_HEADWAY_SCHEDULE,UNVALIDATED_LACKS_BLOCK_INTERLOCKING_WHOLE_RING,"Covers only 12 East stations (Y29-Y01); lacks whole-ring loop, depot throat tracks, block signals, and interlocking models."
855,TR-CW-023,EMU-CW-24,CLOCKWISE,EAST_SECTION_INDICATIVE_PATTERN,Y31,29812,08:16:52,30,29842,08:17:22,72,Y31-T1,R-Y31-CW,UNVERIFIED_DEPOT_ALLOCATION_SOUTH,EAST_SECTION_12_STATIONS_ONLY,INDICATIVE_HEADWAY_SCHEDULE,UNVALIDATED_LACKS_BLOCK_INTERLOCKING_WHOLE_RING,"Covers only 12 East stations (Y29-Y01); lacks whole-ring loop, depot throat tracks, block signals, and interlocking models."
274,TR-CCW-023,EMU-CCW-24,COUNTERCLOCKWISE,EAST_SECTION_INDICATIVE_PATTERN,Y31,29822,08:17:02,30,29852,08:17:32,92,Y31-T2,R-Y31-CCW,UNVERIFIED_DEPOT_ALLOCATION_SOUTH,EAST_SECTION_12_STATIONS_ONLY,INDICATIVE_HEADWAY_SCHEDULE,UNVALIDATED_LACKS_BLOCK_INTERLOCKING_WHOLE_RING,"Covers only 12 East stations (Y29-Y01); lacks whole-ring loop, depot throat tracks, block signals, and interlocking models; short-turn Y22-Y38 incorrectly traverses all 12 stations."
845,TR-CW-022,EMU-CW-23,CLOCKWISE,EAST_SECTION_INDICATIVE_PATTERN,Y33,29833,08:17:13,45,29878,08:17:58,94,Y33-T1,R-Y33-CW,UNVERIFIED_DEPOT_ALLOCATION_SOUTH,EAST_SECTION_12_STATIONS_ONLY,INDICATIVE_HEADWAY_SCHEDULE,UNVALIDATED_LACKS_BLOCK_INTERLOCKING_WHOLE_RING,"Covers only 12 East stations (Y29-Y01); lacks whole-ring loop, depot throat tracks, block signals, and interlocking models."
373,TR-CCW-032,EMU-CCW-33,COUNTERCLOCKWISE,EAST_SECTION_INDICATIVE_PATTERN,Y01,29850,08:17:30,45,29895,08:18:15,193,Y01-T2,R-Y01-CCW,UNVERIFIED_DEPOT_ALLOCATION_SOUTH,EAST_SECTION_12_STATIONS_ONLY,INDICATIVE_HEADWAY_SCHEDULE,UNVALIDATED_LACKS_BLOCK_INTERLOCKING_WHOLE_RING,"Covers only 12 East stations (Y29-Y01); lacks whole-ring loop, depot throat tracks, block signals, and interlocking models; short-turn Y22-Y38 incorrectly traverses all 12 stations."
824,TR-CW-020,EMU-CW-21,CLOCKWISE,EAST_SECTION_INDICATIVE_PATTERN,Y36,29862,08:17:42,45,29907,08:18:27,85,Y36-T1,R-Y36-CW,UNVERIFIED_DEPOT_ALLOCATION_SOUTH,EAST_SECTION_12_STATIONS_ONLY,INDICATIVE_HEADWAY_SCHEDULE,UNVALIDATED_LACKS_BLOCK_INTERLOCKING_WHOLE_RING,"Covers only 12 East stations (Y29-Y01); lacks whole-ring loop, depot throat tracks, block signals, and interlocking models."
285,TR-CCW-024,EMU-CCW-25,COUNTERCLOCKWISE,SHORT_TURN_Y22_Y38,Y32,29870,08:17:50,30,29900,08:18:20,72,Y32-T2,R-Y32-CCW,UNVERIFIED_DEPOT_ALLOCATION_EAST,EAST_SECTION_12_STATIONS_ONLY,INDICATIVE_HEADWAY_SCHEDULE,UNVALIDATED_LACKS_BLOCK_INTERLOCKING_WHOLE_RING,"Covers only 12 East stations (Y29-Y01); lacks whole-ring loop, depot throat tracks, block signals, and interlocking models; short-turn Y22-Y38 incorrectly traverses all 12 stations."
296,TR-CCW-025,EMU-CCW-26,COUNTERCLOCKWISE,EAST_SECTION_INDICATIVE_PATTERN,Y33,29888,08:18:08,45,29933,08:18:53,87,Y33-T2,R-Y33-CCW,UNVERIFIED_DEPOT_ALLOCATION_SOUTH,EAST_SECTION_12_STATIONS_ONLY,INDICATIVE_HEADWAY_SCHEDULE,UNVALIDATED_LACKS_BLOCK_INTERLOCKING_WHOLE_RING,"Covers only 12 East stations (Y29-Y01); lacks whole-ring loop, depot throat tracks, block signals, and interlocking models; short-turn Y22-Y38 incorrectly traverses all 12 stations."
866,TR-CW-024,EMU-CW-25,CLOCKWISE,EAST_SECTION_INDICATIVE_PATTERN,Y30,29888,08:18:08,30,29918,08:18:38,92,Y30-T1,R-Y30-CW,UNVERIFIED_DEPOT_ALLOCATION_SOUTH,EAST_SECTION_12_STATIONS_ONLY,INDICATIVE_HEADWAY_SCHEDULE,UNVALIDATED_LACKS_BLOCK_INTERLOCKING_WHOLE_RING,"Covers only 12 East stations (Y29-Y01); lacks whole-ring loop, depot throat tracks, block signals, and interlocking models."
835,TR-CW-021,EMU-CW-22,CLOCKWISE,EAST_SECTION_INDICATIVE_PATTERN,Y35,29892,08:18:12,45,29937,08:18:57,123,Y35-T1,R-Y35-CW,UNVERIFIED_DEPOT_ALLOCATION_SOUTH,EAST_SECTION_12_STATIONS_ONLY,INDICATIVE_HEADWAY_SCHEDULE,UNVALIDATED_LACKS_BLOCK_INTERLOCKING_WHOLE_RING,"Covers only 12 East stations (Y29-Y01); lacks whole-ring loop, depot throat tracks, block signals, and interlocking models."
803,TR-CW-018,EMU-CW-19,CLOCKWISE,EAST_SECTION_INDICATIVE_PATTERN,Y39,29906,08:18:26,30,29936,08:18:56,193,Y39-T1,R-Y39-CW,UNVERIFIED_DEPOT_ALLOCATION_SOUTH,EAST_SECTION_12_STATIONS_ONLY,INDICATIVE_HEADWAY_SCHEDULE,UNVALIDATED_LACKS_BLOCK_INTERLOCKING_WHOLE_RING,"Covers only 12 East stations (Y29-Y01); lacks whole-ring loop, depot throat tracks, block signals, and interlocking models."
351,TR-CCW-030,EMU-CCW-31,COUNTERCLOCKWISE,SHORT_TURN_Y22_Y38,Y38,29910,08:18:30,45,29955,08:19:15,128,Y38-T2,R-Y38-CCW,UNVERIFIED_DEPOT_ALLOCATION_EAST,EAST_SECTION_12_STATIONS_ONLY,INDICATIVE_HEADWAY_SCHEDULE,UNVALIDATED_LACKS_BLOCK_INTERLOCKING_WHOLE_RING,"Covers only 12 East stations (Y29-Y01); lacks whole-ring loop, depot throat tracks, block signals, and interlocking models; short-turn Y22-Y38 incorrectly traverses all 12 stations."
264,TR-CCW-022,EMU-CCW-23,COUNTERCLOCKWISE,EAST_SECTION_INDICATIVE_PATTERN,Y29,29913,08:18:33,45,29958,08:19:18,0,Y29-T2,R-Y29-CCW,UNVERIFIED_DEPOT_ALLOCATION_SOUTH,EAST_SECTION_12_STATIONS_ONLY,INDICATIVE_HEADWAY_SCHEDULE,UNVALIDATED_LACKS_BLOCK_INTERLOCKING_WHOLE_RING,"Covers only 12 East stations (Y29-Y01); lacks whole-ring loop, depot throat tracks, block signals, and interlocking models; short-turn Y22-Y38 incorrectly traverses all 12 stations."
329,TR-CCW-028,EMU-CCW-29,COUNTERCLOCKWISE,EAST_SECTION_INDICATIVE_PATTERN,Y36,29913,08:18:33,45,29958,08:19:18,123,Y36-T2,R-Y36-CCW,UNVERIFIED_DEPOT_ALLOCATION_SOUTH,EAST_SECTION_12_STATIONS_ONLY,INDICATIVE_HEADWAY_SCHEDULE,UNVALIDATED_LACKS_BLOCK_INTERLOCKING_WHOLE_RING,"Covers only 12 East stations (Y29-Y01); lacks whole-ring loop, depot throat tracks, block signals, and interlocking models; short-turn Y22-Y38 incorrectly traverses all 12 stations."
307,TR-CCW-026,EMU-CCW-27,COUNTERCLOCKWISE,EAST_SECTION_INDICATIVE_PATTERN,Y34,29914,08:18:34,30,29944,08:19:04,94,Y34-T2,R-Y34-CCW,UNVERIFIED_DEPOT_ALLOCATION_SOUTH,EAST_SECTION_12_STATIONS_ONLY,INDICATIVE_HEADWAY_SCHEDULE,UNVALIDATED_LACKS_BLOCK_INTERLOCKING_WHOLE_RING,"Covers only 12 East stations (Y29-Y01); lacks whole-ring loop, depot throat tracks, block signals, and interlocking models; short-turn Y22-Y38 incorrectly traverses all 12 stations."
856,TR-CW-023,EMU-CW-24,CLOCKWISE,EAST_SECTION_INDICATIVE_PATTERN,Y32,29914,08:18:34,30,29944,08:19:04,87,Y32-T1,R-Y32-CW,UNVERIFIED_DEPOT_ALLOCATION_SOUTH,EAST_SECTION_12_STATIONS_ONLY,INDICATIVE_HEADWAY_SCHEDULE,UNVALIDATED_LACKS_BLOCK_INTERLOCKING_WHOLE_RING,"Covers only 12 East stations (Y29-Y01); lacks whole-ring loop, depot throat tracks, block signals, and interlocking models."
318,TR-CCW-027,EMU-CCW-28,COUNTERCLOCKWISE,SHORT_TURN_Y22_Y38,Y35,29931,08:18:51,45,29976,08:19:36,88,Y35-T2,R-Y35-CCW,UNVERIFIED_DEPOT_ALLOCATION_EAST,EAST_SECTION_12_STATIONS_ONLY,INDICATIVE_HEADWAY_SCHEDULE,UNVALIDATED_LACKS_BLOCK_INTERLOCKING_WHOLE_RING,"Covers only 12 East stations (Y29-Y01); lacks whole-ring loop, depot throat tracks, block signals, and interlocking models; short-turn Y22-Y38 incorrectly traverses all 12 stations."
792,TR-CW-017,EMU-CW-18,CLOCKWISE,EAST_SECTION_INDICATIVE_PATTERN,Y01,29931,08:18:51,45,29976,08:19:36,0,Y01-T1,R-Y01-CW,UNVERIFIED_DEPOT_ALLOCATION_SOUTH,EAST_SECTION_12_STATIONS_ONLY,INDICATIVE_HEADWAY_SCHEDULE,UNVALIDATED_LACKS_BLOCK_INTERLOCKING_WHOLE_RING,"Covers only 12 East stations (Y29-Y01); lacks whole-ring loop, depot throat tracks, block signals, and interlocking models."
340,TR-CCW-029,EMU-CCW-30,COUNTERCLOCKWISE,EAST_SECTION_INDICATIVE_PATTERN,Y37,29933,08:18:53,45,29978,08:19:38,85,Y37-T2,R-Y37-CCW,UNVERIFIED_DEPOT_ALLOCATION_SOUTH,EAST_SECTION_12_STATIONS_ONLY,INDICATIVE_HEADWAY_SCHEDULE,UNVALIDATED_LACKS_BLOCK_INTERLOCKING_WHOLE_RING,"Covers only 12 East stations (Y29-Y01); lacks whole-ring loop, depot throat tracks, block signals, and interlocking models; short-turn Y22-Y38 incorrectly traverses all 12 stations."
362,TR-CCW-031,EMU-CCW-32,COUNTERCLOCKWISE,EAST_SECTION_INDICATIVE_PATTERN,Y39,29938,08:18:58,30,29968,08:19:28,92,Y39-T2,R-Y39-CCW,UNVERIFIED_DEPOT_ALLOCATION_SOUTH,EAST_SECTION_12_STATIONS_ONLY,INDICATIVE_HEADWAY_SCHEDULE,UNVALIDATED_LACKS_BLOCK_INTERLOCKING_WHOLE_RING,"Covers only 12 East stations (Y29-Y01); lacks whole-ring loop, depot throat tracks, block signals, and interlocking models; short-turn Y22-Y38 incorrectly traverses all 12 stations."
275,TR-CCW-023,EMU-CCW-24,COUNTERCLOCKWISE,EAST_SECTION_INDICATIVE_PATTERN,Y30,29944,08:19:04,30,29974,08:19:34,89,Y30-T2,R-Y30-CCW,UNVERIFIED_DEPOT_ALLOCATION_SOUTH,EAST_SECTION_12_STATIONS_ONLY,INDICATIVE_HEADWAY_SCHEDULE,UNVALIDATED_LACKS_BLOCK_INTERLOCKING_WHOLE_RING,"Covers only 12 East stations (Y29-Y01); lacks whole-ring loop, depot throat tracks, block signals, and interlocking models; short-turn Y22-Y38 incorrectly traverses all 12 stations."
877,TR-CW-025,EMU-CW-26,CLOCKWISE,EAST_SECTION_INDICATIVE_PATTERN,Y29,29952,08:19:12,45,29997,08:19:57,89,Y29-T1,R-Y29-CW,UNVERIFIED_DEPOT_ALLOCATION_SOUTH,EAST_SECTION_12_STATIONS_ONLY,INDICATIVE_HEADWAY_SCHEDULE,UNVALIDATED_LACKS_BLOCK_INTERLOCKING_WHOLE_RING,"Covers only 12 East stations (Y29-Y01); lacks whole-ring loop, depot throat tracks, block signals, and interlocking models."
814,TR-CW-019,EMU-CW-20,CLOCKWISE,EAST_SECTION_INDICATIVE_PATTERN,Y38,29967,08:19:27,45,30012,08:20:12,92,Y38-T1,R-Y38-CW,UNVERIFIED_DEPOT_ALLOCATION_SOUTH,EAST_SECTION_12_STATIONS_ONLY,INDICATIVE_HEADWAY_SCHEDULE,UNVALIDATED_LACKS_BLOCK_INTERLOCKING_WHOLE_RING,"Covers only 12 East stations (Y29-Y01); lacks whole-ring loop, depot throat tracks, block signals, and interlocking models."
286,TR-CCW-024,EMU-CCW-25,COUNTERCLOCKWISE,SHORT_TURN_Y22_Y38,Y31,29972,08:19:32,30,30002,08:20:02,92,Y31-T2,R-Y31-CCW,UNVERIFIED_DEPOT_ALLOCATION_EAST,EAST_SECTION_12_STATIONS_ONLY,INDICATIVE_HEADWAY_SCHEDULE,UNVALIDATED_LACKS_BLOCK_INTERLOCKING_WHOLE_RING,"Covers only 12 East stations (Y29-Y01); lacks whole-ring loop, depot throat tracks, block signals, and interlocking models; short-turn Y22-Y38 incorrectly traverses all 12 stations."
846,TR-CW-022,EMU-CW-23,CLOCKWISE,EAST_SECTION_INDICATIVE_PATTERN,Y34,29972,08:19:32,30,30002,08:20:02,88,Y34-T1,R-Y34-CW,UNVERIFIED_DEPOT_ALLOCATION_SOUTH,EAST_SECTION_12_STATIONS_ONLY,INDICATIVE_HEADWAY_SCHEDULE,UNVALIDATED_LACKS_BLOCK_INTERLOCKING_WHOLE_RING,"Covers only 12 East stations (Y29-Y01); lacks whole-ring loop, depot throat tracks, block signals, and interlocking models."
825,TR-CW-020,EMU-CW-21,CLOCKWISE,EAST_SECTION_INDICATIVE_PATTERN,Y37,29992,08:19:52,45,30037,08:20:37,128,Y37-T1,R-Y37-CW,UNVERIFIED_DEPOT_ALLOCATION_SOUTH,EAST_SECTION_12_STATIONS_ONLY,INDICATIVE_HEADWAY_SCHEDULE,UNVALIDATED_LACKS_BLOCK_INTERLOCKING_WHOLE_RING,"Covers only 12 East stations (Y29-Y01); lacks whole-ring loop, depot throat tracks, block signals, and interlocking models."
385,TR-CCW-033,EMU-CCW-34,COUNTERCLOCKWISE,SHORT_TURN_Y22_Y38,Y01,30000,08:20:00,45,30045,08:20:45,193,Y01-T2,R-Y01-CCW,UNVERIFIED_DEPOT_ALLOCATION_EAST,EAST_SECTION_12_STATIONS_ONLY,INDICATIVE_HEADWAY_SCHEDULE,UNVALIDATED_LACKS_BLOCK_INTERLOCKING_WHOLE_RING,"Covers only 12 East stations (Y29-Y01); lacks whole-ring loop, depot throat tracks, block signals, and interlocking models; short-turn Y22-Y38 incorrectly traverses all 12 stations."
867,TR-CW-024,EMU-CW-25,CLOCKWISE,EAST_SECTION_INDICATIVE_PATTERN,Y31,30010,08:20:10,30,30040,08:20:40,72,Y31-T1,R-Y31-CW,UNVERIFIED_DEPOT_ALLOCATION_SOUTH,EAST_SECTION_12_STATIONS_ONLY,INDICATIVE_HEADWAY_SCHEDULE,UNVALIDATED_LACKS_BLOCK_INTERLOCKING_WHOLE_RING,"Covers only 12 East stations (Y29-Y01); lacks whole-ring loop, depot throat tracks, block signals, and interlocking models."
297,TR-CCW-025,EMU-CCW-26,COUNTERCLOCKWISE,EAST_SECTION_INDICATIVE_PATTERN,Y32,30020,08:20:20,30,30050,08:20:50,72,Y32-T2,R-Y32-CCW,UNVERIFIED_DEPOT_ALLOCATION_SOUTH,EAST_SECTION_12_STATIONS_ONLY,INDICATIVE_HEADWAY_SCHEDULE,UNVALIDATED_LACKS_BLOCK_INTERLOCKING_WHOLE_RING,"Covers only 12 East stations (Y29-Y01); lacks whole-ring loop, depot throat tracks, block signals, and interlocking models; short-turn Y22-Y38 incorrectly traverses all 12 stations."
857,TR-CW-023,EMU-CW-24,CLOCKWISE,EAST_SECTION_INDICATIVE_PATTERN,Y33,30031,08:20:31,45,30076,08:21:16,94,Y33-T1,R-Y33-CW,UNVERIFIED_DEPOT_ALLOCATION_SOUTH,EAST_SECTION_12_STATIONS_ONLY,INDICATIVE_HEADWAY_SCHEDULE,UNVALIDATED_LACKS_BLOCK_INTERLOCKING_WHOLE_RING,"Covers only 12 East stations (Y29-Y01); lacks whole-ring loop, depot throat tracks, block signals, and interlocking models."
308,TR-CCW-026,EMU-CCW-27,COUNTERCLOCKWISE,EAST_SECTION_INDICATIVE_PATTERN,Y33,30038,08:20:38,45,30083,08:21:23,87,Y33-T2,R-Y33-CCW,UNVERIFIED_DEPOT_ALLOCATION_SOUTH,EAST_SECTION_12_STATIONS_ONLY,INDICATIVE_HEADWAY_SCHEDULE,UNVALIDATED_LACKS_BLOCK_INTERLOCKING_WHOLE_RING,"Covers only 12 East stations (Y29-Y01); lacks whole-ring loop, depot throat tracks, block signals, and interlocking models; short-turn Y22-Y38 incorrectly traverses all 12 stations."
363,TR-CCW-031,EMU-CCW-32,COUNTERCLOCKWISE,EAST_SECTION_INDICATIVE_PATTERN,Y38,30060,08:21:00,45,30105,08:21:45,128,Y38-T2,R-Y38-CCW,UNVERIFIED_DEPOT_ALLOCATION_SOUTH,EAST_SECTION_12_STATIONS_ONLY,INDICATIVE_HEADWAY_SCHEDULE,UNVALIDATED_LACKS_BLOCK_INTERLOCKING_WHOLE_RING,"Covers only 12 East stations (Y29-Y01); lacks whole-ring loop, depot throat tracks, block signals, and interlocking models; short-turn Y22-Y38 incorrectly traverses all 12 stations."
836,TR-CW-021,EMU-CW-22,CLOCKWISE,EAST_SECTION_INDICATIVE_PATTERN,Y36,30060,08:21:00,45,30105,08:21:45,85,Y36-T1,R-Y36-CW,UNVERIFIED_DEPOT_ALLOCATION_SOUTH,EAST_SECTION_12_STATIONS_ONLY,INDICATIVE_HEADWAY_SCHEDULE,UNVALIDATED_LACKS_BLOCK_INTERLOCKING_WHOLE_RING,"Covers only 12 East stations (Y29-Y01); lacks whole-ring loop, depot throat tracks, block signals, and interlocking models."
276,TR-CCW-023,EMU-CCW-24,COUNTERCLOCKWISE,EAST_SECTION_INDICATIVE_PATTERN,Y29,30063,08:21:03,45,30108,08:21:48,0,Y29-T2,R-Y29-CCW,UNVERIFIED_DEPOT_ALLOCATION_SOUTH,EAST_SECTION_12_STATIONS_ONLY,INDICATIVE_HEADWAY_SCHEDULE,UNVALIDATED_LACKS_BLOCK_INTERLOCKING_WHOLE_RING,"Covers only 12 East stations (Y29-Y01); lacks whole-ring loop, depot throat tracks, block signals, and interlocking models; short-turn Y22-Y38 incorrectly traverses all 12 stations."
341,TR-CCW-029,EMU-CCW-30,COUNTERCLOCKWISE,EAST_SECTION_INDICATIVE_PATTERN,Y36,30063,08:21:03,45,30108,08:21:48,123,Y36-T2,R-Y36-CCW,UNVERIFIED_DEPOT_ALLOCATION_SOUTH,EAST_SECTION_12_STATIONS_ONLY,INDICATIVE_HEADWAY_SCHEDULE,UNVALIDATED_LACKS_BLOCK_INTERLOCKING_WHOLE_RING,"Covers only 12 East stations (Y29-Y01); lacks whole-ring loop, depot throat tracks, block signals, and interlocking models; short-turn Y22-Y38 incorrectly traverses all 12 stations."
319,TR-CCW-027,EMU-CCW-28,COUNTERCLOCKWISE,SHORT_TURN_Y22_Y38,Y34,30064,08:21:04,30,30094,08:21:34,94,Y34-T2,R-Y34-CCW,UNVERIFIED_DEPOT_ALLOCATION_EAST,EAST_SECTION_12_STATIONS_ONLY,INDICATIVE_HEADWAY_SCHEDULE,UNVALIDATED_LACKS_BLOCK_INTERLOCKING_WHOLE_RING,"Covers only 12 East stations (Y29-Y01); lacks whole-ring loop, depot throat tracks, block signals, and interlocking models; short-turn Y22-Y38 incorrectly traverses all 12 stations."
330,TR-CCW-028,EMU-CCW-29,COUNTERCLOCKWISE,EAST_SECTION_INDICATIVE_PATTERN,Y35,30081,08:21:21,45,30126,08:22:06,88,Y35-T2,R-Y35-CCW,UNVERIFIED_DEPOT_ALLOCATION_SOUTH,EAST_SECTION_12_STATIONS_ONLY,INDICATIVE_HEADWAY_SCHEDULE,UNVALIDATED_LACKS_BLOCK_INTERLOCKING_WHOLE_RING,"Covers only 12 East stations (Y29-Y01); lacks whole-ring loop, depot throat tracks, block signals, and interlocking models; short-turn Y22-Y38 incorrectly traverses all 12 stations."
352,TR-CCW-030,EMU-CCW-31,COUNTERCLOCKWISE,SHORT_TURN_Y22_Y38,Y37,30083,08:21:23,45,30128,08:22:08,85,Y37-T2,R-Y37-CCW,UNVERIFIED_DEPOT_ALLOCATION_EAST,EAST_SECTION_12_STATIONS_ONLY,INDICATIVE_HEADWAY_SCHEDULE,UNVALIDATED_LACKS_BLOCK_INTERLOCKING_WHOLE_RING,"Covers only 12 East stations (Y29-Y01); lacks whole-ring loop, depot throat tracks, block signals, and interlocking models; short-turn Y22-Y38 incorrectly traverses all 12 stations."
878,TR-CW-025,EMU-CW-26,CLOCKWISE,EAST_SECTION_INDICATIVE_PATTERN,Y30,30086,08:21:26,30,30116,08:21:56,92,Y30-T1,R-Y30-CW,UNVERIFIED_DEPOT_ALLOCATION_SOUTH,EAST_SECTION_12_STATIONS_ONLY,INDICATIVE_HEADWAY_SCHEDULE,UNVALIDATED_LACKS_BLOCK_INTERLOCKING_WHOLE_RING,"Covers only 12 East stations (Y29-Y01); lacks whole-ring loop, depot throat tracks, block signals, and interlocking models."
374,TR-CCW-032,EMU-CCW-33,COUNTERCLOCKWISE,EAST_SECTION_INDICATIVE_PATTERN,Y39,30088,08:21:28,30,30118,08:21:58,92,Y39-T2,R-Y39-CCW,UNVERIFIED_DEPOT_ALLOCATION_SOUTH,EAST_SECTION_12_STATIONS_ONLY,INDICATIVE_HEADWAY_SCHEDULE,UNVALIDATED_LACKS_BLOCK_INTERLOCKING_WHOLE_RING,"Covers only 12 East stations (Y29-Y01); lacks whole-ring loop, depot throat tracks, block signals, and interlocking models; short-turn Y22-Y38 incorrectly traverses all 12 stations."
847,TR-CW-022,EMU-CW-23,CLOCKWISE,EAST_SECTION_INDICATIVE_PATTERN,Y35,30090,08:21:30,45,30135,08:22:15,123,Y35-T1,R-Y35-CW,UNVERIFIED_DEPOT_ALLOCATION_SOUTH,EAST_SECTION_12_STATIONS_ONLY,INDICATIVE_HEADWAY_SCHEDULE,UNVALIDATED_LACKS_BLOCK_INTERLOCKING_WHOLE_RING,"Covers only 12 East stations (Y29-Y01); lacks whole-ring loop, depot throat tracks, block signals, and interlocking models."
287,TR-CCW-024,EMU-CCW-25,COUNTERCLOCKWISE,SHORT_TURN_Y22_Y38,Y30,30094,08:21:34,30,30124,08:22:04,89,Y30-T2,R-Y30-CCW,UNVERIFIED_DEPOT_ALLOCATION_EAST,EAST_SECTION_12_STATIONS_ONLY,INDICATIVE_HEADWAY_SCHEDULE,UNVALIDATED_LACKS_BLOCK_INTERLOCKING_WHOLE_RING,"Covers only 12 East stations (Y29-Y01); lacks whole-ring loop, depot throat tracks, block signals, and interlocking models; short-turn Y22-Y38 incorrectly traverses all 12 stations."
815,TR-CW-019,EMU-CW-20,CLOCKWISE,EAST_SECTION_INDICATIVE_PATTERN,Y39,30104,08:21:44,30,30134,08:22:14,193,Y39-T1,R-Y39-CW,UNVERIFIED_DEPOT_ALLOCATION_SOUTH,EAST_SECTION_12_STATIONS_ONLY,INDICATIVE_HEADWAY_SCHEDULE,UNVALIDATED_LACKS_BLOCK_INTERLOCKING_WHOLE_RING,"Covers only 12 East stations (Y29-Y01); lacks whole-ring loop, depot throat tracks, block signals, and interlocking models."
868,TR-CW-024,EMU-CW-25,CLOCKWISE,EAST_SECTION_INDICATIVE_PATTERN,Y32,30112,08:21:52,30,30142,08:22:22,87,Y32-T1,R-Y32-CW,UNVERIFIED_DEPOT_ALLOCATION_SOUTH,EAST_SECTION_12_STATIONS_ONLY,INDICATIVE_HEADWAY_SCHEDULE,UNVALIDATED_LACKS_BLOCK_INTERLOCKING_WHOLE_RING,"Covers only 12 East stations (Y29-Y01); lacks whole-ring loop, depot throat tracks, block signals, and interlocking models."
298,TR-CCW-025,EMU-CCW-26,COUNTERCLOCKWISE,EAST_SECTION_INDICATIVE_PATTERN,Y31,30122,08:22:02,30,30152,08:22:32,92,Y31-T2,R-Y31-CCW,UNVERIFIED_DEPOT_ALLOCATION_SOUTH,EAST_SECTION_12_STATIONS_ONLY,INDICATIVE_HEADWAY_SCHEDULE,UNVALIDATED_LACKS_BLOCK_INTERLOCKING_WHOLE_RING,"Covers only 12 East stations (Y29-Y01); lacks whole-ring loop, depot throat tracks, block signals, and interlocking models; short-turn Y22-Y38 incorrectly traverses all 12 stations."
804,TR-CW-018,EMU-CW-19,CLOCKWISE,EAST_SECTION_INDICATIVE_PATTERN,Y01,30129,08:22:09,45,30174,08:22:54,0,Y01-T1,R-Y01-CW,UNVERIFIED_DEPOT_ALLOCATION_SOUTH,EAST_SECTION_12_STATIONS_ONLY,INDICATIVE_HEADWAY_SCHEDULE,UNVALIDATED_LACKS_BLOCK_INTERLOCKING_WHOLE_RING,"Covers only 12 East stations (Y29-Y01); lacks whole-ring loop, depot throat tracks, block signals, and interlocking models."
397,TR-CCW-034,EMU-CCW-35,COUNTERCLOCKWISE,EAST_SECTION_INDICATIVE_PATTERN,Y01,30150,08:22:30,45,30195,08:23:15,193,Y01-T2,R-Y01-CCW,UNVERIFIED_DEPOT_ALLOCATION_SOUTH,EAST_SECTION_12_STATIONS_ONLY,INDICATIVE_HEADWAY_SCHEDULE,UNVALIDATED_LACKS_BLOCK_INTERLOCKING_WHOLE_RING,"Covers only 12 East stations (Y29-Y01); lacks whole-ring loop, depot throat tracks, block signals, and interlocking models; short-turn Y22-Y38 incorrectly traverses all 12 stations."
889,TR-CW-026,EMU-CW-27,CLOCKWISE,EAST_SECTION_INDICATIVE_PATTERN,Y29,30150,08:22:30,45,30195,08:23:15,89,Y29-T1,R-Y29-CW,UNVERIFIED_DEPOT_ALLOCATION_SOUTH,EAST_SECTION_12_STATIONS_ONLY,INDICATIVE_HEADWAY_SCHEDULE,UNVALIDATED_LACKS_BLOCK_INTERLOCKING_WHOLE_RING,"Covers only 12 East stations (Y29-Y01); lacks whole-ring loop, depot throat tracks, block signals, and interlocking models."
826,TR-CW-020,EMU-CW-21,CLOCKWISE,EAST_SECTION_INDICATIVE_PATTERN,Y38,30165,08:22:45,45,30210,08:23:30,92,Y38-T1,R-Y38-CW,UNVERIFIED_DEPOT_ALLOCATION_SOUTH,EAST_SECTION_12_STATIONS_ONLY,INDICATIVE_HEADWAY_SCHEDULE,UNVALIDATED_LACKS_BLOCK_INTERLOCKING_WHOLE_RING,"Covers only 12 East stations (Y29-Y01); lacks whole-ring loop, depot throat tracks, block signals, and interlocking models."
309,TR-CCW-026,EMU-CCW-27,COUNTERCLOCKWISE,EAST_SECTION_INDICATIVE_PATTERN,Y32,30170,08:22:50,30,30200,08:23:20,72,Y32-T2,R-Y32-CCW,UNVERIFIED_DEPOT_ALLOCATION_SOUTH,EAST_SECTION_12_STATIONS_ONLY,INDICATIVE_HEADWAY_SCHEDULE,UNVALIDATED_LACKS_BLOCK_INTERLOCKING_WHOLE_RING,"Covers only 12 East stations (Y29-Y01); lacks whole-ring loop, depot throat tracks, block signals, and interlocking models; short-turn Y22-Y38 incorrectly traverses all 12 stations."
858,TR-CW-023,EMU-CW-24,CLOCKWISE,EAST_SECTION_INDICATIVE_PATTERN,Y34,30170,08:22:50,30,30200,08:23:20,88,Y34-T1,R-Y34-CW,UNVERIFIED_DEPOT_ALLOCATION_SOUTH,EAST_SECTION_12_STATIONS_ONLY,INDICATIVE_HEADWAY_SCHEDULE,UNVALIDATED_LACKS_BLOCK_INTERLOCKING_WHOLE_RING,"Covers only 12 East stations (Y29-Y01); lacks whole-ring loop, depot throat tracks, block signals, and interlocking models."
320,TR-CCW-027,EMU-CCW-28,COUNTERCLOCKWISE,SHORT_TURN_Y22_Y38,Y33,30188,08:23:08,45,30233,08:23:53,87,Y33-T2,R-Y33-CCW,UNVERIFIED_DEPOT_ALLOCATION_EAST,EAST_SECTION_12_STATIONS_ONLY,INDICATIVE_HEADWAY_SCHEDULE,UNVALIDATED_LACKS_BLOCK_INTERLOCKING_WHOLE_RING,"Covers only 12 East stations (Y29-Y01); lacks whole-ring loop, depot throat tracks, block signals, and interlocking models; short-turn Y22-Y38 incorrectly traverses all 12 stations."
837,TR-CW-021,EMU-CW-22,CLOCKWISE,EAST_SECTION_INDICATIVE_PATTERN,Y37,30190,08:23:10,45,30235,08:23:55,128,Y37-T1,R-Y37-CW,UNVERIFIED_DEPOT_ALLOCATION_SOUTH,EAST_SECTION_12_STATIONS_ONLY,INDICATIVE_HEADWAY_SCHEDULE,UNVALIDATED_LACKS_BLOCK_INTERLOCKING_WHOLE_RING,"Covers only 12 East stations (Y29-Y01); lacks whole-ring loop, depot throat tracks, block signals, and interlocking models."
879,TR-CW-025,EMU-CW-26,CLOCKWISE,EAST_SECTION_INDICATIVE_PATTERN,Y31,30208,08:23:28,30,30238,08:23:58,72,Y31-T1,R-Y31-CW,UNVERIFIED_DEPOT_ALLOCATION_SOUTH,EAST_SECTION_12_STATIONS_ONLY,INDICATIVE_HEADWAY_SCHEDULE,UNVALIDATED_LACKS_BLOCK_INTERLOCKING_WHOLE_RING,"Covers only 12 East stations (Y29-Y01); lacks whole-ring loop, depot throat tracks, block signals, and interlocking models."
375,TR-CCW-032,EMU-CCW-33,COUNTERCLOCKWISE,EAST_SECTION_INDICATIVE_PATTERN,Y38,30210,08:23:30,45,30255,08:24:15,128,Y38-T2,R-Y38-CCW,UNVERIFIED_DEPOT_ALLOCATION_SOUTH,EAST_SECTION_12_STATIONS_ONLY,INDICATIVE_HEADWAY_SCHEDULE,UNVALIDATED_LACKS_BLOCK_INTERLOCKING_WHOLE_RING,"Covers only 12 East stations (Y29-Y01); lacks whole-ring loop, depot throat tracks, block signals, and interlocking models; short-turn Y22-Y38 incorrectly traverses all 12 stations."
288,TR-CCW-024,EMU-CCW-25,COUNTERCLOCKWISE,SHORT_TURN_Y22_Y38,Y29,30213,08:23:33,45,30258,08:24:18,0,Y29-T2,R-Y29-CCW,UNVERIFIED_DEPOT_ALLOCATION_EAST,EAST_SECTION_12_STATIONS_ONLY,INDICATIVE_HEADWAY_SCHEDULE,UNVALIDATED_LACKS_BLOCK_INTERLOCKING_WHOLE_RING,"Covers only 12 East stations (Y29-Y01); lacks whole-ring loop, depot throat tracks, block signals, and interlocking models; short-turn Y22-Y38 incorrectly traverses all 12 stations."
353,TR-CCW-030,EMU-CCW-31,COUNTERCLOCKWISE,SHORT_TURN_Y22_Y38,Y36,30213,08:23:33,45,30258,08:24:18,123,Y36-T2,R-Y36-CCW,UNVERIFIED_DEPOT_ALLOCATION_EAST,EAST_SECTION_12_STATIONS_ONLY,INDICATIVE_HEADWAY_SCHEDULE,UNVALIDATED_LACKS_BLOCK_INTERLOCKING_WHOLE_RING,"Covers only 12 East stations (Y29-Y01); lacks whole-ring loop, depot throat tracks, block signals, and interlocking models; short-turn Y22-Y38 incorrectly traverses all 12 stations."
331,TR-CCW-028,EMU-CCW-29,COUNTERCLOCKWISE,EAST_SECTION_INDICATIVE_PATTERN,Y34,30214,08:23:34,30,30244,08:24:04,94,Y34-T2,R-Y34-CCW,UNVERIFIED_DEPOT_ALLOCATION_SOUTH,EAST_SECTION_12_STATIONS_ONLY,INDICATIVE_HEADWAY_SCHEDULE,UNVALIDATED_LACKS_BLOCK_INTERLOCKING_WHOLE_RING,"Covers only 12 East stations (Y29-Y01); lacks whole-ring loop, depot throat tracks, block signals, and interlocking models; short-turn Y22-Y38 incorrectly traverses all 12 stations."
869,TR-CW-024,EMU-CW-25,CLOCKWISE,EAST_SECTION_INDICATIVE_PATTERN,Y33,30229,08:23:49,45,30274,08:24:34,94,Y33-T1,R-Y33-CW,UNVERIFIED_DEPOT_ALLOCATION_SOUTH,EAST_SECTION_12_STATIONS_ONLY,INDICATIVE_HEADWAY_SCHEDULE,UNVALIDATED_LACKS_BLOCK_INTERLOCKING_WHOLE_RING,"Covers only 12 East stations (Y29-Y01); lacks whole-ring loop, depot throat tracks, block signals, and interlocking models."
342,TR-CCW-029,EMU-CCW-30,COUNTERCLOCKWISE,EAST_SECTION_INDICATIVE_PATTERN,Y35,30231,08:23:51,45,30276,08:24:36,88,Y35-T2,R-Y35-CCW,UNVERIFIED_DEPOT_ALLOCATION_SOUTH,EAST_SECTION_12_STATIONS_ONLY,INDICATIVE_HEADWAY_SCHEDULE,UNVALIDATED_LACKS_BLOCK_INTERLOCKING_WHOLE_RING,"Covers only 12 East stations (Y29-Y01); lacks whole-ring loop, depot throat tracks, block signals, and interlocking models; short-turn Y22-Y38 incorrectly traverses all 12 stations."
364,TR-CCW-031,EMU-CCW-32,COUNTERCLOCKWISE,EAST_SECTION_INDICATIVE_PATTERN,Y37,30233,08:23:53,45,30278,08:24:38,85,Y37-T2,R-Y37-CCW,UNVERIFIED_DEPOT_ALLOCATION_SOUTH,EAST_SECTION_12_STATIONS_ONLY,INDICATIVE_HEADWAY_SCHEDULE,UNVALIDATED_LACKS_BLOCK_INTERLOCKING_WHOLE_RING,"Covers only 12 East stations (Y29-Y01); lacks whole-ring loop, depot throat tracks, block signals, and interlocking models; short-turn Y22-Y38 incorrectly traverses all 12 stations."
386,TR-CCW-033,EMU-CCW-34,COUNTERCLOCKWISE,SHORT_TURN_Y22_Y38,Y39,30238,08:23:58,30,30268,08:24:28,92,Y39-T2,R-Y39-CCW,UNVERIFIED_DEPOT_ALLOCATION_EAST,EAST_SECTION_12_STATIONS_ONLY,INDICATIVE_HEADWAY_SCHEDULE,UNVALIDATED_LACKS_BLOCK_INTERLOCKING_WHOLE_RING,"Covers only 12 East stations (Y29-Y01); lacks whole-ring loop, depot throat tracks, block signals, and interlocking models; short-turn Y22-Y38 incorrectly traverses all 12 stations."
299,TR-CCW-025,EMU-CCW-26,COUNTERCLOCKWISE,EAST_SECTION_INDICATIVE_PATTERN,Y30,30244,08:24:04,30,30274,08:24:34,89,Y30-T2,R-Y30-CCW,UNVERIFIED_DEPOT_ALLOCATION_SOUTH,EAST_SECTION_12_STATIONS_ONLY,INDICATIVE_HEADWAY_SCHEDULE,UNVALIDATED_LACKS_BLOCK_INTERLOCKING_WHOLE_RING,"Covers only 12 East stations (Y29-Y01); lacks whole-ring loop, depot throat tracks, block signals, and interlocking models; short-turn Y22-Y38 incorrectly traverses all 12 stations."
848,TR-CW-022,EMU-CW-23,CLOCKWISE,EAST_SECTION_INDICATIVE_PATTERN,Y36,30258,08:24:18,45,30303,08:25:03,85,Y36-T1,R-Y36-CW,UNVERIFIED_DEPOT_ALLOCATION_SOUTH,EAST_SECTION_12_STATIONS_ONLY,INDICATIVE_HEADWAY_SCHEDULE,UNVALIDATED_LACKS_BLOCK_INTERLOCKING_WHOLE_RING,"Covers only 12 East stations (Y29-Y01); lacks whole-ring loop, depot throat tracks, block signals, and interlocking models."
310,TR-CCW-026,EMU-CCW-27,COUNTERCLOCKWISE,EAST_SECTION_INDICATIVE_PATTERN,Y31,30272,08:24:32,30,30302,08:25:02,92,Y31-T2,R-Y31-CCW,UNVERIFIED_DEPOT_ALLOCATION_SOUTH,EAST_SECTION_12_STATIONS_ONLY,INDICATIVE_HEADWAY_SCHEDULE,UNVALIDATED_LACKS_BLOCK_INTERLOCKING_WHOLE_RING,"Covers only 12 East stations (Y29-Y01); lacks whole-ring loop, depot throat tracks, block signals, and interlocking models; short-turn Y22-Y38 incorrectly traverses all 12 stations."
890,TR-CW-026,EMU-CW-27,CLOCKWISE,EAST_SECTION_INDICATIVE_PATTERN,Y30,30284,08:24:44,30,30314,08:25:14,92,Y30-T1,R-Y30-CW,UNVERIFIED_DEPOT_ALLOCATION_SOUTH,EAST_SECTION_12_STATIONS_ONLY,INDICATIVE_HEADWAY_SCHEDULE,UNVALIDATED_LACKS_BLOCK_INTERLOCKING_WHOLE_RING,"Covers only 12 East stations (Y29-Y01); lacks whole-ring loop, depot throat tracks, block signals, and interlocking models."
859,TR-CW-023,EMU-CW-24,CLOCKWISE,EAST_SECTION_INDICATIVE_PATTERN,Y35,30288,08:24:48,45,30333,08:25:33,123,Y35-T1,R-Y35-CW,UNVERIFIED_DEPOT_ALLOCATION_SOUTH,EAST_SECTION_12_STATIONS_ONLY,INDICATIVE_HEADWAY_SCHEDULE,UNVALIDATED_LACKS_BLOCK_INTERLOCKING_WHOLE_RING,"Covers only 12 East stations (Y29-Y01); lacks whole-ring loop, depot throat tracks, block signals, and interlocking models."
409,TR-CCW-035,EMU-CCW-01,COUNTERCLOCKWISE,EAST_SECTION_INDICATIVE_PATTERN,Y01,30300,08:25:00,45,30345,08:25:45,193,Y01-T2,R-Y01-CCW,UNVERIFIED_DEPOT_ALLOCATION_SOUTH,EAST_SECTION_12_STATIONS_ONLY,INDICATIVE_HEADWAY_SCHEDULE,UNVALIDATED_LACKS_BLOCK_INTERLOCKING_WHOLE_RING,"Covers only 12 East stations (Y29-Y01); lacks whole-ring loop, depot throat tracks, block signals, and interlocking models; short-turn Y22-Y38 incorrectly traverses all 12 stations."
827,TR-CW-020,EMU-CW-21,CLOCKWISE,EAST_SECTION_INDICATIVE_PATTERN,Y39,30302,08:25:02,30,30332,08:25:32,193,Y39-T1,R-Y39-CW,UNVERIFIED_DEPOT_ALLOCATION_SOUTH,EAST_SECTION_12_STATIONS_ONLY,INDICATIVE_HEADWAY_SCHEDULE,UNVALIDATED_LACKS_BLOCK_INTERLOCKING_WHOLE_RING,"Covers only 12 East stations (Y29-Y01); lacks whole-ring loop, depot throat tracks, block signals, and interlocking models."
880,TR-CW-025,EMU-CW-26,CLOCKWISE,EAST_SECTION_INDICATIVE_PATTERN,Y32,30310,08:25:10,30,30340,08:25:40,87,Y32-T1,R-Y32-CW,UNVERIFIED_DEPOT_ALLOCATION_SOUTH,EAST_SECTION_12_STATIONS_ONLY,INDICATIVE_HEADWAY_SCHEDULE,UNVALIDATED_LACKS_BLOCK_INTERLOCKING_WHOLE_RING,"Covers only 12 East stations (Y29-Y01); lacks whole-ring loop, depot throat tracks, block signals, and interlocking models."
321,TR-CCW-027,EMU-CCW-28,COUNTERCLOCKWISE,SHORT_TURN_Y22_Y38,Y32,30320,08:25:20,30,30350,08:25:50,72,Y32-T2,R-Y32-CCW,UNVERIFIED_DEPOT_ALLOCATION_EAST,EAST_SECTION_12_STATIONS_ONLY,INDICATIVE_HEADWAY_SCHEDULE,UNVALIDATED_LACKS_BLOCK_INTERLOCKING_WHOLE_RING,"Covers only 12 East stations (Y29-Y01); lacks whole-ring loop, depot throat tracks, block signals, and interlocking models; short-turn Y22-Y38 incorrectly traverses all 12 stations."
816,TR-CW-019,EMU-CW-20,CLOCKWISE,EAST_SECTION_INDICATIVE_PATTERN,Y01,30327,08:25:27,45,30372,08:26:12,0,Y01-T1,R-Y01-CW,UNVERIFIED_DEPOT_ALLOCATION_SOUTH,EAST_SECTION_12_STATIONS_ONLY,INDICATIVE_HEADWAY_SCHEDULE,UNVALIDATED_LACKS_BLOCK_INTERLOCKING_WHOLE_RING,"Covers only 12 East stations (Y29-Y01); lacks whole-ring loop, depot throat tracks, block signals, and interlocking models."
332,TR-CCW-028,EMU-CCW-29,COUNTERCLOCKWISE,EAST_SECTION_INDICATIVE_PATTERN,Y33,30338,08:25:38,45,30383,08:26:23,87,Y33-T2,R-Y33-CCW,UNVERIFIED_DEPOT_ALLOCATION_SOUTH,EAST_SECTION_12_STATIONS_ONLY,INDICATIVE_HEADWAY_SCHEDULE,UNVALIDATED_LACKS_BLOCK_INTERLOCKING_WHOLE_RING,"Covers only 12 East stations (Y29-Y01); lacks whole-ring loop, depot throat tracks, block signals, and interlocking models; short-turn Y22-Y38 incorrectly traverses all 12 stations."
901,TR-CW-027,EMU-CW-28,CLOCKWISE,EAST_SECTION_INDICATIVE_PATTERN,Y29,30348,08:25:48,45,30393,08:26:33,89,Y29-T1,R-Y29-CW,UNVERIFIED_DEPOT_ALLOCATION_SOUTH,EAST_SECTION_12_STATIONS_ONLY,INDICATIVE_HEADWAY_SCHEDULE,UNVALIDATED_LACKS_BLOCK_INTERLOCKING_WHOLE_RING,"Covers only 12 East stations (Y29-Y01); lacks whole-ring loop, depot throat tracks, block signals, and interlocking models."
387,TR-CCW-033,EMU-CCW-34,COUNTERCLOCKWISE,SHORT_TURN_Y22_Y38,Y38,30360,08:26:00,45,30405,08:26:45,128,Y38-T2,R-Y38-CCW,UNVERIFIED_DEPOT_ALLOCATION_EAST,EAST_SECTION_12_STATIONS_ONLY,INDICATIVE_HEADWAY_SCHEDULE,UNVALIDATED_LACKS_BLOCK_INTERLOCKING_WHOLE_RING,"Covers only 12 East stations (Y29-Y01); lacks whole-ring loop, depot throat tracks, block signals, and interlocking models; short-turn Y22-Y38 incorrectly traverses all 12 stations."
300,TR-CCW-025,EMU-CCW-26,COUNTERCLOCKWISE,EAST_SECTION_INDICATIVE_PATTERN,Y29,30363,08:26:03,45,30408,08:26:48,0,Y29-T2,R-Y29-CCW,UNVERIFIED_DEPOT_ALLOCATION_SOUTH,EAST_SECTION_12_STATIONS_ONLY,INDICATIVE_HEADWAY_SCHEDULE,UNVALIDATED_LACKS_BLOCK_INTERLOCKING_WHOLE_RING,"Covers only 12 East stations (Y29-Y01); lacks whole-ring loop, depot throat tracks, block signals, and interlocking models; short-turn Y22-Y38 incorrectly traverses all 12 stations."
365,TR-CCW-031,EMU-CCW-32,COUNTERCLOCKWISE,EAST_SECTION_INDICATIVE_PATTERN,Y36,30363,08:26:03,45,30408,08:26:48,123,Y36-T2,R-Y36-CCW,UNVERIFIED_DEPOT_ALLOCATION_SOUTH,EAST_SECTION_12_STATIONS_ONLY,INDICATIVE_HEADWAY_SCHEDULE,UNVALIDATED_LACKS_BLOCK_INTERLOCKING_WHOLE_RING,"Covers only 12 East stations (Y29-Y01); lacks whole-ring loop, depot throat tracks, block signals, and interlocking models; short-turn Y22-Y38 incorrectly traverses all 12 stations."
838,TR-CW-021,EMU-CW-22,CLOCKWISE,EAST_SECTION_INDICATIVE_PATTERN,Y38,30363,08:26:03,45,30408,08:26:48,92,Y38-T1,R-Y38-CW,UNVERIFIED_DEPOT_ALLOCATION_SOUTH,EAST_SECTION_12_STATIONS_ONLY,INDICATIVE_HEADWAY_SCHEDULE,UNVALIDATED_LACKS_BLOCK_INTERLOCKING_WHOLE_RING,"Covers only 12 East stations (Y29-Y01); lacks whole-ring loop, depot throat tracks, block signals, and interlocking models."
343,TR-CCW-029,EMU-CCW-30,COUNTERCLOCKWISE,EAST_SECTION_INDICATIVE_PATTERN,Y34,30364,08:26:04,30,30394,08:26:34,94,Y34-T2,R-Y34-CCW,UNVERIFIED_DEPOT_ALLOCATION_SOUTH,EAST_SECTION_12_STATIONS_ONLY,INDICATIVE_HEADWAY_SCHEDULE,UNVALIDATED_LACKS_BLOCK_INTERLOCKING_WHOLE_RING,"Covers only 12 East stations (Y29-Y01); lacks whole-ring loop, depot throat tracks, block signals, and interlocking models; short-turn Y22-Y38 incorrectly traverses all 12 stations."
870,TR-CW-024,EMU-CW-25,CLOCKWISE,EAST_SECTION_INDICATIVE_PATTERN,Y34,30368,08:26:08,30,30398,08:26:38,88,Y34-T1,R-Y34-CW,UNVERIFIED_DEPOT_ALLOCATION_SOUTH,EAST_SECTION_12_STATIONS_ONLY,INDICATIVE_HEADWAY_SCHEDULE,UNVALIDATED_LACKS_BLOCK_INTERLOCKING_WHOLE_RING,"Covers only 12 East stations (Y29-Y01); lacks whole-ring loop, depot throat tracks, block signals, and interlocking models."
354,TR-CCW-030,EMU-CCW-31,COUNTERCLOCKWISE,SHORT_TURN_Y22_Y38,Y35,30381,08:26:21,45,30426,08:27:06,88,Y35-T2,R-Y35-CCW,UNVERIFIED_DEPOT_ALLOCATION_EAST,EAST_SECTION_12_STATIONS_ONLY,INDICATIVE_HEADWAY_SCHEDULE,UNVALIDATED_LACKS_BLOCK_INTERLOCKING_WHOLE_RING,"Covers only 12 East stations (Y29-Y01); lacks whole-ring loop, depot throat tracks, block signals, and interlocking models; short-turn Y22-Y38 incorrectly traverses all 12 stations."
376,TR-CCW-032,EMU-CCW-33,COUNTERCLOCKWISE,EAST_SECTION_INDICATIVE_PATTERN,Y37,30383,08:26:23,45,30428,08:27:08,85,Y37-T2,R-Y37-CCW,UNVERIFIED_DEPOT_ALLOCATION_SOUTH,EAST_SECTION_12_STATIONS_ONLY,INDICATIVE_HEADWAY_SCHEDULE,UNVALIDATED_LACKS_BLOCK_INTERLOCKING_WHOLE_RING,"Covers only 12 East stations (Y29-Y01); lacks whole-ring loop, depot throat tracks, block signals, and interlocking models; short-turn Y22-Y38 incorrectly traverses all 12 stations."
398,TR-CCW-034,EMU-CCW-35,COUNTERCLOCKWISE,EAST_SECTION_INDICATIVE_PATTERN,Y39,30388,08:26:28,30,30418,08:26:58,92,Y39-T2,R-Y39-CCW,UNVERIFIED_DEPOT_ALLOCATION_SOUTH,EAST_SECTION_12_STATIONS_ONLY,INDICATIVE_HEADWAY_SCHEDULE,UNVALIDATED_LACKS_BLOCK_INTERLOCKING_WHOLE_RING,"Covers only 12 East stations (Y29-Y01); lacks whole-ring loop, depot throat tracks, block signals, and interlocking models; short-turn Y22-Y38 incorrectly traverses all 12 stations."
849,TR-CW-022,EMU-CW-23,CLOCKWISE,EAST_SECTION_INDICATIVE_PATTERN,Y37,30388,08:26:28,45,30433,08:27:13,128,Y37-T1,R-Y37-CW,UNVERIFIED_DEPOT_ALLOCATION_SOUTH,EAST_SECTION_12_STATIONS_ONLY,INDICATIVE_HEADWAY_SCHEDULE,UNVALIDATED_LACKS_BLOCK_INTERLOCKING_WHOLE_RING,"Covers only 12 East stations (Y29-Y01); lacks whole-ring loop, depot throat tracks, block signals, and interlocking models."
311,TR-CCW-026,EMU-CCW-27,COUNTERCLOCKWISE,EAST_SECTION_INDICATIVE_PATTERN,Y30,30394,08:26:34,30,30424,08:27:04,89,Y30-T2,R-Y30-CCW,UNVERIFIED_DEPOT_ALLOCATION_SOUTH,EAST_SECTION_12_STATIONS_ONLY,INDICATIVE_HEADWAY_SCHEDULE,UNVALIDATED_LACKS_BLOCK_INTERLOCKING_WHOLE_RING,"Covers only 12 East stations (Y29-Y01); lacks whole-ring loop, depot throat tracks, block signals, and interlocking models; short-turn Y22-Y38 incorrectly traverses all 12 stations."
891,TR-CW-026,EMU-CW-27,CLOCKWISE,EAST_SECTION_INDICATIVE_PATTERN,Y31,30406,08:26:46,30,30436,08:27:16,72,Y31-T1,R-Y31-CW,UNVERIFIED_DEPOT_ALLOCATION_SOUTH,EAST_SECTION_12_STATIONS_ONLY,INDICATIVE_HEADWAY_SCHEDULE,UNVALIDATED_LACKS_BLOCK_INTERLOCKING_WHOLE_RING,"Covers only 12 East stations (Y29-Y01); lacks whole-ring loop, depot throat tracks, block signals, and interlocking models."
322,TR-CCW-027,EMU-CCW-28,COUNTERCLOCKWISE,SHORT_TURN_Y22_Y38,Y31,30422,08:27:02,30,30452,08:27:32,92,Y31-T2,R-Y31-CCW,UNVERIFIED_DEPOT_ALLOCATION_EAST,EAST_SECTION_12_STATIONS_ONLY,INDICATIVE_HEADWAY_SCHEDULE,UNVALIDATED_LACKS_BLOCK_INTERLOCKING_WHOLE_RING,"Covers only 12 East stations (Y29-Y01); lacks whole-ring loop, depot throat tracks, block signals, and interlocking models; short-turn Y22-Y38 incorrectly traverses all 12 stations."
881,TR-CW-025,EMU-CW-26,CLOCKWISE,EAST_SECTION_INDICATIVE_PATTERN,Y33,30427,08:27:07,45,30472,08:27:52,94,Y33-T1,R-Y33-CW,UNVERIFIED_DEPOT_ALLOCATION_SOUTH,EAST_SECTION_12_STATIONS_ONLY,INDICATIVE_HEADWAY_SCHEDULE,UNVALIDATED_LACKS_BLOCK_INTERLOCKING_WHOLE_RING,"Covers only 12 East stations (Y29-Y01); lacks whole-ring loop, depot throat tracks, block signals, and interlocking models."
421,TR-CCW-036,EMU-CCW-02,COUNTERCLOCKWISE,SHORT_TURN_Y22_Y38,Y01,30450,08:27:30,45,30495,08:28:15,193,Y01-T2,R-Y01-CCW,UNVERIFIED_DEPOT_ALLOCATION_EAST,EAST_SECTION_12_STATIONS_ONLY,INDICATIVE_HEADWAY_SCHEDULE,UNVALIDATED_LACKS_BLOCK_INTERLOCKING_WHOLE_RING,"Covers only 12 East stations (Y29-Y01); lacks whole-ring loop, depot throat tracks, block signals, and interlocking models; short-turn Y22-Y38 incorrectly traverses all 12 stations."
860,TR-CW-023,EMU-CW-24,CLOCKWISE,EAST_SECTION_INDICATIVE_PATTERN,Y36,30456,08:27:36,45,30501,08:28:21,85,Y36-T1,R-Y36-CW,UNVERIFIED_DEPOT_ALLOCATION_SOUTH,EAST_SECTION_12_STATIONS_ONLY,INDICATIVE_HEADWAY_SCHEDULE,UNVALIDATED_LACKS_BLOCK_INTERLOCKING_WHOLE_RING,"Covers only 12 East stations (Y29-Y01); lacks whole-ring loop, depot throat tracks, block signals, and interlocking models."
333,TR-CCW-028,EMU-CCW-29,COUNTERCLOCKWISE,EAST_SECTION_INDICATIVE_PATTERN,Y32,30470,08:27:50,30,30500,08:28:20,72,Y32-T2,R-Y32-CCW,UNVERIFIED_DEPOT_ALLOCATION_SOUTH,EAST_SECTION_12_STATIONS_ONLY,INDICATIVE_HEADWAY_SCHEDULE,UNVALIDATED_LACKS_BLOCK_INTERLOCKING_WHOLE_RING,"Covers only 12 East stations (Y29-Y01); lacks whole-ring loop, depot throat tracks, block signals, and interlocking models; short-turn Y22-Y38 incorrectly traverses all 12 stations."
902,TR-CW-027,EMU-CW-28,CLOCKWISE,EAST_SECTION_INDICATIVE_PATTERN,Y30,30482,08:28:02,30,30512,08:28:32,92,Y30-T1,R-Y30-CW,UNVERIFIED_DEPOT_ALLOCATION_SOUTH,EAST_SECTION_12_STATIONS_ONLY,INDICATIVE_HEADWAY_SCHEDULE,UNVALIDATED_LACKS_BLOCK_INTERLOCKING_WHOLE_RING,"Covers only 12 East stations (Y29-Y01); lacks whole-ring loop, depot throat tracks, block signals, and interlocking models."
871,TR-CW-024,EMU-CW-25,CLOCKWISE,EAST_SECTION_INDICATIVE_PATTERN,Y35,30486,08:28:06,45,30531,08:28:51,123,Y35-T1,R-Y35-CW,UNVERIFIED_DEPOT_ALLOCATION_SOUTH,EAST_SECTION_12_STATIONS_ONLY,INDICATIVE_HEADWAY_SCHEDULE,UNVALIDATED_LACKS_BLOCK_INTERLOCKING_WHOLE_RING,"Covers only 12 East stations (Y29-Y01); lacks whole-ring loop, depot throat tracks, block signals, and interlocking models."
344,TR-CCW-029,EMU-CCW-30,COUNTERCLOCKWISE,EAST_SECTION_INDICATIVE_PATTERN,Y33,30488,08:28:08,45,30533,08:28:53,87,Y33-T2,R-Y33-CCW,UNVERIFIED_DEPOT_ALLOCATION_SOUTH,EAST_SECTION_12_STATIONS_ONLY,INDICATIVE_HEADWAY_SCHEDULE,UNVALIDATED_LACKS_BLOCK_INTERLOCKING_WHOLE_RING,"Covers only 12 East stations (Y29-Y01); lacks whole-ring loop, depot throat tracks, block signals, and interlocking models; short-turn Y22-Y38 incorrectly traverses all 12 stations."
839,TR-CW-021,EMU-CW-22,CLOCKWISE,EAST_SECTION_INDICATIVE_PATTERN,Y39,30500,08:28:20,30,30530,08:28:50,193,Y39-T1,R-Y39-CW,UNVERIFIED_DEPOT_ALLOCATION_SOUTH,EAST_SECTION_12_STATIONS_ONLY,INDICATIVE_HEADWAY_SCHEDULE,UNVALIDATED_LACKS_BLOCK_INTERLOCKING_WHOLE_RING,"Covers only 12 East stations (Y29-Y01); lacks whole-ring loop, depot throat tracks, block signals, and interlocking models."
892,TR-CW-026,EMU-CW-27,CLOCKWISE,EAST_SECTION_INDICATIVE_PATTERN,Y32,30508,08:28:28,30,30538,08:28:58,87,Y32-T1,R-Y32-CW,UNVERIFIED_DEPOT_ALLOCATION_SOUTH,EAST_SECTION_12_STATIONS_ONLY,INDICATIVE_HEADWAY_SCHEDULE,UNVALIDATED_LACKS_BLOCK_INTERLOCKING_WHOLE_RING,"Covers only 12 East stations (Y29-Y01); lacks whole-ring loop, depot throat tracks, block signals, and interlocking models."
399,TR-CCW-034,EMU-CCW-35,COUNTERCLOCKWISE,EAST_SECTION_INDICATIVE_PATTERN,Y38,30510,08:28:30,45,30555,08:29:15,128,Y38-T2,R-Y38-CCW,UNVERIFIED_DEPOT_ALLOCATION_SOUTH,EAST_SECTION_12_STATIONS_ONLY,INDICATIVE_HEADWAY_SCHEDULE,UNVALIDATED_LACKS_BLOCK_INTERLOCKING_WHOLE_RING,"Covers only 12 East stations (Y29-Y01); lacks whole-ring loop, depot throat tracks, block signals, and interlocking models; short-turn Y22-Y38 incorrectly traverses all 12 stations."
312,TR-CCW-026,EMU-CCW-27,COUNTERCLOCKWISE,EAST_SECTION_INDICATIVE_PATTERN,Y29,30513,08:28:33,45,30558,08:29:18,0,Y29-T2,R-Y29-CCW,UNVERIFIED_DEPOT_ALLOCATION_SOUTH,EAST_SECTION_12_STATIONS_ONLY,INDICATIVE_HEADWAY_SCHEDULE,UNVALIDATED_LACKS_BLOCK_INTERLOCKING_WHOLE_RING,"Covers only 12 East stations (Y29-Y01); lacks whole-ring loop, depot throat tracks, block signals, and interlocking models; short-turn Y22-Y38 incorrectly traverses all 12 stations."
377,TR-CCW-032,EMU-CCW-33,COUNTERCLOCKWISE,EAST_SECTION_INDICATIVE_PATTERN,Y36,30513,08:28:33,45,30558,08:29:18,123,Y36-T2,R-Y36-CCW,UNVERIFIED_DEPOT_ALLOCATION_SOUTH,EAST_SECTION_12_STATIONS_ONLY,INDICATIVE_HEADWAY_SCHEDULE,UNVALIDATED_LACKS_BLOCK_INTERLOCKING_WHOLE_RING,"Covers only 12 East stations (Y29-Y01); lacks whole-ring loop, depot throat tracks, block signals, and interlocking models; short-turn Y22-Y38 incorrectly traverses all 12 stations."
355,TR-CCW-030,EMU-CCW-31,COUNTERCLOCKWISE,SHORT_TURN_Y22_Y38,Y34,30514,08:28:34,30,30544,08:29:04,94,Y34-T2,R-Y34-CCW,UNVERIFIED_DEPOT_ALLOCATION_EAST,EAST_SECTION_12_STATIONS_ONLY,INDICATIVE_HEADWAY_SCHEDULE,UNVALIDATED_LACKS_BLOCK_INTERLOCKING_WHOLE_RING,"Covers only 12 East stations (Y29-Y01); lacks whole-ring loop, depot throat tracks, block signals, and interlocking models; short-turn Y22-Y38 incorrectly traverses all 12 stations."
828,TR-CW-020,EMU-CW-21,CLOCKWISE,EAST_SECTION_INDICATIVE_PATTERN,Y01,30525,08:28:45,45,30570,08:29:30,0,Y01-T1,R-Y01-CW,UNVERIFIED_DEPOT_ALLOCATION_SOUTH,EAST_SECTION_12_STATIONS_ONLY,INDICATIVE_HEADWAY_SCHEDULE,UNVALIDATED_LACKS_BLOCK_INTERLOCKING_WHOLE_RING,"Covers only 12 East stations (Y29-Y01); lacks whole-ring loop, depot throat tracks, block signals, and interlocking models."
366,TR-CCW-031,EMU-CCW-32,COUNTERCLOCKWISE,EAST_SECTION_INDICATIVE_PATTERN,Y35,30531,08:28:51,45,30576,08:29:36,88,Y35-T2,R-Y35-CCW,UNVERIFIED_DEPOT_ALLOCATION_SOUTH,EAST_SECTION_12_STATIONS_ONLY,INDICATIVE_HEADWAY_SCHEDULE,UNVALIDATED_LACKS_BLOCK_INTERLOCKING_WHOLE_RING,"Covers only 12 East stations (Y29-Y01); lacks whole-ring loop, depot throat tracks, block signals, and interlocking models; short-turn Y22-Y38 incorrectly traverses all 12 stations."
388,TR-CCW-033,EMU-CCW-34,COUNTERCLOCKWISE,SHORT_TURN_Y22_Y38,Y37,30533,08:28:53,45,30578,08:29:38,85,Y37-T2,R-Y37-CCW,UNVERIFIED_DEPOT_ALLOCATION_EAST,EAST_SECTION_12_STATIONS_ONLY,INDICATIVE_HEADWAY_SCHEDULE,UNVALIDATED_LACKS_BLOCK_INTERLOCKING_WHOLE_RING,"Covers only 12 East stations (Y29-Y01); lacks whole-ring loop, depot throat tracks, block signals, and interlocking models; short-turn Y22-Y38 incorrectly traverses all 12 stations."
410,TR-CCW-035,EMU-CCW-01,COUNTERCLOCKWISE,EAST_SECTION_INDICATIVE_PATTERN,Y39,30538,08:28:58,30,30568,08:29:28,92,Y39-T2,R-Y39-CCW,UNVERIFIED_DEPOT_ALLOCATION_SOUTH,EAST_SECTION_12_STATIONS_ONLY,INDICATIVE_HEADWAY_SCHEDULE,UNVALIDATED_LACKS_BLOCK_INTERLOCKING_WHOLE_RING,"Covers only 12 East stations (Y29-Y01); lacks whole-ring loop, depot throat tracks, block signals, and interlocking models; short-turn Y22-Y38 incorrectly traverses all 12 stations."
323,TR-CCW-027,EMU-CCW-28,COUNTERCLOCKWISE,SHORT_TURN_Y22_Y38,Y30,30544,08:29:04,30,30574,08:29:34,89,Y30-T2,R-Y30-CCW,UNVERIFIED_DEPOT_ALLOCATION_EAST,EAST_SECTION_12_STATIONS_ONLY,INDICATIVE_HEADWAY_SCHEDULE,UNVALIDATED_LACKS_BLOCK_INTERLOCKING_WHOLE_RING,"Covers only 12 East stations (Y29-Y01); lacks whole-ring loop, depot throat tracks, block signals, and interlocking models; short-turn Y22-Y38 incorrectly traverses all 12 stations."
913,TR-CW-028,EMU-CW-01,CLOCKWISE,EAST_SECTION_INDICATIVE_PATTERN,Y29,30546,08:29:06,45,30591,08:29:51,89,Y29-T1,R-Y29-CW,UNVERIFIED_DEPOT_ALLOCATION_SOUTH,EAST_SECTION_12_STATIONS_ONLY,INDICATIVE_HEADWAY_SCHEDULE,UNVALIDATED_LACKS_BLOCK_INTERLOCKING_WHOLE_RING,"Covers only 12 East stations (Y29-Y01); lacks whole-ring loop, depot throat tracks, block signals, and interlocking models."
850,TR-CW-022,EMU-CW-23,CLOCKWISE,EAST_SECTION_INDICATIVE_PATTERN,Y38,30561,08:29:21,45,30606,08:30:06,92,Y38-T1,R-Y38-CW,UNVERIFIED_DEPOT_ALLOCATION_SOUTH,EAST_SECTION_12_STATIONS_ONLY,INDICATIVE_HEADWAY_SCHEDULE,UNVALIDATED_LACKS_BLOCK_INTERLOCKING_WHOLE_RING,"Covers only 12 East stations (Y29-Y01); lacks whole-ring loop, depot throat tracks, block signals, and interlocking models."
882,TR-CW-025,EMU-CW-26,CLOCKWISE,EAST_SECTION_INDICATIVE_PATTERN,Y34,30566,08:29:26,30,30596,08:29:56,88,Y34-T1,R-Y34-CW,UNVERIFIED_DEPOT_ALLOCATION_SOUTH,EAST_SECTION_12_STATIONS_ONLY,INDICATIVE_HEADWAY_SCHEDULE,UNVALIDATED_LACKS_BLOCK_INTERLOCKING_WHOLE_RING,"Covers only 12 East stations (Y29-Y01); lacks whole-ring loop, depot throat tracks, block signals, and interlocking models."
334,TR-CCW-028,EMU-CCW-29,COUNTERCLOCKWISE,EAST_SECTION_INDICATIVE_PATTERN,Y31,30572,08:29:32,30,30602,08:30:02,92,Y31-T2,R-Y31-CCW,UNVERIFIED_DEPOT_ALLOCATION_SOUTH,EAST_SECTION_12_STATIONS_ONLY,INDICATIVE_HEADWAY_SCHEDULE,UNVALIDATED_LACKS_BLOCK_INTERLOCKING_WHOLE_RING,"Covers only 12 East stations (Y29-Y01); lacks whole-ring loop, depot throat tracks, block signals, and interlocking models; short-turn Y22-Y38 incorrectly traverses all 12 stations."
861,TR-CW-023,EMU-CW-24,CLOCKWISE,EAST_SECTION_INDICATIVE_PATTERN,Y37,30586,08:29:46,45,30631,08:30:31,128,Y37-T1,R-Y37-CW,UNVERIFIED_DEPOT_ALLOCATION_SOUTH,EAST_SECTION_12_STATIONS_ONLY,INDICATIVE_HEADWAY_SCHEDULE,UNVALIDATED_LACKS_BLOCK_INTERLOCKING_WHOLE_RING,"Covers only 12 East stations (Y29-Y01); lacks whole-ring loop, depot throat tracks, block signals, and interlocking models."
433,TR-CCW-037,EMU-CCW-03,COUNTERCLOCKWISE,EAST_SECTION_INDICATIVE_PATTERN,Y01,30600,08:30:00,45,30645,08:30:45,193,Y01-T2,R-Y01-CCW,UNVERIFIED_DEPOT_ALLOCATION_SOUTH,EAST_SECTION_12_STATIONS_ONLY,INDICATIVE_HEADWAY_SCHEDULE,UNVALIDATED_LACKS_BLOCK_INTERLOCKING_WHOLE_RING,"Covers only 12 East stations (Y29-Y01); lacks whole-ring loop, depot throat tracks, block signals, and interlocking models; short-turn Y22-Y38 incorrectly traverses all 12 stations."
903,TR-CW-027,EMU-CW-28,CLOCKWISE,EAST_SECTION_INDICATIVE_PATTERN,Y31,30604,08:30:04,30,30634,08:30:34,72,Y31-T1,R-Y31-CW,UNVERIFIED_DEPOT_ALLOCATION_SOUTH,EAST_SECTION_12_STATIONS_ONLY,INDICATIVE_HEADWAY_SCHEDULE,UNVALIDATED_LACKS_BLOCK_INTERLOCKING_WHOLE_RING,"Covers only 12 East stations (Y29-Y01); lacks whole-ring loop, depot throat tracks, block signals, and interlocking models."
345,TR-CCW-029,EMU-CCW-30,COUNTERCLOCKWISE,EAST_SECTION_INDICATIVE_PATTERN,Y32,30620,08:30:20,30,30650,08:30:50,72,Y32-T2,R-Y32-CCW,UNVERIFIED_DEPOT_ALLOCATION_SOUTH,EAST_SECTION_12_STATIONS_ONLY,INDICATIVE_HEADWAY_SCHEDULE,UNVALIDATED_LACKS_BLOCK_INTERLOCKING_WHOLE_RING,"Covers only 12 East stations (Y29-Y01); lacks whole-ring loop, depot throat tracks, block signals, and interlocking models; short-turn Y22-Y38 incorrectly traverses all 12 stations."
893,TR-CW-026,EMU-CW-27,CLOCKWISE,EAST_SECTION_INDICATIVE_PATTERN,Y33,30625,08:30:25,45,30670,08:31:10,94,Y33-T1,R-Y33-CW,UNVERIFIED_DEPOT_ALLOCATION_SOUTH,EAST_SECTION_12_STATIONS_ONLY,INDICATIVE_HEADWAY_SCHEDULE,UNVALIDATED_LACKS_BLOCK_INTERLOCKING_WHOLE_RING,"Covers only 12 East stations (Y29-Y01); lacks whole-ring loop, depot throat tracks, block signals, and interlocking models."
356,TR-CCW-030,EMU-CCW-31,COUNTERCLOCKWISE,SHORT_TURN_Y22_Y38,Y33,30638,08:30:38,45,30683,08:31:23,87,Y33-T2,R-Y33-CCW,UNVERIFIED_DEPOT_ALLOCATION_EAST,EAST_SECTION_12_STATIONS_ONLY,INDICATIVE_HEADWAY_SCHEDULE,UNVALIDATED_LACKS_BLOCK_INTERLOCKING_WHOLE_RING,"Covers only 12 East stations (Y29-Y01); lacks whole-ring loop, depot throat tracks, block signals, and interlocking models; short-turn Y22-Y38 incorrectly traverses all 12 stations."
872,TR-CW-024,EMU-CW-25,CLOCKWISE,EAST_SECTION_INDICATIVE_PATTERN,Y36,30654,08:30:54,45,30699,08:31:39,85,Y36-T1,R-Y36-CW,UNVERIFIED_DEPOT_ALLOCATION_SOUTH,EAST_SECTION_12_STATIONS_ONLY,INDICATIVE_HEADWAY_SCHEDULE,UNVALIDATED_LACKS_BLOCK_INTERLOCKING_WHOLE_RING,"Covers only 12 East stations (Y29-Y01); lacks whole-ring loop, depot throat tracks, block signals, and interlocking models."
411,TR-CCW-035,EMU-CCW-01,COUNTERCLOCKWISE,EAST_SECTION_INDICATIVE_PATTERN,Y38,30660,08:31:00,45,30705,08:31:45,128,Y38-T2,R-Y38-CCW,UNVERIFIED_DEPOT_ALLOCATION_SOUTH,EAST_SECTION_12_STATIONS_ONLY,INDICATIVE_HEADWAY_SCHEDULE,UNVALIDATED_LACKS_BLOCK_INTERLOCKING_WHOLE_RING,"Covers only 12 East stations (Y29-Y01); lacks whole-ring loop, depot throat tracks, block signals, and interlocking models; short-turn Y22-Y38 incorrectly traverses all 12 stations."
324,TR-CCW-027,EMU-CCW-28,COUNTERCLOCKWISE,SHORT_TURN_Y22_Y38,Y29,30663,08:31:03,45,30708,08:31:48,0,Y29-T2,R-Y29-CCW,UNVERIFIED_DEPOT_ALLOCATION_EAST,EAST_SECTION_12_STATIONS_ONLY,INDICATIVE_HEADWAY_SCHEDULE,UNVALIDATED_LACKS_BLOCK_INTERLOCKING_WHOLE_RING,"Covers only 12 East stations (Y29-Y01); lacks whole-ring loop, depot throat tracks, block signals, and interlocking models; short-turn Y22-Y38 incorrectly traverses all 12 stations."
389,TR-CCW-033,EMU-CCW-34,COUNTERCLOCKWISE,SHORT_TURN_Y22_Y38,Y36,30663,08:31:03,45,30708,08:31:48,123,Y36-T2,R-Y36-CCW,UNVERIFIED_DEPOT_ALLOCATION_EAST,EAST_SECTION_12_STATIONS_ONLY,INDICATIVE_HEADWAY_SCHEDULE,UNVALIDATED_LACKS_BLOCK_INTERLOCKING_WHOLE_RING,"Covers only 12 East stations (Y29-Y01); lacks whole-ring loop, depot throat tracks, block signals, and interlocking models; short-turn Y22-Y38 incorrectly traverses all 12 stations."
367,TR-CCW-031,EMU-CCW-32,COUNTERCLOCKWISE,EAST_SECTION_INDICATIVE_PATTERN,Y34,30664,08:31:04,30,30694,08:31:34,94,Y34-T2,R-Y34-CCW,UNVERIFIED_DEPOT_ALLOCATION_SOUTH,EAST_SECTION_12_STATIONS_ONLY,INDICATIVE_HEADWAY_SCHEDULE,UNVALIDATED_LACKS_BLOCK_INTERLOCKING_WHOLE_RING,"Covers only 12 East stations (Y29-Y01); lacks whole-ring loop, depot throat tracks, block signals, and interlocking models; short-turn Y22-Y38 incorrectly traverses all 12 stations."
914,TR-CW-028,EMU-CW-01,CLOCKWISE,EAST_SECTION_INDICATIVE_PATTERN,Y30,30680,08:31:20,30,30710,08:31:50,92,Y30-T1,R-Y30-CW,UNVERIFIED_DEPOT_ALLOCATION_SOUTH,EAST_SECTION_12_STATIONS_ONLY,INDICATIVE_HEADWAY_SCHEDULE,UNVALIDATED_LACKS_BLOCK_INTERLOCKING_WHOLE_RING,"Covers only 12 East stations (Y29-Y01); lacks whole-ring loop, depot throat tracks, block signals, and interlocking models."
378,TR-CCW-032,EMU-CCW-33,COUNTERCLOCKWISE,EAST_SECTION_INDICATIVE_PATTERN,Y35,30681,08:31:21,45,30726,08:32:06,88,Y35-T2,R-Y35-CCW,UNVERIFIED_DEPOT_ALLOCATION_SOUTH,EAST_SECTION_12_STATIONS_ONLY,INDICATIVE_HEADWAY_SCHEDULE,UNVALIDATED_LACKS_BLOCK_INTERLOCKING_WHOLE_RING,"Covers only 12 East stations (Y29-Y01); lacks whole-ring loop, depot throat tracks, block signals, and interlocking models; short-turn Y22-Y38 incorrectly traverses all 12 stations."
400,TR-CCW-034,EMU-CCW-35,COUNTERCLOCKWISE,EAST_SECTION_INDICATIVE_PATTERN,Y37,30683,08:31:23,45,30728,08:32:08,85,Y37-T2,R-Y37-CCW,UNVERIFIED_DEPOT_ALLOCATION_SOUTH,EAST_SECTION_12_STATIONS_ONLY,INDICATIVE_HEADWAY_SCHEDULE,UNVALIDATED_LACKS_BLOCK_INTERLOCKING_WHOLE_RING,"Covers only 12 East stations (Y29-Y01); lacks whole-ring loop, depot throat tracks, block signals, and interlocking models; short-turn Y22-Y38 incorrectly traverses all 12 stations."
883,TR-CW-025,EMU-CW-26,CLOCKWISE,EAST_SECTION_INDICATIVE_PATTERN,Y35,30684,08:31:24,45,30729,08:32:09,123,Y35-T1,R-Y35-CW,UNVERIFIED_DEPOT_ALLOCATION_SOUTH,EAST_SECTION_12_STATIONS_ONLY,INDICATIVE_HEADWAY_SCHEDULE,UNVALIDATED_LACKS_BLOCK_INTERLOCKING_WHOLE_RING,"Covers only 12 East stations (Y29-Y01); lacks whole-ring loop, depot throat tracks, block signals, and interlocking models."
422,TR-CCW-036,EMU-CCW-02,COUNTERCLOCKWISE,SHORT_TURN_Y22_Y38,Y39,30688,08:31:28,30,30718,08:31:58,92,Y39-T2,R-Y39-CCW,UNVERIFIED_DEPOT_ALLOCATION_EAST,EAST_SECTION_12_STATIONS_ONLY,INDICATIVE_HEADWAY_SCHEDULE,UNVALIDATED_LACKS_BLOCK_INTERLOCKING_WHOLE_RING,"Covers only 12 East stations (Y29-Y01); lacks whole-ring loop, depot throat tracks, block signals, and interlocking models; short-turn Y22-Y38 incorrectly traverses all 12 stations."
335,TR-CCW-028,EMU-CCW-29,COUNTERCLOCKWISE,EAST_SECTION_INDICATIVE_PATTERN,Y30,30694,08:31:34,30,30724,08:32:04,89,Y30-T2,R-Y30-CCW,UNVERIFIED_DEPOT_ALLOCATION_SOUTH,EAST_SECTION_12_STATIONS_ONLY,INDICATIVE_HEADWAY_SCHEDULE,UNVALIDATED_LACKS_BLOCK_INTERLOCKING_WHOLE_RING,"Covers only 12 East stations (Y29-Y01); lacks whole-ring loop, depot throat tracks, block signals, and interlocking models; short-turn Y22-Y38 incorrectly traverses all 12 stations."
851,TR-CW-022,EMU-CW-23,CLOCKWISE,EAST_SECTION_INDICATIVE_PATTERN,Y39,30698,08:31:38,30,30728,08:32:08,193,Y39-T1,R-Y39-CW,UNVERIFIED_DEPOT_ALLOCATION_SOUTH,EAST_SECTION_12_STATIONS_ONLY,INDICATIVE_HEADWAY_SCHEDULE,UNVALIDATED_LACKS_BLOCK_INTERLOCKING_WHOLE_RING,"Covers only 12 East stations (Y29-Y01); lacks whole-ring loop, depot throat tracks, block signals, and interlocking models."
904,TR-CW-027,EMU-CW-28,CLOCKWISE,EAST_SECTION_INDICATIVE_PATTERN,Y32,30706,08:31:46,30,30736,08:32:16,87,Y32-T1,R-Y32-CW,UNVERIFIED_DEPOT_ALLOCATION_SOUTH,EAST_SECTION_12_STATIONS_ONLY,INDICATIVE_HEADWAY_SCHEDULE,UNVALIDATED_LACKS_BLOCK_INTERLOCKING_WHOLE_RING,"Covers only 12 East stations (Y29-Y01); lacks whole-ring loop, depot throat tracks, block signals, and interlocking models."
346,TR-CCW-029,EMU-CCW-30,COUNTERCLOCKWISE,EAST_SECTION_INDICATIVE_PATTERN,Y31,30722,08:32:02,30,30752,08:32:32,92,Y31-T2,R-Y31-CCW,UNVERIFIED_DEPOT_ALLOCATION_SOUTH,EAST_SECTION_12_STATIONS_ONLY,INDICATIVE_HEADWAY_SCHEDULE,UNVALIDATED_LACKS_BLOCK_INTERLOCKING_WHOLE_RING,"Covers only 12 East stations (Y29-Y01); lacks whole-ring loop, depot throat tracks, block signals, and interlocking models; short-turn Y22-Y38 incorrectly traverses all 12 stations."
840,TR-CW-021,EMU-CW-22,CLOCKWISE,EAST_SECTION_INDICATIVE_PATTERN,Y01,30723,08:32:03,45,30768,08:32:48,0,Y01-T1,R-Y01-CW,UNVERIFIED_DEPOT_ALLOCATION_SOUTH,EAST_SECTION_12_STATIONS_ONLY,INDICATIVE_HEADWAY_SCHEDULE,UNVALIDATED_LACKS_BLOCK_INTERLOCKING_WHOLE_RING,"Covers only 12 East stations (Y29-Y01); lacks whole-ring loop, depot throat tracks, block signals, and interlocking models."
925,TR-CW-029,EMU-CW-02,CLOCKWISE,EAST_SECTION_INDICATIVE_PATTERN,Y29,30744,08:32:24,45,30789,08:33:09,89,Y29-T1,R-Y29-CW,UNVERIFIED_DEPOT_ALLOCATION_SOUTH,EAST_SECTION_12_STATIONS_ONLY,INDICATIVE_HEADWAY_SCHEDULE,UNVALIDATED_LACKS_BLOCK_INTERLOCKING_WHOLE_RING,"Covers only 12 East stations (Y29-Y01); lacks whole-ring loop, depot throat tracks, block signals, and interlocking models."
445,TR-CCW-038,EMU-CCW-04,COUNTERCLOCKWISE,EAST_SECTION_INDICATIVE_PATTERN,Y01,30750,08:32:30,45,30795,08:33:15,193,Y01-T2,R-Y01-CCW,UNVERIFIED_DEPOT_ALLOCATION_SOUTH,EAST_SECTION_12_STATIONS_ONLY,INDICATIVE_HEADWAY_SCHEDULE,UNVALIDATED_LACKS_BLOCK_INTERLOCKING_WHOLE_RING,"Covers only 12 East stations (Y29-Y01); lacks whole-ring loop, depot throat tracks, block signals, and interlocking models; short-turn Y22-Y38 incorrectly traverses all 12 stations."
862,TR-CW-023,EMU-CW-24,CLOCKWISE,EAST_SECTION_INDICATIVE_PATTERN,Y38,30759,08:32:39,45,30804,08:33:24,92,Y38-T1,R-Y38-CW,UNVERIFIED_DEPOT_ALLOCATION_SOUTH,EAST_SECTION_12_STATIONS_ONLY,INDICATIVE_HEADWAY_SCHEDULE,UNVALIDATED_LACKS_BLOCK_INTERLOCKING_WHOLE_RING,"Covers only 12 East stations (Y29-Y01); lacks whole-ring loop, depot throat tracks, block signals, and interlocking models."
894,TR-CW-026,EMU-CW-27,CLOCKWISE,EAST_SECTION_INDICATIVE_PATTERN,Y34,30764,08:32:44,30,30794,08:33:14,88,Y34-T1,R-Y34-CW,UNVERIFIED_DEPOT_ALLOCATION_SOUTH,EAST_SECTION_12_STATIONS_ONLY,INDICATIVE_HEADWAY_SCHEDULE,UNVALIDATED_LACKS_BLOCK_INTERLOCKING_WHOLE_RING,"Covers only 12 East stations (Y29-Y01); lacks whole-ring loop, depot throat tracks, block signals, and interlocking models."
357,TR-CCW-030,EMU-CCW-31,COUNTERCLOCKWISE,SHORT_TURN_Y22_Y38,Y32,30770,08:32:50,30,30800,08:33:20,72,Y32-T2,R-Y32-CCW,UNVERIFIED_DEPOT_ALLOCATION_EAST,EAST_SECTION_12_STATIONS_ONLY,INDICATIVE_HEADWAY_SCHEDULE,UNVALIDATED_LACKS_BLOCK_INTERLOCKING_WHOLE_RING,"Covers only 12 East stations (Y29-Y01); lacks whole-ring loop, depot throat tracks, block signals, and interlocking models; short-turn Y22-Y38 incorrectly traverses all 12 stations."
873,TR-CW-024,EMU-CW-25,CLOCKWISE,EAST_SECTION_INDICATIVE_PATTERN,Y37,30784,08:33:04,45,30829,08:33:49,128,Y37-T1,R-Y37-CW,UNVERIFIED_DEPOT_ALLOCATION_SOUTH,EAST_SECTION_12_STATIONS_ONLY,INDICATIVE_HEADWAY_SCHEDULE,UNVALIDATED_LACKS_BLOCK_INTERLOCKING_WHOLE_RING,"Covers only 12 East stations (Y29-Y01); lacks whole-ring loop, depot throat tracks, block signals, and interlocking models."
368,TR-CCW-031,EMU-CCW-32,COUNTERCLOCKWISE,EAST_SECTION_INDICATIVE_PATTERN,Y33,30788,08:33:08,45,30833,08:33:53,87,Y33-T2,R-Y33-CCW,UNVERIFIED_DEPOT_ALLOCATION_SOUTH,EAST_SECTION_12_STATIONS_ONLY,INDICATIVE_HEADWAY_SCHEDULE,UNVALIDATED_LACKS_BLOCK_INTERLOCKING_WHOLE_RING,"Covers only 12 East stations (Y29-Y01); lacks whole-ring loop, depot throat tracks, block signals, and interlocking models; short-turn Y22-Y38 incorrectly traverses all 12 stations."
915,TR-CW-028,EMU-CW-01,CLOCKWISE,EAST_SECTION_INDICATIVE_PATTERN,Y31,30802,08:33:22,30,30832,08:33:52,72,Y31-T1,R-Y31-CW,UNVERIFIED_DEPOT_ALLOCATION_SOUTH,EAST_SECTION_12_STATIONS_ONLY,INDICATIVE_HEADWAY_SCHEDULE,UNVALIDATED_LACKS_BLOCK_INTERLOCKING_WHOLE_RING,"Covers only 12 East stations (Y29-Y01); lacks whole-ring loop, depot throat tracks, block signals, and interlocking models."
423,TR-CCW-036,EMU-CCW-02,COUNTERCLOCKWISE,SHORT_TURN_Y22_Y38,Y38,30810,08:33:30,45,30855,08:34:15,128,Y38-T2,R-Y38-CCW,UNVERIFIED_DEPOT_ALLOCATION_EAST,EAST_SECTION_12_STATIONS_ONLY,INDICATIVE_HEADWAY_SCHEDULE,UNVALIDATED_LACKS_BLOCK_INTERLOCKING_WHOLE_RING,"Covers only 12 East stations (Y29-Y01); lacks whole-ring loop, depot throat tracks, block signals, and interlocking models; short-turn Y22-Y38 incorrectly traverses all 12 stations."
336,TR-CCW-028,EMU-CCW-29,COUNTERCLOCKWISE,EAST_SECTION_INDICATIVE_PATTERN,Y29,30813,08:33:33,45,30858,08:34:18,0,Y29-T2,R-Y29-CCW,UNVERIFIED_DEPOT_ALLOCATION_SOUTH,EAST_SECTION_12_STATIONS_ONLY,INDICATIVE_HEADWAY_SCHEDULE,UNVALIDATED_LACKS_BLOCK_INTERLOCKING_WHOLE_RING,"Covers only 12 East stations (Y29-Y01); lacks whole-ring loop, depot throat tracks, block signals, and interlocking models; short-turn Y22-Y38 incorrectly traverses all 12 stations."
401,TR-CCW-034,EMU-CCW-35,COUNTERCLOCKWISE,EAST_SECTION_INDICATIVE_PATTERN,Y36,30813,08:33:33,45,30858,08:34:18,123,Y36-T2,R-Y36-CCW,UNVERIFIED_DEPOT_ALLOCATION_SOUTH,EAST_SECTION_12_STATIONS_ONLY,INDICATIVE_HEADWAY_SCHEDULE,UNVALIDATED_LACKS_BLOCK_INTERLOCKING_WHOLE_RING,"Covers only 12 East stations (Y29-Y01); lacks whole-ring loop, depot throat tracks, block signals, and interlocking models; short-turn Y22-Y38 incorrectly traverses all 12 stations."
379,TR-CCW-032,EMU-CCW-33,COUNTERCLOCKWISE,EAST_SECTION_INDICATIVE_PATTERN,Y34,30814,08:33:34,30,30844,08:34:04,94,Y34-T2,R-Y34-CCW,UNVERIFIED_DEPOT_ALLOCATION_SOUTH,EAST_SECTION_12_STATIONS_ONLY,INDICATIVE_HEADWAY_SCHEDULE,UNVALIDATED_LACKS_BLOCK_INTERLOCKING_WHOLE_RING,"Covers only 12 East stations (Y29-Y01); lacks whole-ring loop, depot throat tracks, block signals, and interlocking models; short-turn Y22-Y38 incorrectly traverses all 12 stations."
905,TR-CW-027,EMU-CW-28,CLOCKWISE,EAST_SECTION_INDICATIVE_PATTERN,Y33,30823,08:33:43,45,30868,08:34:28,94,Y33-T1,R-Y33-CW,UNVERIFIED_DEPOT_ALLOCATION_SOUTH,EAST_SECTION_12_STATIONS_ONLY,INDICATIVE_HEADWAY_SCHEDULE,UNVALIDATED_LACKS_BLOCK_INTERLOCKING_WHOLE_RING,"Covers only 12 East stations (Y29-Y01); lacks whole-ring loop, depot throat tracks, block signals, and interlocking models."
390,TR-CCW-033,EMU-CCW-34,COUNTERCLOCKWISE,SHORT_TURN_Y22_Y38,Y35,30831,08:33:51,45,30876,08:34:36,88,Y35-T2,R-Y35-CCW,UNVERIFIED_DEPOT_ALLOCATION_EAST,EAST_SECTION_12_STATIONS_ONLY,INDICATIVE_HEADWAY_SCHEDULE,UNVALIDATED_LACKS_BLOCK_INTERLOCKING_WHOLE_RING,"Covers only 12 East stations (Y29-Y01); lacks whole-ring loop, depot throat tracks, block signals, and interlocking models; short-turn Y22-Y38 incorrectly traverses all 12 stations."
412,TR-CCW-035,EMU-CCW-01,COUNTERCLOCKWISE,EAST_SECTION_INDICATIVE_PATTERN,Y37,30833,08:33:53,45,30878,08:34:38,85,Y37-T2,R-Y37-CCW,UNVERIFIED_DEPOT_ALLOCATION_SOUTH,EAST_SECTION_12_STATIONS_ONLY,INDICATIVE_HEADWAY_SCHEDULE,UNVALIDATED_LACKS_BLOCK_INTERLOCKING_WHOLE_RING,"Covers only 12 East stations (Y29-Y01); lacks whole-ring loop, depot throat tracks, block signals, and interlocking models; short-turn Y22-Y38 incorrectly traverses all 12 stations."
434,TR-CCW-037,EMU-CCW-03,COUNTERCLOCKWISE,EAST_SECTION_INDICATIVE_PATTERN,Y39,30838,08:33:58,30,30868,08:34:28,92,Y39-T2,R-Y39-CCW,UNVERIFIED_DEPOT_ALLOCATION_SOUTH,EAST_SECTION_12_STATIONS_ONLY,INDICATIVE_HEADWAY_SCHEDULE,UNVALIDATED_LACKS_BLOCK_INTERLOCKING_WHOLE_RING,"Covers only 12 East stations (Y29-Y01); lacks whole-ring loop, depot throat tracks, block signals, and interlocking models; short-turn Y22-Y38 incorrectly traverses all 12 stations."
347,TR-CCW-029,EMU-CCW-30,COUNTERCLOCKWISE,EAST_SECTION_INDICATIVE_PATTERN,Y30,30844,08:34:04,30,30874,08:34:34,89,Y30-T2,R-Y30-CCW,UNVERIFIED_DEPOT_ALLOCATION_SOUTH,EAST_SECTION_12_STATIONS_ONLY,INDICATIVE_HEADWAY_SCHEDULE,UNVALIDATED_LACKS_BLOCK_INTERLOCKING_WHOLE_RING,"Covers only 12 East stations (Y29-Y01); lacks whole-ring loop, depot throat tracks, block signals, and interlocking models; short-turn Y22-Y38 incorrectly traverses all 12 stations."
884,TR-CW-025,EMU-CW-26,CLOCKWISE,EAST_SECTION_INDICATIVE_PATTERN,Y36,30852,08:34:12,45,30897,08:34:57,85,Y36-T1,R-Y36-CW,UNVERIFIED_DEPOT_ALLOCATION_SOUTH,EAST_SECTION_12_STATIONS_ONLY,INDICATIVE_HEADWAY_SCHEDULE,UNVALIDATED_LACKS_BLOCK_INTERLOCKING_WHOLE_RING,"Covers only 12 East stations (Y29-Y01); lacks whole-ring loop, depot throat tracks, block signals, and interlocking models."
358,TR-CCW-030,EMU-CCW-31,COUNTERCLOCKWISE,SHORT_TURN_Y22_Y38,Y31,30872,08:34:32,30,30902,08:35:02,92,Y31-T2,R-Y31-CCW,UNVERIFIED_DEPOT_ALLOCATION_EAST,EAST_SECTION_12_STATIONS_ONLY,INDICATIVE_HEADWAY_SCHEDULE,UNVALIDATED_LACKS_BLOCK_INTERLOCKING_WHOLE_RING,"Covers only 12 East stations (Y29-Y01); lacks whole-ring loop, depot throat tracks, block signals, and interlocking models; short-turn Y22-Y38 incorrectly traverses all 12 stations."
926,TR-CW-029,EMU-CW-02,CLOCKWISE,EAST_SECTION_INDICATIVE_PATTERN,Y30,30878,08:34:38,30,30908,08:35:08,92,Y30-T1,R-Y30-CW,UNVERIFIED_DEPOT_ALLOCATION_SOUTH,EAST_SECTION_12_STATIONS_ONLY,INDICATIVE_HEADWAY_SCHEDULE,UNVALIDATED_LACKS_BLOCK_INTERLOCKING_WHOLE_RING,"Covers only 12 East stations (Y29-Y01); lacks whole-ring loop, depot throat tracks, block signals, and interlocking models."
895,TR-CW-026,EMU-CW-27,CLOCKWISE,EAST_SECTION_INDICATIVE_PATTERN,Y35,30882,08:34:42,45,30927,08:35:27,123,Y35-T1,R-Y35-CW,UNVERIFIED_DEPOT_ALLOCATION_SOUTH,EAST_SECTION_12_STATIONS_ONLY,INDICATIVE_HEADWAY_SCHEDULE,UNVALIDATED_LACKS_BLOCK_INTERLOCKING_WHOLE_RING,"Covers only 12 East stations (Y29-Y01); lacks whole-ring loop, depot throat tracks, block signals, and interlocking models."
863,TR-CW-023,EMU-CW-24,CLOCKWISE,EAST_SECTION_INDICATIVE_PATTERN,Y39,30896,08:34:56,30,30926,08:35:26,193,Y39-T1,R-Y39-CW,UNVERIFIED_DEPOT_ALLOCATION_SOUTH,EAST_SECTION_12_STATIONS_ONLY,INDICATIVE_HEADWAY_SCHEDULE,UNVALIDATED_LACKS_BLOCK_INTERLOCKING_WHOLE_RING,"Covers only 12 East stations (Y29-Y01); lacks whole-ring loop, depot throat tracks, block signals, and interlocking models."
457,TR-CCW-039,EMU-CCW-05,COUNTERCLOCKWISE,SHORT_TURN_Y22_Y38,Y01,30900,08:35:00,45,30945,08:35:45,193,Y01-T2,R-Y01-CCW,UNVERIFIED_DEPOT_ALLOCATION_EAST,EAST_SECTION_12_STATIONS_ONLY,INDICATIVE_HEADWAY_SCHEDULE,UNVALIDATED_LACKS_BLOCK_INTERLOCKING_WHOLE_RING,"Covers only 12 East stations (Y29-Y01); lacks whole-ring loop, depot throat tracks, block signals, and interlocking models; short-turn Y22-Y38 incorrectly traverses all 12 stations."
916,TR-CW-028,EMU-CW-01,CLOCKWISE,EAST_SECTION_INDICATIVE_PATTERN,Y32,30904,08:35:04,30,30934,08:35:34,87,Y32-T1,R-Y32-CW,UNVERIFIED_DEPOT_ALLOCATION_SOUTH,EAST_SECTION_12_STATIONS_ONLY,INDICATIVE_HEADWAY_SCHEDULE,UNVALIDATED_LACKS_BLOCK_INTERLOCKING_WHOLE_RING,"Covers only 12 East stations (Y29-Y01); lacks whole-ring loop, depot throat tracks, block signals, and interlocking models."
369,TR-CCW-031,EMU-CCW-32,COUNTERCLOCKWISE,EAST_SECTION_INDICATIVE_PATTERN,Y32,30920,08:35:20,30,30950,08:35:50,72,Y32-T2,R-Y32-CCW,UNVERIFIED_DEPOT_ALLOCATION_SOUTH,EAST_SECTION_12_STATIONS_ONLY,INDICATIVE_HEADWAY_SCHEDULE,UNVALIDATED_LACKS_BLOCK_INTERLOCKING_WHOLE_RING,"Covers only 12 East stations (Y29-Y01); lacks whole-ring loop, depot throat tracks, block signals, and interlocking models; short-turn Y22-Y38 incorrectly traverses all 12 stations."
852,TR-CW-022,EMU-CW-23,CLOCKWISE,EAST_SECTION_INDICATIVE_PATTERN,Y01,30921,08:35:21,45,30966,08:36:06,0,Y01-T1,R-Y01-CW,UNVERIFIED_DEPOT_ALLOCATION_SOUTH,EAST_SECTION_12_STATIONS_ONLY,INDICATIVE_HEADWAY_SCHEDULE,UNVALIDATED_LACKS_BLOCK_INTERLOCKING_WHOLE_RING,"Covers only 12 East stations (Y29-Y01); lacks whole-ring loop, depot throat tracks, block signals, and interlocking models."
380,TR-CCW-032,EMU-CCW-33,COUNTERCLOCKWISE,EAST_SECTION_INDICATIVE_PATTERN,Y33,30938,08:35:38,45,30983,08:36:23,87,Y33-T2,R-Y33-CCW,UNVERIFIED_DEPOT_ALLOCATION_SOUTH,EAST_SECTION_12_STATIONS_ONLY,INDICATIVE_HEADWAY_SCHEDULE,UNVALIDATED_LACKS_BLOCK_INTERLOCKING_WHOLE_RING,"Covers only 12 East stations (Y29-Y01); lacks whole-ring loop, depot throat tracks, block signals, and interlocking models; short-turn Y22-Y38 incorrectly traverses all 12 stations."
937,TR-CW-030,EMU-CW-03,CLOCKWISE,EAST_SECTION_INDICATIVE_PATTERN,Y29,30942,08:35:42,45,30987,08:36:27,89,Y29-T1,R-Y29-CW,UNVERIFIED_DEPOT_ALLOCATION_SOUTH,EAST_SECTION_12_STATIONS_ONLY,INDICATIVE_HEADWAY_SCHEDULE,UNVALIDATED_LACKS_BLOCK_INTERLOCKING_WHOLE_RING,"Covers only 12 East stations (Y29-Y01); lacks whole-ring loop, depot throat tracks, block signals, and interlocking models."
874,TR-CW-024,EMU-CW-25,CLOCKWISE,EAST_SECTION_INDICATIVE_PATTERN,Y38,30957,08:35:57,45,31002,08:36:42,92,Y38-T1,R-Y38-CW,UNVERIFIED_DEPOT_ALLOCATION_SOUTH,EAST_SECTION_12_STATIONS_ONLY,INDICATIVE_HEADWAY_SCHEDULE,UNVALIDATED_LACKS_BLOCK_INTERLOCKING_WHOLE_RING,"Covers only 12 East stations (Y29-Y01); lacks whole-ring loop, depot throat tracks, block signals, and interlocking models."
435,TR-CCW-037,EMU-CCW-03,COUNTERCLOCKWISE,EAST_SECTION_INDICATIVE_PATTERN,Y38,30960,08:36:00,45,31005,08:36:45,128,Y38-T2,R-Y38-CCW,UNVERIFIED_DEPOT_ALLOCATION_SOUTH,EAST_SECTION_12_STATIONS_ONLY,INDICATIVE_HEADWAY_SCHEDULE,UNVALIDATED_LACKS_BLOCK_INTERLOCKING_WHOLE_RING,"Covers only 12 East stations (Y29-Y01); lacks whole-ring loop, depot throat tracks, block signals, and interlocking models; short-turn Y22-Y38 incorrectly traverses all 12 stations."
906,TR-CW-027,EMU-CW-28,CLOCKWISE,EAST_SECTION_INDICATIVE_PATTERN,Y34,30962,08:36:02,30,30992,08:36:32,88,Y34-T1,R-Y34-CW,UNVERIFIED_DEPOT_ALLOCATION_SOUTH,EAST_SECTION_12_STATIONS_ONLY,INDICATIVE_HEADWAY_SCHEDULE,UNVALIDATED_LACKS_BLOCK_INTERLOCKING_WHOLE_RING,"Covers only 12 East stations (Y29-Y01); lacks whole-ring loop, depot throat tracks, block signals, and interlocking models."
348,TR-CCW-029,EMU-CCW-30,COUNTERCLOCKWISE,EAST_SECTION_INDICATIVE_PATTERN,Y29,30963,08:36:03,45,31008,08:36:48,0,Y29-T2,R-Y29-CCW,UNVERIFIED_DEPOT_ALLOCATION_SOUTH,EAST_SECTION_12_STATIONS_ONLY,INDICATIVE_HEADWAY_SCHEDULE,UNVALIDATED_LACKS_BLOCK_INTERLOCKING_WHOLE_RING,"Covers only 12 East stations (Y29-Y01); lacks whole-ring loop, depot throat tracks, block signals, and interlocking models; short-turn Y22-Y38 incorrectly traverses all 12 stations."
413,TR-CCW-035,EMU-CCW-01,COUNTERCLOCKWISE,EAST_SECTION_INDICATIVE_PATTERN,Y36,30963,08:36:03,45,31008,08:36:48,123,Y36-T2,R-Y36-CCW,UNVERIFIED_DEPOT_ALLOCATION_SOUTH,EAST_SECTION_12_STATIONS_ONLY,INDICATIVE_HEADWAY_SCHEDULE,UNVALIDATED_LACKS_BLOCK_INTERLOCKING_WHOLE_RING,"Covers only 12 East stations (Y29-Y01); lacks whole-ring loop, depot throat tracks, block signals, and interlocking models; short-turn Y22-Y38 incorrectly traverses all 12 stations."
391,TR-CCW-033,EMU-CCW-34,COUNTERCLOCKWISE,SHORT_TURN_Y22_Y38,Y34,30964,08:36:04,30,30994,08:36:34,94,Y34-T2,R-Y34-CCW,UNVERIFIED_DEPOT_ALLOCATION_EAST,EAST_SECTION_12_STATIONS_ONLY,INDICATIVE_HEADWAY_SCHEDULE,UNVALIDATED_LACKS_BLOCK_INTERLOCKING_WHOLE_RING,"Covers only 12 East stations (Y29-Y01); lacks whole-ring loop, depot throat tracks, block signals, and interlocking models; short-turn Y22-Y38 incorrectly traverses all 12 stations."
402,TR-CCW-034,EMU-CCW-35,COUNTERCLOCKWISE,EAST_SECTION_INDICATIVE_PATTERN,Y35,30981,08:36:21,45,31026,08:37:06,88,Y35-T2,R-Y35-CCW,UNVERIFIED_DEPOT_ALLOCATION_SOUTH,EAST_SECTION_12_STATIONS_ONLY,INDICATIVE_HEADWAY_SCHEDULE,UNVALIDATED_LACKS_BLOCK_INTERLOCKING_WHOLE_RING,"Covers only 12 East stations (Y29-Y01); lacks whole-ring loop, depot throat tracks, block signals, and interlocking models; short-turn Y22-Y38 incorrectly traverses all 12 stations."
885,TR-CW-025,EMU-CW-26,CLOCKWISE,EAST_SECTION_INDICATIVE_PATTERN,Y37,30982,08:36:22,45,31027,08:37:07,128,Y37-T1,R-Y37-CW,UNVERIFIED_DEPOT_ALLOCATION_SOUTH,EAST_SECTION_12_STATIONS_ONLY,INDICATIVE_HEADWAY_SCHEDULE,UNVALIDATED_LACKS_BLOCK_INTERLOCKING_WHOLE_RING,"Covers only 12 East stations (Y29-Y01); lacks whole-ring loop, depot throat tracks, block signals, and interlocking models."
424,TR-CCW-036,EMU-CCW-02,COUNTERCLOCKWISE,SHORT_TURN_Y22_Y38,Y37,30983,08:36:23,45,31028,08:37:08,85,Y37-T2,R-Y37-CCW,UNVERIFIED_DEPOT_ALLOCATION_EAST,EAST_SECTION_12_STATIONS_ONLY,INDICATIVE_HEADWAY_SCHEDULE,UNVALIDATED_LACKS_BLOCK_INTERLOCKING_WHOLE_RING,"Covers only 12 East stations (Y29-Y01); lacks whole-ring loop, depot throat tracks, block signals, and interlocking models; short-turn Y22-Y38 incorrectly traverses all 12 stations."
446,TR-CCW-038,EMU-CCW-04,COUNTERCLOCKWISE,EAST_SECTION_INDICATIVE_PATTERN,Y39,30988,08:36:28,30,31018,08:36:58,92,Y39-T2,R-Y39-CCW,UNVERIFIED_DEPOT_ALLOCATION_SOUTH,EAST_SECTION_12_STATIONS_ONLY,INDICATIVE_HEADWAY_SCHEDULE,UNVALIDATED_LACKS_BLOCK_INTERLOCKING_WHOLE_RING,"Covers only 12 East stations (Y29-Y01); lacks whole-ring loop, depot throat tracks, block signals, and interlocking models; short-turn Y22-Y38 incorrectly traverses all 12 stations."
359,TR-CCW-030,EMU-CCW-31,COUNTERCLOCKWISE,SHORT_TURN_Y22_Y38,Y30,30994,08:36:34,30,31024,08:37:04,89,Y30-T2,R-Y30-CCW,UNVERIFIED_DEPOT_ALLOCATION_EAST,EAST_SECTION_12_STATIONS_ONLY,INDICATIVE_HEADWAY_SCHEDULE,UNVALIDATED_LACKS_BLOCK_INTERLOCKING_WHOLE_RING,"Covers only 12 East stations (Y29-Y01); lacks whole-ring loop, depot throat tracks, block signals, and interlocking models; short-turn Y22-Y38 incorrectly traverses all 12 stations."
927,TR-CW-029,EMU-CW-02,CLOCKWISE,EAST_SECTION_INDICATIVE_PATTERN,Y31,31000,08:36:40,30,31030,08:37:10,72,Y31-T1,R-Y31-CW,UNVERIFIED_DEPOT_ALLOCATION_SOUTH,EAST_SECTION_12_STATIONS_ONLY,INDICATIVE_HEADWAY_SCHEDULE,UNVALIDATED_LACKS_BLOCK_INTERLOCKING_WHOLE_RING,"Covers only 12 East stations (Y29-Y01); lacks whole-ring loop, depot throat tracks, block signals, and interlocking models."
917,TR-CW-028,EMU-CW-01,CLOCKWISE,EAST_SECTION_INDICATIVE_PATTERN,Y33,31021,08:37:01,45,31066,08:37:46,94,Y33-T1,R-Y33-CW,UNVERIFIED_DEPOT_ALLOCATION_SOUTH,EAST_SECTION_12_STATIONS_ONLY,INDICATIVE_HEADWAY_SCHEDULE,UNVALIDATED_LACKS_BLOCK_INTERLOCKING_WHOLE_RING,"Covers only 12 East stations (Y29-Y01); lacks whole-ring loop, depot throat tracks, block signals, and interlocking models."
370,TR-CCW-031,EMU-CCW-32,COUNTERCLOCKWISE,EAST_SECTION_INDICATIVE_PATTERN,Y31,31022,08:37:02,30,31052,08:37:32,92,Y31-T2,R-Y31-CCW,UNVERIFIED_DEPOT_ALLOCATION_SOUTH,EAST_SECTION_12_STATIONS_ONLY,INDICATIVE_HEADWAY_SCHEDULE,UNVALIDATED_LACKS_BLOCK_INTERLOCKING_WHOLE_RING,"Covers only 12 East stations (Y29-Y01); lacks whole-ring loop, depot throat tracks, block signals, and interlocking models; short-turn Y22-Y38 incorrectly traverses all 12 stations."
469,TR-CCW-040,EMU-CCW-06,COUNTERCLOCKWISE,EAST_SECTION_INDICATIVE_PATTERN,Y01,31050,08:37:30,45,31095,08:38:15,193,Y01-T2,R-Y01-CCW,UNVERIFIED_DEPOT_ALLOCATION_SOUTH,EAST_SECTION_12_STATIONS_ONLY,INDICATIVE_HEADWAY_SCHEDULE,UNVALIDATED_LACKS_BLOCK_INTERLOCKING_WHOLE_RING,"Covers only 12 East stations (Y29-Y01); lacks whole-ring loop, depot throat tracks, block signals, and interlocking models; short-turn Y22-Y38 incorrectly traverses all 12 stations."
896,TR-CW-026,EMU-CW-27,CLOCKWISE,EAST_SECTION_INDICATIVE_PATTERN,Y36,31050,08:37:30,45,31095,08:38:15,85,Y36-T1,R-Y36-CW,UNVERIFIED_DEPOT_ALLOCATION_SOUTH,EAST_SECTION_12_STATIONS_ONLY,INDICATIVE_HEADWAY_SCHEDULE,UNVALIDATED_LACKS_BLOCK_INTERLOCKING_WHOLE_RING,"Covers only 12 East stations (Y29-Y01); lacks whole-ring loop, depot throat tracks, block signals, and interlocking models."
381,TR-CCW-032,EMU-CCW-33,COUNTERCLOCKWISE,EAST_SECTION_INDICATIVE_PATTERN,Y32,31070,08:37:50,30,31100,08:38:20,72,Y32-T2,R-Y32-CCW,UNVERIFIED_DEPOT_ALLOCATION_SOUTH,EAST_SECTION_12_STATIONS_ONLY,INDICATIVE_HEADWAY_SCHEDULE,UNVALIDATED_LACKS_BLOCK_INTERLOCKING_WHOLE_RING,"Covers only 12 East stations (Y29-Y01); lacks whole-ring loop, depot throat tracks, block signals, and interlocking models; short-turn Y22-Y38 incorrectly traverses all 12 stations."
938,TR-CW-030,EMU-CW-03,CLOCKWISE,EAST_SECTION_INDICATIVE_PATTERN,Y30,31076,08:37:56,30,31106,08:38:26,92,Y30-T1,R-Y30-CW,UNVERIFIED_DEPOT_ALLOCATION_SOUTH,EAST_SECTION_12_STATIONS_ONLY,INDICATIVE_HEADWAY_SCHEDULE,UNVALIDATED_LACKS_BLOCK_INTERLOCKING_WHOLE_RING,"Covers only 12 East stations (Y29-Y01); lacks whole-ring loop, depot throat tracks, block signals, and interlocking models."
907,TR-CW-027,EMU-CW-28,CLOCKWISE,EAST_SECTION_INDICATIVE_PATTERN,Y35,31080,08:38:00,45,31125,08:38:45,123,Y35-T1,R-Y35-CW,UNVERIFIED_DEPOT_ALLOCATION_SOUTH,EAST_SECTION_12_STATIONS_ONLY,INDICATIVE_HEADWAY_SCHEDULE,UNVALIDATED_LACKS_BLOCK_INTERLOCKING_WHOLE_RING,"Covers only 12 East stations (Y29-Y01); lacks whole-ring loop, depot throat tracks, block signals, and interlocking models."
392,TR-CCW-033,EMU-CCW-34,COUNTERCLOCKWISE,SHORT_TURN_Y22_Y38,Y33,31088,08:38:08,45,31133,08:38:53,87,Y33-T2,R-Y33-CCW,UNVERIFIED_DEPOT_ALLOCATION_EAST,EAST_SECTION_12_STATIONS_ONLY,INDICATIVE_HEADWAY_SCHEDULE,UNVALIDATED_LACKS_BLOCK_INTERLOCKING_WHOLE_RING,"Covers only 12 East stations (Y29-Y01); lacks whole-ring loop, depot throat tracks, block signals, and interlocking models; short-turn Y22-Y38 incorrectly traverses all 12 stations."
875,TR-CW-024,EMU-CW-25,CLOCKWISE,EAST_SECTION_INDICATIVE_PATTERN,Y39,31094,08:38:14,30,31124,08:38:44,193,Y39-T1,R-Y39-CW,UNVERIFIED_DEPOT_ALLOCATION_SOUTH,EAST_SECTION_12_STATIONS_ONLY,INDICATIVE_HEADWAY_SCHEDULE,UNVALIDATED_LACKS_BLOCK_INTERLOCKING_WHOLE_RING,"Covers only 12 East stations (Y29-Y01); lacks whole-ring loop, depot throat tracks, block signals, and interlocking models."
928,TR-CW-029,EMU-CW-02,CLOCKWISE,EAST_SECTION_INDICATIVE_PATTERN,Y32,31102,08:38:22,30,31132,08:38:52,87,Y32-T1,R-Y32-CW,UNVERIFIED_DEPOT_ALLOCATION_SOUTH,EAST_SECTION_12_STATIONS_ONLY,INDICATIVE_HEADWAY_SCHEDULE,UNVALIDATED_LACKS_BLOCK_INTERLOCKING_WHOLE_RING,"Covers only 12 East stations (Y29-Y01); lacks whole-ring loop, depot throat tracks, block signals, and interlocking models."
447,TR-CCW-038,EMU-CCW-04,COUNTERCLOCKWISE,EAST_SECTION_INDICATIVE_PATTERN,Y38,31110,08:38:30,45,31155,08:39:15,128,Y38-T2,R-Y38-CCW,UNVERIFIED_DEPOT_ALLOCATION_SOUTH,EAST_SECTION_12_STATIONS_ONLY,INDICATIVE_HEADWAY_SCHEDULE,UNVALIDATED_LACKS_BLOCK_INTERLOCKING_WHOLE_RING,"Covers only 12 East stations (Y29-Y01); lacks whole-ring loop, depot throat tracks, block signals, and interlocking models; short-turn Y22-Y38 incorrectly traverses all 12 stations."
360,TR-CCW-030,EMU-CCW-31,COUNTERCLOCKWISE,SHORT_TURN_Y22_Y38,Y29,31113,08:38:33,45,31158,08:39:18,0,Y29-T2,R-Y29-CCW,UNVERIFIED_DEPOT_ALLOCATION_EAST,EAST_SECTION_12_STATIONS_ONLY,INDICATIVE_HEADWAY_SCHEDULE,UNVALIDATED_LACKS_BLOCK_INTERLOCKING_WHOLE_RING,"Covers only 12 East stations (Y29-Y01); lacks whole-ring loop, depot throat tracks, block signals, and interlocking models; short-turn Y22-Y38 incorrectly traverses all 12 stations."
425,TR-CCW-036,EMU-CCW-02,COUNTERCLOCKWISE,SHORT_TURN_Y22_Y38,Y36,31113,08:38:33,45,31158,08:39:18,123,Y36-T2,R-Y36-CCW,UNVERIFIED_DEPOT_ALLOCATION_EAST,EAST_SECTION_12_STATIONS_ONLY,INDICATIVE_HEADWAY_SCHEDULE,UNVALIDATED_LACKS_BLOCK_INTERLOCKING_WHOLE_RING,"Covers only 12 East stations (Y29-Y01); lacks whole-ring loop, depot throat tracks, block signals, and interlocking models; short-turn Y22-Y38 incorrectly traverses all 12 stations."
403,TR-CCW-034,EMU-CCW-35,COUNTERCLOCKWISE,EAST_SECTION_INDICATIVE_PATTERN,Y34,31114,08:38:34,30,31144,08:39:04,94,Y34-T2,R-Y34-CCW,UNVERIFIED_DEPOT_ALLOCATION_SOUTH,EAST_SECTION_12_STATIONS_ONLY,INDICATIVE_HEADWAY_SCHEDULE,UNVALIDATED_LACKS_BLOCK_INTERLOCKING_WHOLE_RING,"Covers only 12 East stations (Y29-Y01); lacks whole-ring loop, depot throat tracks, block signals, and interlocking models; short-turn Y22-Y38 incorrectly traverses all 12 stations."
864,TR-CW-023,EMU-CW-24,CLOCKWISE,EAST_SECTION_INDICATIVE_PATTERN,Y01,31119,08:38:39,45,31164,08:39:24,0,Y01-T1,R-Y01-CW,UNVERIFIED_DEPOT_ALLOCATION_SOUTH,EAST_SECTION_12_STATIONS_ONLY,INDICATIVE_HEADWAY_SCHEDULE,UNVALIDATED_LACKS_BLOCK_INTERLOCKING_WHOLE_RING,"Covers only 12 East stations (Y29-Y01); lacks whole-ring loop, depot throat tracks, block signals, and interlocking models."
414,TR-CCW-035,EMU-CCW-01,COUNTERCLOCKWISE,EAST_SECTION_INDICATIVE_PATTERN,Y35,31131,08:38:51,45,31176,08:39:36,88,Y35-T2,R-Y35-CCW,UNVERIFIED_DEPOT_ALLOCATION_SOUTH,EAST_SECTION_12_STATIONS_ONLY,INDICATIVE_HEADWAY_SCHEDULE,UNVALIDATED_LACKS_BLOCK_INTERLOCKING_WHOLE_RING,"Covers only 12 East stations (Y29-Y01); lacks whole-ring loop, depot throat tracks, block signals, and interlocking models; short-turn Y22-Y38 incorrectly traverses all 12 stations."
436,TR-CCW-037,EMU-CCW-03,COUNTERCLOCKWISE,EAST_SECTION_INDICATIVE_PATTERN,Y37,31133,08:38:53,45,31178,08:39:38,85,Y37-T2,R-Y37-CCW,UNVERIFIED_DEPOT_ALLOCATION_SOUTH,EAST_SECTION_12_STATIONS_ONLY,INDICATIVE_HEADWAY_SCHEDULE,UNVALIDATED_LACKS_BLOCK_INTERLOCKING_WHOLE_RING,"Covers only 12 East stations (Y29-Y01); lacks whole-ring loop, depot throat tracks, block signals, and interlocking models; short-turn Y22-Y38 incorrectly traverses all 12 stations."
458,TR-CCW-039,EMU-CCW-05,COUNTERCLOCKWISE,SHORT_TURN_Y22_Y38,Y39,31138,08:38:58,30,31168,08:39:28,92,Y39-T2,R-Y39-CCW,UNVERIFIED_DEPOT_ALLOCATION_EAST,EAST_SECTION_12_STATIONS_ONLY,INDICATIVE_HEADWAY_SCHEDULE,UNVALIDATED_LACKS_BLOCK_INTERLOCKING_WHOLE_RING,"Covers only 12 East stations (Y29-Y01); lacks whole-ring loop, depot throat tracks, block signals, and interlocking models; short-turn Y22-Y38 incorrectly traverses all 12 stations."
949,TR-CW-031,EMU-CW-04,CLOCKWISE,EAST_SECTION_INDICATIVE_PATTERN,Y29,31140,08:39:00,45,31185,08:39:45,89,Y29-T1,R-Y29-CW,UNVERIFIED_DEPOT_ALLOCATION_SOUTH,EAST_SECTION_12_STATIONS_ONLY,INDICATIVE_HEADWAY_SCHEDULE,UNVALIDATED_LACKS_BLOCK_INTERLOCKING_WHOLE_RING,"Covers only 12 East stations (Y29-Y01); lacks whole-ring loop, depot throat tracks, block signals, and interlocking models."
371,TR-CCW-031,EMU-CCW-32,COUNTERCLOCKWISE,EAST_SECTION_INDICATIVE_PATTERN,Y30,31144,08:39:04,30,31174,08:39:34,89,Y30-T2,R-Y30-CCW,UNVERIFIED_DEPOT_ALLOCATION_SOUTH,EAST_SECTION_12_STATIONS_ONLY,INDICATIVE_HEADWAY_SCHEDULE,UNVALIDATED_LACKS_BLOCK_INTERLOCKING_WHOLE_RING,"Covers only 12 East stations (Y29-Y01); lacks whole-ring loop, depot throat tracks, block signals, and interlocking models; short-turn Y22-Y38 incorrectly traverses all 12 stations."
886,TR-CW-025,EMU-CW-26,CLOCKWISE,EAST_SECTION_INDICATIVE_PATTERN,Y38,31155,08:39:15,45,31200,08:40:00,92,Y38-T1,R-Y38-CW,UNVERIFIED_DEPOT_ALLOCATION_SOUTH,EAST_SECTION_12_STATIONS_ONLY,INDICATIVE_HEADWAY_SCHEDULE,UNVALIDATED_LACKS_BLOCK_INTERLOCKING_WHOLE_RING,"Covers only 12 East stations (Y29-Y01); lacks whole-ring loop, depot throat tracks, block signals, and interlocking models."
918,TR-CW-028,EMU-CW-01,CLOCKWISE,EAST_SECTION_INDICATIVE_PATTERN,Y34,31160,08:39:20,30,31190,08:39:50,88,Y34-T1,R-Y34-CW,UNVERIFIED_DEPOT_ALLOCATION_SOUTH,EAST_SECTION_12_STATIONS_ONLY,INDICATIVE_HEADWAY_SCHEDULE,UNVALIDATED_LACKS_BLOCK_INTERLOCKING_WHOLE_RING,"Covers only 12 East stations (Y29-Y01); lacks whole-ring loop, depot throat tracks, block signals, and interlocking models."
382,TR-CCW-032,EMU-CCW-33,COUNTERCLOCKWISE,EAST_SECTION_INDICATIVE_PATTERN,Y31,31172,08:39:32,30,31202,08:40:02,92,Y31-T2,R-Y31-CCW,UNVERIFIED_DEPOT_ALLOCATION_SOUTH,EAST_SECTION_12_STATIONS_ONLY,INDICATIVE_HEADWAY_SCHEDULE,UNVALIDATED_LACKS_BLOCK_INTERLOCKING_WHOLE_RING,"Covers only 12 East stations (Y29-Y01); lacks whole-ring loop, depot throat tracks, block signals, and interlocking models; short-turn Y22-Y38 incorrectly traverses all 12 stations."
897,TR-CW-026,EMU-CW-27,CLOCKWISE,EAST_SECTION_INDICATIVE_PATTERN,Y37,31180,08:39:40,45,31225,08:40:25,128,Y37-T1,R-Y37-CW,UNVERIFIED_DEPOT_ALLOCATION_SOUTH,EAST_SECTION_12_STATIONS_ONLY,INDICATIVE_HEADWAY_SCHEDULE,UNVALIDATED_LACKS_BLOCK_INTERLOCKING_WHOLE_RING,"Covers only 12 East stations (Y29-Y01); lacks whole-ring loop, depot throat tracks, block signals, and interlocking models."
939,TR-CW-030,EMU-CW-03,CLOCKWISE,EAST_SECTION_INDICATIVE_PATTERN,Y31,31198,08:39:58,30,31228,08:40:28,72,Y31-T1,R-Y31-CW,UNVERIFIED_DEPOT_ALLOCATION_SOUTH,EAST_SECTION_12_STATIONS_ONLY,INDICATIVE_HEADWAY_SCHEDULE,UNVALIDATED_LACKS_BLOCK_INTERLOCKING_WHOLE_RING,"Covers only 12 East stations (Y29-Y01); lacks whole-ring loop, depot throat tracks, block signals, and interlocking models."
481,TR-CCW-041,EMU-CCW-07,COUNTERCLOCKWISE,EAST_SECTION_INDICATIVE_PATTERN,Y01,31200,08:40:00,45,31245,08:40:45,193,Y01-T2,R-Y01-CCW,UNVERIFIED_DEPOT_ALLOCATION_SOUTH,EAST_SECTION_12_STATIONS_ONLY,INDICATIVE_HEADWAY_SCHEDULE,UNVALIDATED_LACKS_BLOCK_INTERLOCKING_WHOLE_RING,"Covers only 12 East stations (Y29-Y01); lacks whole-ring loop, depot throat tracks, block signals, and interlocking models; short-turn Y22-Y38 incorrectly traverses all 12 stations."
929,TR-CW-029,EMU-CW-02,CLOCKWISE,EAST_SECTION_INDICATIVE_PATTERN,Y33,31219,08:40:19,45,31264,08:41:04,94,Y33-T1,R-Y33-CW,UNVERIFIED_DEPOT_ALLOCATION_SOUTH,EAST_SECTION_12_STATIONS_ONLY,INDICATIVE_HEADWAY_SCHEDULE,UNVALIDATED_LACKS_BLOCK_INTERLOCKING_WHOLE_RING,"Covers only 12 East stations (Y29-Y01); lacks whole-ring loop, depot throat tracks, block signals, and interlocking models."
393,TR-CCW-033,EMU-CCW-34,COUNTERCLOCKWISE,SHORT_TURN_Y22_Y38,Y32,31220,08:40:20,30,31250,08:40:50,72,Y32-T2,R-Y32-CCW,UNVERIFIED_DEPOT_ALLOCATION_EAST,EAST_SECTION_12_STATIONS_ONLY,INDICATIVE_HEADWAY_SCHEDULE,UNVALIDATED_LACKS_BLOCK_INTERLOCKING_WHOLE_RING,"Covers only 12 East stations (Y29-Y01); lacks whole-ring loop, depot throat tracks, block signals, and interlocking models; short-turn Y22-Y38 incorrectly traverses all 12 stations."
404,TR-CCW-034,EMU-CCW-35,COUNTERCLOCKWISE,EAST_SECTION_INDICATIVE_PATTERN,Y33,31238,08:40:38,45,31283,08:41:23,87,Y33-T2,R-Y33-CCW,UNVERIFIED_DEPOT_ALLOCATION_SOUTH,EAST_SECTION_12_STATIONS_ONLY,INDICATIVE_HEADWAY_SCHEDULE,UNVALIDATED_LACKS_BLOCK_INTERLOCKING_WHOLE_RING,"Covers only 12 East stations (Y29-Y01); lacks whole-ring loop, depot throat tracks, block signals, and interlocking models; short-turn Y22-Y38 incorrectly traverses all 12 stations."
908,TR-CW-027,EMU-CW-28,CLOCKWISE,EAST_SECTION_INDICATIVE_PATTERN,Y36,31248,08:40:48,45,31293,08:41:33,85,Y36-T1,R-Y36-CW,UNVERIFIED_DEPOT_ALLOCATION_SOUTH,EAST_SECTION_12_STATIONS_ONLY,INDICATIVE_HEADWAY_SCHEDULE,UNVALIDATED_LACKS_BLOCK_INTERLOCKING_WHOLE_RING,"Covers only 12 East stations (Y29-Y01); lacks whole-ring loop, depot throat tracks, block signals, and interlocking models."
459,TR-CCW-039,EMU-CCW-05,COUNTERCLOCKWISE,SHORT_TURN_Y22_Y38,Y38,31260,08:41:00,45,31305,08:41:45,128,Y38-T2,R-Y38-CCW,UNVERIFIED_DEPOT_ALLOCATION_EAST,EAST_SECTION_12_STATIONS_ONLY,INDICATIVE_HEADWAY_SCHEDULE,UNVALIDATED_LACKS_BLOCK_INTERLOCKING_WHOLE_RING,"Covers only 12 East stations (Y29-Y01); lacks whole-ring loop, depot throat tracks, block signals, and interlocking models; short-turn Y22-Y38 incorrectly traverses all 12 stations."
372,TR-CCW-031,EMU-CCW-32,COUNTERCLOCKWISE,EAST_SECTION_INDICATIVE_PATTERN,Y29,31263,08:41:03,45,31308,08:41:48,0,Y29-T2,R-Y29-CCW,UNVERIFIED_DEPOT_ALLOCATION_SOUTH,EAST_SECTION_12_STATIONS_ONLY,INDICATIVE_HEADWAY_SCHEDULE,UNVALIDATED_LACKS_BLOCK_INTERLOCKING_WHOLE_RING,"Covers only 12 East stations (Y29-Y01); lacks whole-ring loop, depot throat tracks, block signals, and interlocking models; short-turn Y22-Y38 incorrectly traverses all 12 stations."
437,TR-CCW-037,EMU-CCW-03,COUNTERCLOCKWISE,EAST_SECTION_INDICATIVE_PATTERN,Y36,31263,08:41:03,45,31308,08:41:48,123,Y36-T2,R-Y36-CCW,UNVERIFIED_DEPOT_ALLOCATION_SOUTH,EAST_SECTION_12_STATIONS_ONLY,INDICATIVE_HEADWAY_SCHEDULE,UNVALIDATED_LACKS_BLOCK_INTERLOCKING_WHOLE_RING,"Covers only 12 East stations (Y29-Y01); lacks whole-ring loop, depot throat tracks, block signals, and interlocking models; short-turn Y22-Y38 incorrectly traverses all 12 stations."
415,TR-CCW-035,EMU-CCW-01,COUNTERCLOCKWISE,EAST_SECTION_INDICATIVE_PATTERN,Y34,31264,08:41:04,30,31294,08:41:34,94,Y34-T2,R-Y34-CCW,UNVERIFIED_DEPOT_ALLOCATION_SOUTH,EAST_SECTION_12_STATIONS_ONLY,INDICATIVE_HEADWAY_SCHEDULE,UNVALIDATED_LACKS_BLOCK_INTERLOCKING_WHOLE_RING,"Covers only 12 East stations (Y29-Y01); lacks whole-ring loop, depot throat tracks, block signals, and interlocking models; short-turn Y22-Y38 incorrectly traverses all 12 stations."
950,TR-CW-031,EMU-CW-04,CLOCKWISE,EAST_SECTION_INDICATIVE_PATTERN,Y30,31274,08:41:14,30,31304,08:41:44,92,Y30-T1,R-Y30-CW,UNVERIFIED_DEPOT_ALLOCATION_SOUTH,EAST_SECTION_12_STATIONS_ONLY,INDICATIVE_HEADWAY_SCHEDULE,UNVALIDATED_LACKS_BLOCK_INTERLOCKING_WHOLE_RING,"Covers only 12 East stations (Y29-Y01); lacks whole-ring loop, depot throat tracks, block signals, and interlocking models."
919,TR-CW-028,EMU-CW-01,CLOCKWISE,EAST_SECTION_INDICATIVE_PATTERN,Y35,31278,08:41:18,45,31323,08:42:03,123,Y35-T1,R-Y35-CW,UNVERIFIED_DEPOT_ALLOCATION_SOUTH,EAST_SECTION_12_STATIONS_ONLY,INDICATIVE_HEADWAY_SCHEDULE,UNVALIDATED_LACKS_BLOCK_INTERLOCKING_WHOLE_RING,"Covers only 12 East stations (Y29-Y01); lacks whole-ring loop, depot throat tracks, block signals, and interlocking models."
426,TR-CCW-036,EMU-CCW-02,COUNTERCLOCKWISE,SHORT_TURN_Y22_Y38,Y35,31281,08:41:21,45,31326,08:42:06,88,Y35-T2,R-Y35-CCW,UNVERIFIED_DEPOT_ALLOCATION_EAST,EAST_SECTION_12_STATIONS_ONLY,INDICATIVE_HEADWAY_SCHEDULE,UNVALIDATED_LACKS_BLOCK_INTERLOCKING_WHOLE_RING,"Covers only 12 East stations (Y29-Y01); lacks whole-ring loop, depot throat tracks, block signals, and interlocking models; short-turn Y22-Y38 incorrectly traverses all 12 stations."
448,TR-CCW-038,EMU-CCW-04,COUNTERCLOCKWISE,EAST_SECTION_INDICATIVE_PATTERN,Y37,31283,08:41:23,45,31328,08:42:08,85,Y37-T2,R-Y37-CCW,UNVERIFIED_DEPOT_ALLOCATION_SOUTH,EAST_SECTION_12_STATIONS_ONLY,INDICATIVE_HEADWAY_SCHEDULE,UNVALIDATED_LACKS_BLOCK_INTERLOCKING_WHOLE_RING,"Covers only 12 East stations (Y29-Y01); lacks whole-ring loop, depot throat tracks, block signals, and interlocking models; short-turn Y22-Y38 incorrectly traverses all 12 stations."
470,TR-CCW-040,EMU-CCW-06,COUNTERCLOCKWISE,EAST_SECTION_INDICATIVE_PATTERN,Y39,31288,08:41:28,30,31318,08:41:58,92,Y39-T2,R-Y39-CCW,UNVERIFIED_DEPOT_ALLOCATION_SOUTH,EAST_SECTION_12_STATIONS_ONLY,INDICATIVE_HEADWAY_SCHEDULE,UNVALIDATED_LACKS_BLOCK_INTERLOCKING_WHOLE_RING,"Covers only 12 East stations (Y29-Y01); lacks whole-ring loop, depot throat tracks, block signals, and interlocking models; short-turn Y22-Y38 incorrectly traverses all 12 stations."
887,TR-CW-025,EMU-CW-26,CLOCKWISE,EAST_SECTION_INDICATIVE_PATTERN,Y39,31292,08:41:32,30,31322,08:42:02,193,Y39-T1,R-Y39-CW,UNVERIFIED_DEPOT_ALLOCATION_SOUTH,EAST_SECTION_12_STATIONS_ONLY,INDICATIVE_HEADWAY_SCHEDULE,UNVALIDATED_LACKS_BLOCK_INTERLOCKING_WHOLE_RING,"Covers only 12 East stations (Y29-Y01); lacks whole-ring loop, depot throat tracks, block signals, and interlocking models."
383,TR-CCW-032,EMU-CCW-33,COUNTERCLOCKWISE,EAST_SECTION_INDICATIVE_PATTERN,Y30,31294,08:41:34,30,31324,08:42:04,89,Y30-T2,R-Y30-CCW,UNVERIFIED_DEPOT_ALLOCATION_SOUTH,EAST_SECTION_12_STATIONS_ONLY,INDICATIVE_HEADWAY_SCHEDULE,UNVALIDATED_LACKS_BLOCK_INTERLOCKING_WHOLE_RING,"Covers only 12 East stations (Y29-Y01); lacks whole-ring loop, depot throat tracks, block signals, and interlocking models; short-turn Y22-Y38 incorrectly traverses all 12 stations."
940,TR-CW-030,EMU-CW-03,CLOCKWISE,EAST_SECTION_INDICATIVE_PATTERN,Y32,31300,08:41:40,30,31330,08:42:10,87,Y32-T1,R-Y32-CW,UNVERIFIED_DEPOT_ALLOCATION_SOUTH,EAST_SECTION_12_STATIONS_ONLY,INDICATIVE_HEADWAY_SCHEDULE,UNVALIDATED_LACKS_BLOCK_INTERLOCKING_WHOLE_RING,"Covers only 12 East stations (Y29-Y01); lacks whole-ring loop, depot throat tracks, block signals, and interlocking models."
876,TR-CW-024,EMU-CW-25,CLOCKWISE,EAST_SECTION_INDICATIVE_PATTERN,Y01,31317,08:41:57,45,31362,08:42:42,0,Y01-T1,R-Y01-CW,UNVERIFIED_DEPOT_ALLOCATION_SOUTH,EAST_SECTION_12_STATIONS_ONLY,INDICATIVE_HEADWAY_SCHEDULE,UNVALIDATED_LACKS_BLOCK_INTERLOCKING_WHOLE_RING,"Covers only 12 East stations (Y29-Y01); lacks whole-ring loop, depot throat tracks, block signals, and interlocking models."
394,TR-CCW-033,EMU-CCW-34,COUNTERCLOCKWISE,SHORT_TURN_Y22_Y38,Y31,31322,08:42:02,30,31352,08:42:32,92,Y31-T2,R-Y31-CCW,UNVERIFIED_DEPOT_ALLOCATION_EAST,EAST_SECTION_12_STATIONS_ONLY,INDICATIVE_HEADWAY_SCHEDULE,UNVALIDATED_LACKS_BLOCK_INTERLOCKING_WHOLE_RING,"Covers only 12 East stations (Y29-Y01); lacks whole-ring loop, depot throat tracks, block signals, and interlocking models; short-turn Y22-Y38 incorrectly traverses all 12 stations."
961,TR-CW-032,EMU-CW-05,CLOCKWISE,EAST_SECTION_INDICATIVE_PATTERN,Y29,31338,08:42:18,45,31383,08:43:03,89,Y29-T1,R-Y29-CW,UNVERIFIED_DEPOT_ALLOCATION_SOUTH,EAST_SECTION_12_STATIONS_ONLY,INDICATIVE_HEADWAY_SCHEDULE,UNVALIDATED_LACKS_BLOCK_INTERLOCKING_WHOLE_RING,"Covers only 12 East stations (Y29-Y01); lacks whole-ring loop, depot throat tracks, block signals, and interlocking models."
493,TR-CCW-042,EMU-CCW-08,COUNTERCLOCKWISE,SHORT_TURN_Y22_Y38,Y01,31350,08:42:30,45,31395,08:43:15,193,Y01-T2,R-Y01-CCW,UNVERIFIED_DEPOT_ALLOCATION_EAST,EAST_SECTION_12_STATIONS_ONLY,INDICATIVE_HEADWAY_SCHEDULE,UNVALIDATED_LACKS_BLOCK_INTERLOCKING_WHOLE_RING,"Covers only 12 East stations (Y29-Y01); lacks whole-ring loop, depot throat tracks, block signals, and interlocking models; short-turn Y22-Y38 incorrectly traverses all 12 stations."
898,TR-CW-026,EMU-CW-27,CLOCKWISE,EAST_SECTION_INDICATIVE_PATTERN,Y38,31353,08:42:33,45,31398,08:43:18,92,Y38-T1,R-Y38-CW,UNVERIFIED_DEPOT_ALLOCATION_SOUTH,EAST_SECTION_12_STATIONS_ONLY,INDICATIVE_HEADWAY_SCHEDULE,UNVALIDATED_LACKS_BLOCK_INTERLOCKING_WHOLE_RING,"Covers only 12 East stations (Y29-Y01); lacks whole-ring loop, depot throat tracks, block signals, and interlocking models."
930,TR-CW-029,EMU-CW-02,CLOCKWISE,EAST_SECTION_INDICATIVE_PATTERN,Y34,31358,08:42:38,30,31388,08:43:08,88,Y34-T1,R-Y34-CW,UNVERIFIED_DEPOT_ALLOCATION_SOUTH,EAST_SECTION_12_STATIONS_ONLY,INDICATIVE_HEADWAY_SCHEDULE,UNVALIDATED_LACKS_BLOCK_INTERLOCKING_WHOLE_RING,"Covers only 12 East stations (Y29-Y01); lacks whole-ring loop, depot throat tracks, block signals, and interlocking models."
405,TR-CCW-034,EMU-CCW-35,COUNTERCLOCKWISE,EAST_SECTION_INDICATIVE_PATTERN,Y32,31370,08:42:50,30,31400,08:43:20,72,Y32-T2,R-Y32-CCW,UNVERIFIED_DEPOT_ALLOCATION_SOUTH,EAST_SECTION_12_STATIONS_ONLY,INDICATIVE_HEADWAY_SCHEDULE,UNVALIDATED_LACKS_BLOCK_INTERLOCKING_WHOLE_RING,"Covers only 12 East stations (Y29-Y01); lacks whole-ring loop, depot throat tracks, block signals, and interlocking models; short-turn Y22-Y38 incorrectly traverses all 12 stations."
909,TR-CW-027,EMU-CW-28,CLOCKWISE,EAST_SECTION_INDICATIVE_PATTERN,Y37,31378,08:42:58,45,31423,08:43:43,128,Y37-T1,R-Y37-CW,UNVERIFIED_DEPOT_ALLOCATION_SOUTH,EAST_SECTION_12_STATIONS_ONLY,INDICATIVE_HEADWAY_SCHEDULE,UNVALIDATED_LACKS_BLOCK_INTERLOCKING_WHOLE_RING,"Covers only 12 East stations (Y29-Y01); lacks whole-ring loop, depot throat tracks, block signals, and interlocking models."
416,TR-CCW-035,EMU-CCW-01,COUNTERCLOCKWISE,EAST_SECTION_INDICATIVE_PATTERN,Y33,31388,08:43:08,45,31433,08:43:53,87,Y33-T2,R-Y33-CCW,UNVERIFIED_DEPOT_ALLOCATION_SOUTH,EAST_SECTION_12_STATIONS_ONLY,INDICATIVE_HEADWAY_SCHEDULE,UNVALIDATED_LACKS_BLOCK_INTERLOCKING_WHOLE_RING,"Covers only 12 East stations (Y29-Y01); lacks whole-ring loop, depot throat tracks, block signals, and interlocking models; short-turn Y22-Y38 incorrectly traverses all 12 stations."
951,TR-CW-031,EMU-CW-04,CLOCKWISE,EAST_SECTION_INDICATIVE_PATTERN,Y31,31396,08:43:16,30,31426,08:43:46,72,Y31-T1,R-Y31-CW,UNVERIFIED_DEPOT_ALLOCATION_SOUTH,EAST_SECTION_12_STATIONS_ONLY,INDICATIVE_HEADWAY_SCHEDULE,UNVALIDATED_LACKS_BLOCK_INTERLOCKING_WHOLE_RING,"Covers only 12 East stations (Y29-Y01); lacks whole-ring loop, depot throat tracks, block signals, and interlocking models."
471,TR-CCW-040,EMU-CCW-06,COUNTERCLOCKWISE,EAST_SECTION_INDICATIVE_PATTERN,Y38,31410,08:43:30,45,31455,08:44:15,128,Y38-T2,R-Y38-CCW,UNVERIFIED_DEPOT_ALLOCATION_SOUTH,EAST_SECTION_12_STATIONS_ONLY,INDICATIVE_HEADWAY_SCHEDULE,UNVALIDATED_LACKS_BLOCK_INTERLOCKING_WHOLE_RING,"Covers only 12 East stations (Y29-Y01); lacks whole-ring loop, depot throat tracks, block signals, and interlocking models; short-turn Y22-Y38 incorrectly traverses all 12 stations."
384,TR-CCW-032,EMU-CCW-33,COUNTERCLOCKWISE,EAST_SECTION_INDICATIVE_PATTERN,Y29,31413,08:43:33,45,31458,08:44:18,0,Y29-T2,R-Y29-CCW,UNVERIFIED_DEPOT_ALLOCATION_SOUTH,EAST_SECTION_12_STATIONS_ONLY,INDICATIVE_HEADWAY_SCHEDULE,UNVALIDATED_LACKS_BLOCK_INTERLOCKING_WHOLE_RING,"Covers only 12 East stations (Y29-Y01); lacks whole-ring loop, depot throat tracks, block signals, and interlocking models; short-turn Y22-Y38 incorrectly traverses all 12 stations."
449,TR-CCW-038,EMU-CCW-04,COUNTERCLOCKWISE,EAST_SECTION_INDICATIVE_PATTERN,Y36,31413,08:43:33,45,31458,08:44:18,123,Y36-T2,R-Y36-CCW,UNVERIFIED_DEPOT_ALLOCATION_SOUTH,EAST_SECTION_12_STATIONS_ONLY,INDICATIVE_HEADWAY_SCHEDULE,UNVALIDATED_LACKS_BLOCK_INTERLOCKING_WHOLE_RING,"Covers only 12 East stations (Y29-Y01); lacks whole-ring loop, depot throat tracks, block signals, and interlocking models; short-turn Y22-Y38 incorrectly traverses all 12 stations."
427,TR-CCW-036,EMU-CCW-02,COUNTERCLOCKWISE,SHORT_TURN_Y22_Y38,Y34,31414,08:43:34,30,31444,08:44:04,94,Y34-T2,R-Y34-CCW,UNVERIFIED_DEPOT_ALLOCATION_EAST,EAST_SECTION_12_STATIONS_ONLY,INDICATIVE_HEADWAY_SCHEDULE,UNVALIDATED_LACKS_BLOCK_INTERLOCKING_WHOLE_RING,"Covers only 12 East stations (Y29-Y01); lacks whole-ring loop, depot throat tracks, block signals, and interlocking models; short-turn Y22-Y38 incorrectly traverses all 12 stations."
941,TR-CW-030,EMU-CW-03,CLOCKWISE,EAST_SECTION_INDICATIVE_PATTERN,Y33,31417,08:43:37,45,31462,08:44:22,94,Y33-T1,R-Y33-CW,UNVERIFIED_DEPOT_ALLOCATION_SOUTH,EAST_SECTION_12_STATIONS_ONLY,INDICATIVE_HEADWAY_SCHEDULE,UNVALIDATED_LACKS_BLOCK_INTERLOCKING_WHOLE_RING,"Covers only 12 East stations (Y29-Y01); lacks whole-ring loop, depot throat tracks, block signals, and interlocking models."
438,TR-CCW-037,EMU-CCW-03,COUNTERCLOCKWISE,EAST_SECTION_INDICATIVE_PATTERN,Y35,31431,08:43:51,45,31476,08:44:36,88,Y35-T2,R-Y35-CCW,UNVERIFIED_DEPOT_ALLOCATION_SOUTH,EAST_SECTION_12_STATIONS_ONLY,INDICATIVE_HEADWAY_SCHEDULE,UNVALIDATED_LACKS_BLOCK_INTERLOCKING_WHOLE_RING,"Covers only 12 East stations (Y29-Y01); lacks whole-ring loop, depot throat tracks, block signals, and interlocking models; short-turn Y22-Y38 incorrectly traverses all 12 stations."
460,TR-CCW-039,EMU-CCW-05,COUNTERCLOCKWISE,SHORT_TURN_Y22_Y38,Y37,31433,08:43:53,45,31478,08:44:38,85,Y37-T2,R-Y37-CCW,UNVERIFIED_DEPOT_ALLOCATION_EAST,EAST_SECTION_12_STATIONS_ONLY,INDICATIVE_HEADWAY_SCHEDULE,UNVALIDATED_LACKS_BLOCK_INTERLOCKING_WHOLE_RING,"Covers only 12 East stations (Y29-Y01); lacks whole-ring loop, depot throat tracks, block signals, and interlocking models; short-turn Y22-Y38 incorrectly traverses all 12 stations."
482,TR-CCW-041,EMU-CCW-07,COUNTERCLOCKWISE,EAST_SECTION_INDICATIVE_PATTERN,Y39,31438,08:43:58,30,31468,08:44:28,92,Y39-T2,R-Y39-CCW,UNVERIFIED_DEPOT_ALLOCATION_SOUTH,EAST_SECTION_12_STATIONS_ONLY,INDICATIVE_HEADWAY_SCHEDULE,UNVALIDATED_LACKS_BLOCK_INTERLOCKING_WHOLE_RING,"Covers only 12 East stations (Y29-Y01); lacks whole-ring loop, depot throat tracks, block signals, and interlocking models; short-turn Y22-Y38 incorrectly traverses all 12 stations."
395,TR-CCW-033,EMU-CCW-34,COUNTERCLOCKWISE,SHORT_TURN_Y22_Y38,Y30,31444,08:44:04,30,31474,08:44:34,89,Y30-T2,R-Y30-CCW,UNVERIFIED_DEPOT_ALLOCATION_EAST,EAST_SECTION_12_STATIONS_ONLY,INDICATIVE_HEADWAY_SCHEDULE,UNVALIDATED_LACKS_BLOCK_INTERLOCKING_WHOLE_RING,"Covers only 12 East stations (Y29-Y01); lacks whole-ring loop, depot throat tracks, block signals, and interlocking models; short-turn Y22-Y38 incorrectly traverses all 12 stations."
920,TR-CW-028,EMU-CW-01,CLOCKWISE,EAST_SECTION_INDICATIVE_PATTERN,Y36,31446,08:44:06,45,31491,08:44:51,85,Y36-T1,R-Y36-CW,UNVERIFIED_DEPOT_ALLOCATION_SOUTH,EAST_SECTION_12_STATIONS_ONLY,INDICATIVE_HEADWAY_SCHEDULE,UNVALIDATED_LACKS_BLOCK_INTERLOCKING_WHOLE_RING,"Covers only 12 East stations (Y29-Y01); lacks whole-ring loop, depot throat tracks, block signals, and interlocking models."
406,TR-CCW-034,EMU-CCW-35,COUNTERCLOCKWISE,EAST_SECTION_INDICATIVE_PATTERN,Y31,31472,08:44:32,30,31502,08:45:02,92,Y31-T2,R-Y31-CCW,UNVERIFIED_DEPOT_ALLOCATION_SOUTH,EAST_SECTION_12_STATIONS_ONLY,INDICATIVE_HEADWAY_SCHEDULE,UNVALIDATED_LACKS_BLOCK_INTERLOCKING_WHOLE_RING,"Covers only 12 East stations (Y29-Y01); lacks whole-ring loop, depot throat tracks, block signals, and interlocking models; short-turn Y22-Y38 incorrectly traverses all 12 stations."
962,TR-CW-032,EMU-CW-05,CLOCKWISE,EAST_SECTION_INDICATIVE_PATTERN,Y30,31472,08:44:32,30,31502,08:45:02,92,Y30-T1,R-Y30-CW,UNVERIFIED_DEPOT_ALLOCATION_SOUTH,EAST_SECTION_12_STATIONS_ONLY,INDICATIVE_HEADWAY_SCHEDULE,UNVALIDATED_LACKS_BLOCK_INTERLOCKING_WHOLE_RING,"Covers only 12 East stations (Y29-Y01); lacks whole-ring loop, depot throat tracks, block signals, and interlocking models."
931,TR-CW-029,EMU-CW-02,CLOCKWISE,EAST_SECTION_INDICATIVE_PATTERN,Y35,31476,08:44:36,45,31521,08:45:21,123,Y35-T1,R-Y35-CW,UNVERIFIED_DEPOT_ALLOCATION_SOUTH,EAST_SECTION_12_STATIONS_ONLY,INDICATIVE_HEADWAY_SCHEDULE,UNVALIDATED_LACKS_BLOCK_INTERLOCKING_WHOLE_RING,"Covers only 12 East stations (Y29-Y01); lacks whole-ring loop, depot throat tracks, block signals, and interlocking models."
899,TR-CW-026,EMU-CW-27,CLOCKWISE,EAST_SECTION_INDICATIVE_PATTERN,Y39,31490,08:44:50,30,31520,08:45:20,193,Y39-T1,R-Y39-CW,UNVERIFIED_DEPOT_ALLOCATION_SOUTH,EAST_SECTION_12_STATIONS_ONLY,INDICATIVE_HEADWAY_SCHEDULE,UNVALIDATED_LACKS_BLOCK_INTERLOCKING_WHOLE_RING,"Covers only 12 East stations (Y29-Y01); lacks whole-ring loop, depot throat tracks, block signals, and interlocking models."
952,TR-CW-031,EMU-CW-04,CLOCKWISE,EAST_SECTION_INDICATIVE_PATTERN,Y32,31498,08:44:58,30,31528,08:45:28,87,Y32-T1,R-Y32-CW,UNVERIFIED_DEPOT_ALLOCATION_SOUTH,EAST_SECTION_12_STATIONS_ONLY,INDICATIVE_HEADWAY_SCHEDULE,UNVALIDATED_LACKS_BLOCK_INTERLOCKING_WHOLE_RING,"Covers only 12 East stations (Y29-Y01); lacks whole-ring loop, depot throat tracks, block signals, and interlocking models."
505,TR-CCW-043,EMU-CCW-09,COUNTERCLOCKWISE,EAST_SECTION_INDICATIVE_PATTERN,Y01,31500,08:45:00,45,31545,08:45:45,193,Y01-T2,R-Y01-CCW,UNVERIFIED_DEPOT_ALLOCATION_SOUTH,EAST_SECTION_12_STATIONS_ONLY,INDICATIVE_HEADWAY_SCHEDULE,UNVALIDATED_LACKS_BLOCK_INTERLOCKING_WHOLE_RING,"Covers only 12 East stations (Y29-Y01); lacks whole-ring loop, depot throat tracks, block signals, and interlocking models; short-turn Y22-Y38 incorrectly traverses all 12 stations."
888,TR-CW-025,EMU-CW-26,CLOCKWISE,EAST_SECTION_INDICATIVE_PATTERN,Y01,31515,08:45:15,45,31560,08:46:00,0,Y01-T1,R-Y01-CW,UNVERIFIED_DEPOT_ALLOCATION_SOUTH,EAST_SECTION_12_STATIONS_ONLY,INDICATIVE_HEADWAY_SCHEDULE,UNVALIDATED_LACKS_BLOCK_INTERLOCKING_WHOLE_RING,"Covers only 12 East stations (Y29-Y01); lacks whole-ring loop, depot throat tracks, block signals, and interlocking models."
417,TR-CCW-035,EMU-CCW-01,COUNTERCLOCKWISE,EAST_SECTION_INDICATIVE_PATTERN,Y32,31520,08:45:20,30,31550,08:45:50,72,Y32-T2,R-Y32-CCW,UNVERIFIED_DEPOT_ALLOCATION_SOUTH,EAST_SECTION_12_STATIONS_ONLY,INDICATIVE_HEADWAY_SCHEDULE,UNVALIDATED_LACKS_BLOCK_INTERLOCKING_WHOLE_RING,"Covers only 12 East stations (Y29-Y01); lacks whole-ring loop, depot throat tracks, block signals, and interlocking models; short-turn Y22-Y38 incorrectly traverses all 12 stations."
973,TR-CW-033,EMU-CW-06,CLOCKWISE,EAST_SECTION_INDICATIVE_PATTERN,Y29,31536,08:45:36,45,31581,08:46:21,89,Y29-T1,R-Y29-CW,UNVERIFIED_DEPOT_ALLOCATION_SOUTH,EAST_SECTION_12_STATIONS_ONLY,INDICATIVE_HEADWAY_SCHEDULE,UNVALIDATED_LACKS_BLOCK_INTERLOCKING_WHOLE_RING,"Covers only 12 East stations (Y29-Y01); lacks whole-ring loop, depot throat tracks, block signals, and interlocking models."
428,TR-CCW-036,EMU-CCW-02,COUNTERCLOCKWISE,SHORT_TURN_Y22_Y38,Y33,31538,08:45:38,45,31583,08:46:23,87,Y33-T2,R-Y33-CCW,UNVERIFIED_DEPOT_ALLOCATION_EAST,EAST_SECTION_12_STATIONS_ONLY,INDICATIVE_HEADWAY_SCHEDULE,UNVALIDATED_LACKS_BLOCK_INTERLOCKING_WHOLE_RING,"Covers only 12 East stations (Y29-Y01); lacks whole-ring loop, depot throat tracks, block signals, and interlocking models; short-turn Y22-Y38 incorrectly traverses all 12 stations."
910,TR-CW-027,EMU-CW-28,CLOCKWISE,EAST_SECTION_INDICATIVE_PATTERN,Y38,31551,08:45:51,45,31596,08:46:36,92,Y38-T1,R-Y38-CW,UNVERIFIED_DEPOT_ALLOCATION_SOUTH,EAST_SECTION_12_STATIONS_ONLY,INDICATIVE_HEADWAY_SCHEDULE,UNVALIDATED_LACKS_BLOCK_INTERLOCKING_WHOLE_RING,"Covers only 12 East stations (Y29-Y01); lacks whole-ring loop, depot throat tracks, block signals, and interlocking models."
942,TR-CW-030,EMU-CW-03,CLOCKWISE,EAST_SECTION_INDICATIVE_PATTERN,Y34,31556,08:45:56,30,31586,08:46:26,88,Y34-T1,R-Y34-CW,UNVERIFIED_DEPOT_ALLOCATION_SOUTH,EAST_SECTION_12_STATIONS_ONLY,INDICATIVE_HEADWAY_SCHEDULE,UNVALIDATED_LACKS_BLOCK_INTERLOCKING_WHOLE_RING,"Covers only 12 East stations (Y29-Y01); lacks whole-ring loop, depot throat tracks, block signals, and interlocking models."
483,TR-CCW-041,EMU-CCW-07,COUNTERCLOCKWISE,EAST_SECTION_INDICATIVE_PATTERN,Y38,31560,08:46:00,45,31605,08:46:45,128,Y38-T2,R-Y38-CCW,UNVERIFIED_DEPOT_ALLOCATION_SOUTH,EAST_SECTION_12_STATIONS_ONLY,INDICATIVE_HEADWAY_SCHEDULE,UNVALIDATED_LACKS_BLOCK_INTERLOCKING_WHOLE_RING,"Covers only 12 East stations (Y29-Y01); lacks whole-ring loop, depot throat tracks, block signals, and interlocking models; short-turn Y22-Y38 incorrectly traverses all 12 stations."
396,TR-CCW-033,EMU-CCW-34,COUNTERCLOCKWISE,SHORT_TURN_Y22_Y38,Y29,31563,08:46:03,45,31608,08:46:48,0,Y29-T2,R-Y29-CCW,UNVERIFIED_DEPOT_ALLOCATION_EAST,EAST_SECTION_12_STATIONS_ONLY,INDICATIVE_HEADWAY_SCHEDULE,UNVALIDATED_LACKS_BLOCK_INTERLOCKING_WHOLE_RING,"Covers only 12 East stations (Y29-Y01); lacks whole-ring loop, depot throat tracks, block signals, and interlocking models; short-turn Y22-Y38 incorrectly traverses all 12 stations."
461,TR-CCW-039,EMU-CCW-05,COUNTERCLOCKWISE,SHORT_TURN_Y22_Y38,Y36,31563,08:46:03,45,31608,08:46:48,123,Y36-T2,R-Y36-CCW,UNVERIFIED_DEPOT_ALLOCATION_EAST,EAST_SECTION_12_STATIONS_ONLY,INDICATIVE_HEADWAY_SCHEDULE,UNVALIDATED_LACKS_BLOCK_INTERLOCKING_WHOLE_RING,"Covers only 12 East stations (Y29-Y01); lacks whole-ring loop, depot throat tracks, block signals, and interlocking models; short-turn Y22-Y38 incorrectly traverses all 12 stations."
439,TR-CCW-037,EMU-CCW-03,COUNTERCLOCKWISE,EAST_SECTION_INDICATIVE_PATTERN,Y34,31564,08:46:04,30,31594,08:46:34,94,Y34-T2,R-Y34-CCW,UNVERIFIED_DEPOT_ALLOCATION_SOUTH,EAST_SECTION_12_STATIONS_ONLY,INDICATIVE_HEADWAY_SCHEDULE,UNVALIDATED_LACKS_BLOCK_INTERLOCKING_WHOLE_RING,"Covers only 12 East stations (Y29-Y01); lacks whole-ring loop, depot throat tracks, block signals, and interlocking models; short-turn Y22-Y38 incorrectly traverses all 12 stations."
921,TR-CW-028,EMU-CW-01,CLOCKWISE,EAST_SECTION_INDICATIVE_PATTERN,Y37,31576,08:46:16,45,31621,08:47:01,128,Y37-T1,R-Y37-CW,UNVERIFIED_DEPOT_ALLOCATION_SOUTH,EAST_SECTION_12_STATIONS_ONLY,INDICATIVE_HEADWAY_SCHEDULE,UNVALIDATED_LACKS_BLOCK_INTERLOCKING_WHOLE_RING,"Covers only 12 East stations (Y29-Y01); lacks whole-ring loop, depot throat tracks, block signals, and interlocking models."
450,TR-CCW-038,EMU-CCW-04,COUNTERCLOCKWISE,EAST_SECTION_INDICATIVE_PATTERN,Y35,31581,08:46:21,45,31626,08:47:06,88,Y35-T2,R-Y35-CCW,UNVERIFIED_DEPOT_ALLOCATION_SOUTH,EAST_SECTION_12_STATIONS_ONLY,INDICATIVE_HEADWAY_SCHEDULE,UNVALIDATED_LACKS_BLOCK_INTERLOCKING_WHOLE_RING,"Covers only 12 East stations (Y29-Y01); lacks whole-ring loop, depot throat tracks, block signals, and interlocking models; short-turn Y22-Y38 incorrectly traverses all 12 stations."
472,TR-CCW-040,EMU-CCW-06,COUNTERCLOCKWISE,EAST_SECTION_INDICATIVE_PATTERN,Y37,31583,08:46:23,45,31628,08:47:08,85,Y37-T2,R-Y37-CCW,UNVERIFIED_DEPOT_ALLOCATION_SOUTH,EAST_SECTION_12_STATIONS_ONLY,INDICATIVE_HEADWAY_SCHEDULE,UNVALIDATED_LACKS_BLOCK_INTERLOCKING_WHOLE_RING,"Covers only 12 East stations (Y29-Y01); lacks whole-ring loop, depot throat tracks, block signals, and interlocking models; short-turn Y22-Y38 incorrectly traverses all 12 stations."
494,TR-CCW-042,EMU-CCW-08,COUNTERCLOCKWISE,SHORT_TURN_Y22_Y38,Y39,31588,08:46:28,30,31618,08:46:58,92,Y39-T2,R-Y39-CCW,UNVERIFIED_DEPOT_ALLOCATION_EAST,EAST_SECTION_12_STATIONS_ONLY,INDICATIVE_HEADWAY_SCHEDULE,UNVALIDATED_LACKS_BLOCK_INTERLOCKING_WHOLE_RING,"Covers only 12 East stations (Y29-Y01); lacks whole-ring loop, depot throat tracks, block signals, and interlocking models; short-turn Y22-Y38 incorrectly traverses all 12 stations."
407,TR-CCW-034,EMU-CCW-35,COUNTERCLOCKWISE,EAST_SECTION_INDICATIVE_PATTERN,Y30,31594,08:46:34,30,31624,08:47:04,89,Y30-T2,R-Y30-CCW,UNVERIFIED_DEPOT_ALLOCATION_SOUTH,EAST_SECTION_12_STATIONS_ONLY,INDICATIVE_HEADWAY_SCHEDULE,UNVALIDATED_LACKS_BLOCK_INTERLOCKING_WHOLE_RING,"Covers only 12 East stations (Y29-Y01); lacks whole-ring loop, depot throat tracks, block signals, and interlocking models; short-turn Y22-Y38 incorrectly traverses all 12 stations."
963,TR-CW-032,EMU-CW-05,CLOCKWISE,EAST_SECTION_INDICATIVE_PATTERN,Y31,31594,08:46:34,30,31624,08:47:04,72,Y31-T1,R-Y31-CW,UNVERIFIED_DEPOT_ALLOCATION_SOUTH,EAST_SECTION_12_STATIONS_ONLY,INDICATIVE_HEADWAY_SCHEDULE,UNVALIDATED_LACKS_BLOCK_INTERLOCKING_WHOLE_RING,"Covers only 12 East stations (Y29-Y01); lacks whole-ring loop, depot throat tracks, block signals, and interlocking models."
953,TR-CW-031,EMU-CW-04,CLOCKWISE,EAST_SECTION_INDICATIVE_PATTERN,Y33,31615,08:46:55,45,31660,08:47:40,94,Y33-T1,R-Y33-CW,UNVERIFIED_DEPOT_ALLOCATION_SOUTH,EAST_SECTION_12_STATIONS_ONLY,INDICATIVE_HEADWAY_SCHEDULE,UNVALIDATED_LACKS_BLOCK_INTERLOCKING_WHOLE_RING,"Covers only 12 East stations (Y29-Y01); lacks whole-ring loop, depot throat tracks, block signals, and interlocking models."
418,TR-CCW-035,EMU-CCW-01,COUNTERCLOCKWISE,EAST_SECTION_INDICATIVE_PATTERN,Y31,31622,08:47:02,30,31652,08:47:32,92,Y31-T2,R-Y31-CCW,UNVERIFIED_DEPOT_ALLOCATION_SOUTH,EAST_SECTION_12_STATIONS_ONLY,INDICATIVE_HEADWAY_SCHEDULE,UNVALIDATED_LACKS_BLOCK_INTERLOCKING_WHOLE_RING,"Covers only 12 East stations (Y29-Y01); lacks whole-ring loop, depot throat tracks, block signals, and interlocking models; short-turn Y22-Y38 incorrectly traverses all 12 stations."
932,TR-CW-029,EMU-CW-02,CLOCKWISE,EAST_SECTION_INDICATIVE_PATTERN,Y36,31644,08:47:24,45,31689,08:48:09,85,Y36-T1,R-Y36-CW,UNVERIFIED_DEPOT_ALLOCATION_SOUTH,EAST_SECTION_12_STATIONS_ONLY,INDICATIVE_HEADWAY_SCHEDULE,UNVALIDATED_LACKS_BLOCK_INTERLOCKING_WHOLE_RING,"Covers only 12 East stations (Y29-Y01); lacks whole-ring loop, depot throat tracks, block signals, and interlocking models."
517,TR-CCW-044,EMU-CCW-10,COUNTERCLOCKWISE,EAST_SECTION_INDICATIVE_PATTERN,Y01,31650,08:47:30,45,31695,08:48:15,193,Y01-T2,R-Y01-CCW,UNVERIFIED_DEPOT_ALLOCATION_SOUTH,EAST_SECTION_12_STATIONS_ONLY,INDICATIVE_HEADWAY_SCHEDULE,UNVALIDATED_LACKS_BLOCK_INTERLOCKING_WHOLE_RING,"Covers only 12 East stations (Y29-Y01); lacks whole-ring loop, depot throat tracks, block signals, and interlocking models; short-turn Y22-Y38 incorrectly traverses all 12 stations."
429,TR-CCW-036,EMU-CCW-02,COUNTERCLOCKWISE,SHORT_TURN_Y22_Y38,Y32,31670,08:47:50,30,31700,08:48:20,72,Y32-T2,R-Y32-CCW,UNVERIFIED_DEPOT_ALLOCATION_EAST,EAST_SECTION_12_STATIONS_ONLY,INDICATIVE_HEADWAY_SCHEDULE,UNVALIDATED_LACKS_BLOCK_INTERLOCKING_WHOLE_RING,"Covers only 12 East stations (Y29-Y01); lacks whole-ring loop, depot throat tracks, block signals, and interlocking models; short-turn Y22-Y38 incorrectly traverses all 12 stations."
974,TR-CW-033,EMU-CW-06,CLOCKWISE,EAST_SECTION_INDICATIVE_PATTERN,Y30,31670,08:47:50,30,31700,08:48:20,92,Y30-T1,R-Y30-CW,UNVERIFIED_DEPOT_ALLOCATION_SOUTH,EAST_SECTION_12_STATIONS_ONLY,INDICATIVE_HEADWAY_SCHEDULE,UNVALIDATED_LACKS_BLOCK_INTERLOCKING_WHOLE_RING,"Covers only 12 East stations (Y29-Y01); lacks whole-ring loop, depot throat tracks, block signals, and interlocking models."
943,TR-CW-030,EMU-CW-03,CLOCKWISE,EAST_SECTION_INDICATIVE_PATTERN,Y35,31674,08:47:54,45,31719,08:48:39,123,Y35-T1,R-Y35-CW,UNVERIFIED_DEPOT_ALLOCATION_SOUTH,EAST_SECTION_12_STATIONS_ONLY,INDICATIVE_HEADWAY_SCHEDULE,UNVALIDATED_LACKS_BLOCK_INTERLOCKING_WHOLE_RING,"Covers only 12 East stations (Y29-Y01); lacks whole-ring loop, depot throat tracks, block signals, and interlocking models."
440,TR-CCW-037,EMU-CCW-03,COUNTERCLOCKWISE,EAST_SECTION_INDICATIVE_PATTERN,Y33,31688,08:48:08,45,31733,08:48:53,87,Y33-T2,R-Y33-CCW,UNVERIFIED_DEPOT_ALLOCATION_SOUTH,EAST_SECTION_12_STATIONS_ONLY,INDICATIVE_HEADWAY_SCHEDULE,UNVALIDATED_LACKS_BLOCK_INTERLOCKING_WHOLE_RING,"Covers only 12 East stations (Y29-Y01); lacks whole-ring loop, depot throat tracks, block signals, and interlocking models; short-turn Y22-Y38 incorrectly traverses all 12 stations."
911,TR-CW-027,EMU-CW-28,CLOCKWISE,EAST_SECTION_INDICATIVE_PATTERN,Y39,31688,08:48:08,30,31718,08:48:38,193,Y39-T1,R-Y39-CW,UNVERIFIED_DEPOT_ALLOCATION_SOUTH,EAST_SECTION_12_STATIONS_ONLY,INDICATIVE_HEADWAY_SCHEDULE,UNVALIDATED_LACKS_BLOCK_INTERLOCKING_WHOLE_RING,"Covers only 12 East stations (Y29-Y01); lacks whole-ring loop, depot throat tracks, block signals, and interlocking models."
964,TR-CW-032,EMU-CW-05,CLOCKWISE,EAST_SECTION_INDICATIVE_PATTERN,Y32,31696,08:48:16,30,31726,08:48:46,87,Y32-T1,R-Y32-CW,UNVERIFIED_DEPOT_ALLOCATION_SOUTH,EAST_SECTION_12_STATIONS_ONLY,INDICATIVE_HEADWAY_SCHEDULE,UNVALIDATED_LACKS_BLOCK_INTERLOCKING_WHOLE_RING,"Covers only 12 East stations (Y29-Y01); lacks whole-ring loop, depot throat tracks, block signals, and interlocking models."
495,TR-CCW-042,EMU-CCW-08,COUNTERCLOCKWISE,SHORT_TURN_Y22_Y38,Y38,31710,08:48:30,45,31755,08:49:15,128,Y38-T2,R-Y38-CCW,UNVERIFIED_DEPOT_ALLOCATION_EAST,EAST_SECTION_12_STATIONS_ONLY,INDICATIVE_HEADWAY_SCHEDULE,UNVALIDATED_LACKS_BLOCK_INTERLOCKING_WHOLE_RING,"Covers only 12 East stations (Y29-Y01); lacks whole-ring loop, depot throat tracks, block signals, and interlocking models; short-turn Y22-Y38 incorrectly traverses all 12 stations."
408,TR-CCW-034,EMU-CCW-35,COUNTERCLOCKWISE,EAST_SECTION_INDICATIVE_PATTERN,Y29,31713,08:48:33,45,31758,08:49:18,0,Y29-T2,R-Y29-CCW,UNVERIFIED_DEPOT_ALLOCATION_SOUTH,EAST_SECTION_12_STATIONS_ONLY,INDICATIVE_HEADWAY_SCHEDULE,UNVALIDATED_LACKS_BLOCK_INTERLOCKING_WHOLE_RING,"Covers only 12 East stations (Y29-Y01); lacks whole-ring loop, depot throat tracks, block signals, and interlocking models; short-turn Y22-Y38 incorrectly traverses all 12 stations."
473,TR-CCW-040,EMU-CCW-06,COUNTERCLOCKWISE,EAST_SECTION_INDICATIVE_PATTERN,Y36,31713,08:48:33,45,31758,08:49:18,123,Y36-T2,R-Y36-CCW,UNVERIFIED_DEPOT_ALLOCATION_SOUTH,EAST_SECTION_12_STATIONS_ONLY,INDICATIVE_HEADWAY_SCHEDULE,UNVALIDATED_LACKS_BLOCK_INTERLOCKING_WHOLE_RING,"Covers only 12 East stations (Y29-Y01); lacks whole-ring loop, depot throat tracks, block signals, and interlocking models; short-turn Y22-Y38 incorrectly traverses all 12 stations."
900,TR-CW-026,EMU-CW-27,CLOCKWISE,EAST_SECTION_INDICATIVE_PATTERN,Y01,31713,08:48:33,45,31758,08:49:18,0,Y01-T1,R-Y01-CW,UNVERIFIED_DEPOT_ALLOCATION_SOUTH,EAST_SECTION_12_STATIONS_ONLY,INDICATIVE_HEADWAY_SCHEDULE,UNVALIDATED_LACKS_BLOCK_INTERLOCKING_WHOLE_RING,"Covers only 12 East stations (Y29-Y01); lacks whole-ring loop, depot throat tracks, block signals, and interlocking models."
451,TR-CCW-038,EMU-CCW-04,COUNTERCLOCKWISE,EAST_SECTION_INDICATIVE_PATTERN,Y34,31714,08:48:34,30,31744,08:49:04,94,Y34-T2,R-Y34-CCW,UNVERIFIED_DEPOT_ALLOCATION_SOUTH,EAST_SECTION_12_STATIONS_ONLY,INDICATIVE_HEADWAY_SCHEDULE,UNVALIDATED_LACKS_BLOCK_INTERLOCKING_WHOLE_RING,"Covers only 12 East stations (Y29-Y01); lacks whole-ring loop, depot throat tracks, block signals, and interlocking models; short-turn Y22-Y38 incorrectly traverses all 12 stations."
462,TR-CCW-039,EMU-CCW-05,COUNTERCLOCKWISE,SHORT_TURN_Y22_Y38,Y35,31731,08:48:51,45,31776,08:49:36,88,Y35-T2,R-Y35-CCW,UNVERIFIED_DEPOT_ALLOCATION_EAST,EAST_SECTION_12_STATIONS_ONLY,INDICATIVE_HEADWAY_SCHEDULE,UNVALIDATED_LACKS_BLOCK_INTERLOCKING_WHOLE_RING,"Covers only 12 East stations (Y29-Y01); lacks whole-ring loop, depot throat tracks, block signals, and interlocking models; short-turn Y22-Y38 incorrectly traverses all 12 stations."
484,TR-CCW-041,EMU-CCW-07,COUNTERCLOCKWISE,EAST_SECTION_INDICATIVE_PATTERN,Y37,31733,08:48:53,45,31778,08:49:38,85,Y37-T2,R-Y37-CCW,UNVERIFIED_DEPOT_ALLOCATION_SOUTH,EAST_SECTION_12_STATIONS_ONLY,INDICATIVE_HEADWAY_SCHEDULE,UNVALIDATED_LACKS_BLOCK_INTERLOCKING_WHOLE_RING,"Covers only 12 East stations (Y29-Y01); lacks whole-ring loop, depot throat tracks, block signals, and interlocking models; short-turn Y22-Y38 incorrectly traverses all 12 stations."
985,TR-CW-034,EMU-CW-07,CLOCKWISE,EAST_SECTION_INDICATIVE_PATTERN,Y29,31734,08:48:54,45,31779,08:49:39,89,Y29-T1,R-Y29-CW,UNVERIFIED_DEPOT_ALLOCATION_SOUTH,EAST_SECTION_12_STATIONS_ONLY,INDICATIVE_HEADWAY_SCHEDULE,UNVALIDATED_LACKS_BLOCK_INTERLOCKING_WHOLE_RING,"Covers only 12 East stations (Y29-Y01); lacks whole-ring loop, depot throat tracks, block signals, and interlocking models."
506,TR-CCW-043,EMU-CCW-09,COUNTERCLOCKWISE,EAST_SECTION_INDICATIVE_PATTERN,Y39,31738,08:48:58,30,31768,08:49:28,92,Y39-T2,R-Y39-CCW,UNVERIFIED_DEPOT_ALLOCATION_SOUTH,EAST_SECTION_12_STATIONS_ONLY,INDICATIVE_HEADWAY_SCHEDULE,UNVALIDATED_LACKS_BLOCK_INTERLOCKING_WHOLE_RING,"Covers only 12 East stations (Y29-Y01); lacks whole-ring loop, depot throat tracks, block signals, and interlocking models; short-turn Y22-Y38 incorrectly traverses all 12 stations."
419,TR-CCW-035,EMU-CCW-01,COUNTERCLOCKWISE,EAST_SECTION_INDICATIVE_PATTERN,Y30,31744,08:49:04,30,31774,08:49:34,89,Y30-T2,R-Y30-CCW,UNVERIFIED_DEPOT_ALLOCATION_SOUTH,EAST_SECTION_12_STATIONS_ONLY,INDICATIVE_HEADWAY_SCHEDULE,UNVALIDATED_LACKS_BLOCK_INTERLOCKING_WHOLE_RING,"Covers only 12 East stations (Y29-Y01); lacks whole-ring loop, depot throat tracks, block signals, and interlocking models; short-turn Y22-Y38 incorrectly traverses all 12 stations."
922,TR-CW-028,EMU-CW-01,CLOCKWISE,EAST_SECTION_INDICATIVE_PATTERN,Y38,31749,08:49:09,45,31794,08:49:54,92,Y38-T1,R-Y38-CW,UNVERIFIED_DEPOT_ALLOCATION_SOUTH,EAST_SECTION_12_STATIONS_ONLY,INDICATIVE_HEADWAY_SCHEDULE,UNVALIDATED_LACKS_BLOCK_INTERLOCKING_WHOLE_RING,"Covers only 12 East stations (Y29-Y01); lacks whole-ring loop, depot throat tracks, block signals, and interlocking models."
954,TR-CW-031,EMU-CW-04,CLOCKWISE,EAST_SECTION_INDICATIVE_PATTERN,Y34,31754,08:49:14,30,31784,08:49:44,88,Y34-T1,R-Y34-CW,UNVERIFIED_DEPOT_ALLOCATION_SOUTH,EAST_SECTION_12_STATIONS_ONLY,INDICATIVE_HEADWAY_SCHEDULE,UNVALIDATED_LACKS_BLOCK_INTERLOCKING_WHOLE_RING,"Covers only 12 East stations (Y29-Y01); lacks whole-ring loop, depot throat tracks, block signals, and interlocking models."
430,TR-CCW-036,EMU-CCW-02,COUNTERCLOCKWISE,SHORT_TURN_Y22_Y38,Y31,31772,08:49:32,30,31802,08:50:02,92,Y31-T2,R-Y31-CCW,UNVERIFIED_DEPOT_ALLOCATION_EAST,EAST_SECTION_12_STATIONS_ONLY,INDICATIVE_HEADWAY_SCHEDULE,UNVALIDATED_LACKS_BLOCK_INTERLOCKING_WHOLE_RING,"Covers only 12 East stations (Y29-Y01); lacks whole-ring loop, depot throat tracks, block signals, and interlocking models; short-turn Y22-Y38 incorrectly traverses all 12 stations."
933,TR-CW-029,EMU-CW-02,CLOCKWISE,EAST_SECTION_INDICATIVE_PATTERN,Y37,31774,08:49:34,45,31819,08:50:19,128,Y37-T1,R-Y37-CW,UNVERIFIED_DEPOT_ALLOCATION_SOUTH,EAST_SECTION_12_STATIONS_ONLY,INDICATIVE_HEADWAY_SCHEDULE,UNVALIDATED_LACKS_BLOCK_INTERLOCKING_WHOLE_RING,"Covers only 12 East stations (Y29-Y01); lacks whole-ring loop, depot throat tracks, block signals, and interlocking models."
975,TR-CW-033,EMU-CW-06,CLOCKWISE,EAST_SECTION_INDICATIVE_PATTERN,Y31,31792,08:49:52,30,31822,08:50:22,72,Y31-T1,R-Y31-CW,UNVERIFIED_DEPOT_ALLOCATION_SOUTH,EAST_SECTION_12_STATIONS_ONLY,INDICATIVE_HEADWAY_SCHEDULE,UNVALIDATED_LACKS_BLOCK_INTERLOCKING_WHOLE_RING,"Covers only 12 East stations (Y29-Y01); lacks whole-ring loop, depot throat tracks, block signals, and interlocking models."
529,TR-CCW-045,EMU-CCW-11,COUNTERCLOCKWISE,SHORT_TURN_Y22_Y38,Y01,31800,08:50:00,45,31845,08:50:45,193,Y01-T2,R-Y01-CCW,UNVERIFIED_DEPOT_ALLOCATION_EAST,EAST_SECTION_12_STATIONS_ONLY,INDICATIVE_HEADWAY_SCHEDULE,UNVALIDATED_LACKS_BLOCK_INTERLOCKING_WHOLE_RING,"Covers only 12 East stations (Y29-Y01); lacks whole-ring loop, depot throat tracks, block signals, and interlocking models; short-turn Y22-Y38 incorrectly traverses all 12 stations."
965,TR-CW-032,EMU-CW-05,CLOCKWISE,EAST_SECTION_INDICATIVE_PATTERN,Y33,31813,08:50:13,45,31858,08:50:58,94,Y33-T1,R-Y33-CW,UNVERIFIED_DEPOT_ALLOCATION_SOUTH,EAST_SECTION_12_STATIONS_ONLY,INDICATIVE_HEADWAY_SCHEDULE,UNVALIDATED_LACKS_BLOCK_INTERLOCKING_WHOLE_RING,"Covers only 12 East stations (Y29-Y01); lacks whole-ring loop, depot throat tracks, block signals, and interlocking models."
441,TR-CCW-037,EMU-CCW-03,COUNTERCLOCKWISE,EAST_SECTION_INDICATIVE_PATTERN,Y32,31820,08:50:20,30,31850,08:50:50,72,Y32-T2,R-Y32-CCW,UNVERIFIED_DEPOT_ALLOCATION_SOUTH,EAST_SECTION_12_STATIONS_ONLY,INDICATIVE_HEADWAY_SCHEDULE,UNVALIDATED_LACKS_BLOCK_INTERLOCKING_WHOLE_RING,"Covers only 12 East stations (Y29-Y01); lacks whole-ring loop, depot throat tracks, block signals, and interlocking models; short-turn Y22-Y38 incorrectly traverses all 12 stations."
452,TR-CCW-038,EMU-CCW-04,COUNTERCLOCKWISE,EAST_SECTION_INDICATIVE_PATTERN,Y33,31838,08:50:38,45,31883,08:51:23,87,Y33-T2,R-Y33-CCW,UNVERIFIED_DEPOT_ALLOCATION_SOUTH,EAST_SECTION_12_STATIONS_ONLY,INDICATIVE_HEADWAY_SCHEDULE,UNVALIDATED_LACKS_BLOCK_INTERLOCKING_WHOLE_RING,"Covers only 12 East stations (Y29-Y01); lacks whole-ring loop, depot throat tracks, block signals, and interlocking models; short-turn Y22-Y38 incorrectly traverses all 12 stations."
944,TR-CW-030,EMU-CW-03,CLOCKWISE,EAST_SECTION_INDICATIVE_PATTERN,Y36,31842,08:50:42,45,31887,08:51:27,85,Y36-T1,R-Y36-CW,UNVERIFIED_DEPOT_ALLOCATION_SOUTH,EAST_SECTION_12_STATIONS_ONLY,INDICATIVE_HEADWAY_SCHEDULE,UNVALIDATED_LACKS_BLOCK_INTERLOCKING_WHOLE_RING,"Covers only 12 East stations (Y29-Y01); lacks whole-ring loop, depot throat tracks, block signals, and interlocking models."
507,TR-CCW-043,EMU-CCW-09,COUNTERCLOCKWISE,EAST_SECTION_INDICATIVE_PATTERN,Y38,31860,08:51:00,45,31905,08:51:45,128,Y38-T2,R-Y38-CCW,UNVERIFIED_DEPOT_ALLOCATION_SOUTH,EAST_SECTION_12_STATIONS_ONLY,INDICATIVE_HEADWAY_SCHEDULE,UNVALIDATED_LACKS_BLOCK_INTERLOCKING_WHOLE_RING,"Covers only 12 East stations (Y29-Y01); lacks whole-ring loop, depot throat tracks, block signals, and interlocking models; short-turn Y22-Y38 incorrectly traverses all 12 stations."
420,TR-CCW-035,EMU-CCW-01,COUNTERCLOCKWISE,EAST_SECTION_INDICATIVE_PATTERN,Y29,31863,08:51:03,45,31908,08:51:48,0,Y29-T2,R-Y29-CCW,UNVERIFIED_DEPOT_ALLOCATION_SOUTH,EAST_SECTION_12_STATIONS_ONLY,INDICATIVE_HEADWAY_SCHEDULE,UNVALIDATED_LACKS_BLOCK_INTERLOCKING_WHOLE_RING,"Covers only 12 East stations (Y29-Y01); lacks whole-ring loop, depot throat tracks, block signals, and interlocking models; short-turn Y22-Y38 incorrectly traverses all 12 stations."
485,TR-CCW-041,EMU-CCW-07,COUNTERCLOCKWISE,EAST_SECTION_INDICATIVE_PATTERN,Y36,31863,08:51:03,45,31908,08:51:48,123,Y36-T2,R-Y36-CCW,UNVERIFIED_DEPOT_ALLOCATION_SOUTH,EAST_SECTION_12_STATIONS_ONLY,INDICATIVE_HEADWAY_SCHEDULE,UNVALIDATED_LACKS_BLOCK_INTERLOCKING_WHOLE_RING,"Covers only 12 East stations (Y29-Y01); lacks whole-ring loop, depot throat tracks, block signals, and interlocking models; short-turn Y22-Y38 incorrectly traverses all 12 stations."
463,TR-CCW-039,EMU-CCW-05,COUNTERCLOCKWISE,SHORT_TURN_Y22_Y38,Y34,31864,08:51:04,30,31894,08:51:34,94,Y34-T2,R-Y34-CCW,UNVERIFIED_DEPOT_ALLOCATION_EAST,EAST_SECTION_12_STATIONS_ONLY,INDICATIVE_HEADWAY_SCHEDULE,UNVALIDATED_LACKS_BLOCK_INTERLOCKING_WHOLE_RING,"Covers only 12 East stations (Y29-Y01); lacks whole-ring loop, depot throat tracks, block signals, and interlocking models; short-turn Y22-Y38 incorrectly traverses all 12 stations."
986,TR-CW-034,EMU-CW-07,CLOCKWISE,EAST_SECTION_INDICATIVE_PATTERN,Y30,31868,08:51:08,30,31898,08:51:38,92,Y30-T1,R-Y30-CW,UNVERIFIED_DEPOT_ALLOCATION_SOUTH,EAST_SECTION_12_STATIONS_ONLY,INDICATIVE_HEADWAY_SCHEDULE,UNVALIDATED_LACKS_BLOCK_INTERLOCKING_WHOLE_RING,"Covers only 12 East stations (Y29-Y01); lacks whole-ring loop, depot throat tracks, block signals, and interlocking models."
955,TR-CW-031,EMU-CW-04,CLOCKWISE,EAST_SECTION_INDICATIVE_PATTERN,Y35,31872,08:51:12,45,31917,08:51:57,123,Y35-T1,R-Y35-CW,UNVERIFIED_DEPOT_ALLOCATION_SOUTH,EAST_SECTION_12_STATIONS_ONLY,INDICATIVE_HEADWAY_SCHEDULE,UNVALIDATED_LACKS_BLOCK_INTERLOCKING_WHOLE_RING,"Covers only 12 East stations (Y29-Y01); lacks whole-ring loop, depot throat tracks, block signals, and interlocking models."
474,TR-CCW-040,EMU-CCW-06,COUNTERCLOCKWISE,EAST_SECTION_INDICATIVE_PATTERN,Y35,31881,08:51:21,45,31926,08:52:06,88,Y35-T2,R-Y35-CCW,UNVERIFIED_DEPOT_ALLOCATION_SOUTH,EAST_SECTION_12_STATIONS_ONLY,INDICATIVE_HEADWAY_SCHEDULE,UNVALIDATED_LACKS_BLOCK_INTERLOCKING_WHOLE_RING,"Covers only 12 East stations (Y29-Y01); lacks whole-ring loop, depot throat tracks, block signals, and interlocking models; short-turn Y22-Y38 incorrectly traverses all 12 stations."
496,TR-CCW-042,EMU-CCW-08,COUNTERCLOCKWISE,SHORT_TURN_Y22_Y38,Y37,31883,08:51:23,45,31928,08:52:08,85,Y37-T2,R-Y37-CCW,UNVERIFIED_DEPOT_ALLOCATION_EAST,EAST_SECTION_12_STATIONS_ONLY,INDICATIVE_HEADWAY_SCHEDULE,UNVALIDATED_LACKS_BLOCK_INTERLOCKING_WHOLE_RING,"Covers only 12 East stations (Y29-Y01); lacks whole-ring loop, depot throat tracks, block signals, and interlocking models; short-turn Y22-Y38 incorrectly traverses all 12 stations."
923,TR-CW-028,EMU-CW-01,CLOCKWISE,EAST_SECTION_INDICATIVE_PATTERN,Y39,31886,08:51:26,30,31916,08:51:56,193,Y39-T1,R-Y39-CW,UNVERIFIED_DEPOT_ALLOCATION_SOUTH,EAST_SECTION_12_STATIONS_ONLY,INDICATIVE_HEADWAY_SCHEDULE,UNVALIDATED_LACKS_BLOCK_INTERLOCKING_WHOLE_RING,"Covers only 12 East stations (Y29-Y01); lacks whole-ring loop, depot throat tracks, block signals, and interlocking models."
518,TR-CCW-044,EMU-CCW-10,COUNTERCLOCKWISE,EAST_SECTION_INDICATIVE_PATTERN,Y39,31888,08:51:28,30,31918,08:51:58,92,Y39-T2,R-Y39-CCW,UNVERIFIED_DEPOT_ALLOCATION_SOUTH,EAST_SECTION_12_STATIONS_ONLY,INDICATIVE_HEADWAY_SCHEDULE,UNVALIDATED_LACKS_BLOCK_INTERLOCKING_WHOLE_RING,"Covers only 12 East stations (Y29-Y01); lacks whole-ring loop, depot throat tracks, block signals, and interlocking models; short-turn Y22-Y38 incorrectly traverses all 12 stations."
431,TR-CCW-036,EMU-CCW-02,COUNTERCLOCKWISE,SHORT_TURN_Y22_Y38,Y30,31894,08:51:34,30,31924,08:52:04,89,Y30-T2,R-Y30-CCW,UNVERIFIED_DEPOT_ALLOCATION_EAST,EAST_SECTION_12_STATIONS_ONLY,INDICATIVE_HEADWAY_SCHEDULE,UNVALIDATED_LACKS_BLOCK_INTERLOCKING_WHOLE_RING,"Covers only 12 East stations (Y29-Y01); lacks whole-ring loop, depot throat tracks, block signals, and interlocking models; short-turn Y22-Y38 incorrectly traverses all 12 stations."
976,TR-CW-033,EMU-CW-06,CLOCKWISE,EAST_SECTION_INDICATIVE_PATTERN,Y32,31894,08:51:34,30,31924,08:52:04,87,Y32-T1,R-Y32-CW,UNVERIFIED_DEPOT_ALLOCATION_SOUTH,EAST_SECTION_12_STATIONS_ONLY,INDICATIVE_HEADWAY_SCHEDULE,UNVALIDATED_LACKS_BLOCK_INTERLOCKING_WHOLE_RING,"Covers only 12 East stations (Y29-Y01); lacks whole-ring loop, depot throat tracks, block signals, and interlocking models."
912,TR-CW-027,EMU-CW-28,CLOCKWISE,EAST_SECTION_INDICATIVE_PATTERN,Y01,31911,08:51:51,45,31956,08:52:36,0,Y01-T1,R-Y01-CW,UNVERIFIED_DEPOT_ALLOCATION_SOUTH,EAST_SECTION_12_STATIONS_ONLY,INDICATIVE_HEADWAY_SCHEDULE,UNVALIDATED_LACKS_BLOCK_INTERLOCKING_WHOLE_RING,"Covers only 12 East stations (Y29-Y01); lacks whole-ring loop, depot throat tracks, block signals, and interlocking models."
442,TR-CCW-037,EMU-CCW-03,COUNTERCLOCKWISE,EAST_SECTION_INDICATIVE_PATTERN,Y31,31922,08:52:02,30,31952,08:52:32,92,Y31-T2,R-Y31-CCW,UNVERIFIED_DEPOT_ALLOCATION_SOUTH,EAST_SECTION_12_STATIONS_ONLY,INDICATIVE_HEADWAY_SCHEDULE,UNVALIDATED_LACKS_BLOCK_INTERLOCKING_WHOLE_RING,"Covers only 12 East stations (Y29-Y01); lacks whole-ring loop, depot throat tracks, block signals, and interlocking models; short-turn Y22-Y38 incorrectly traverses all 12 stations."
997,TR-CW-035,EMU-CW-08,CLOCKWISE,EAST_SECTION_INDICATIVE_PATTERN,Y29,31932,08:52:12,45,31977,08:52:57,89,Y29-T1,R-Y29-CW,UNVERIFIED_DEPOT_ALLOCATION_SOUTH,EAST_SECTION_12_STATIONS_ONLY,INDICATIVE_HEADWAY_SCHEDULE,UNVALIDATED_LACKS_BLOCK_INTERLOCKING_WHOLE_RING,"Covers only 12 East stations (Y29-Y01); lacks whole-ring loop, depot throat tracks, block signals, and interlocking models."
934,TR-CW-029,EMU-CW-02,CLOCKWISE,EAST_SECTION_INDICATIVE_PATTERN,Y38,31947,08:52:27,45,31992,08:53:12,92,Y38-T1,R-Y38-CW,UNVERIFIED_DEPOT_ALLOCATION_SOUTH,EAST_SECTION_12_STATIONS_ONLY,INDICATIVE_HEADWAY_SCHEDULE,UNVALIDATED_LACKS_BLOCK_INTERLOCKING_WHOLE_RING,"Covers only 12 East stations (Y29-Y01); lacks whole-ring loop, depot throat tracks, block signals, and interlocking models."
541,TR-CCW-046,EMU-CCW-12,COUNTERCLOCKWISE,EAST_SECTION_INDICATIVE_PATTERN,Y01,31950,08:52:30,45,31995,08:53:15,193,Y01-T2,R-Y01-CCW,UNVERIFIED_DEPOT_ALLOCATION_SOUTH,EAST_SECTION_12_STATIONS_ONLY,INDICATIVE_HEADWAY_SCHEDULE,UNVALIDATED_LACKS_BLOCK_INTERLOCKING_WHOLE_RING,"Covers only 12 East stations (Y29-Y01); lacks whole-ring loop, depot throat tracks, block signals, and interlocking models; short-turn Y22-Y38 incorrectly traverses all 12 stations."
966,TR-CW-032,EMU-CW-05,CLOCKWISE,EAST_SECTION_INDICATIVE_PATTERN,Y34,31952,08:52:32,30,31982,08:53:02,88,Y34-T1,R-Y34-CW,UNVERIFIED_DEPOT_ALLOCATION_SOUTH,EAST_SECTION_12_STATIONS_ONLY,INDICATIVE_HEADWAY_SCHEDULE,UNVALIDATED_LACKS_BLOCK_INTERLOCKING_WHOLE_RING,"Covers only 12 East stations (Y29-Y01); lacks whole-ring loop, depot throat tracks, block signals, and interlocking models."
453,TR-CCW-038,EMU-CCW-04,COUNTERCLOCKWISE,EAST_SECTION_INDICATIVE_PATTERN,Y32,31970,08:52:50,30,32000,08:53:20,72,Y32-T2,R-Y32-CCW,UNVERIFIED_DEPOT_ALLOCATION_SOUTH,EAST_SECTION_12_STATIONS_ONLY,INDICATIVE_HEADWAY_SCHEDULE,UNVALIDATED_LACKS_BLOCK_INTERLOCKING_WHOLE_RING,"Covers only 12 East stations (Y29-Y01); lacks whole-ring loop, depot throat tracks, block signals, and interlocking models; short-turn Y22-Y38 incorrectly traverses all 12 stations."
945,TR-CW-030,EMU-CW-03,CLOCKWISE,EAST_SECTION_INDICATIVE_PATTERN,Y37,31972,08:52:52,45,32017,08:53:37,128,Y37-T1,R-Y37-CW,UNVERIFIED_DEPOT_ALLOCATION_SOUTH,EAST_SECTION_12_STATIONS_ONLY,INDICATIVE_HEADWAY_SCHEDULE,UNVALIDATED_LACKS_BLOCK_INTERLOCKING_WHOLE_RING,"Covers only 12 East stations (Y29-Y01); lacks whole-ring loop, depot throat tracks, block signals, and interlocking models."
464,TR-CCW-039,EMU-CCW-05,COUNTERCLOCKWISE,SHORT_TURN_Y22_Y38,Y33,31988,08:53:08,45,32033,08:53:53,87,Y33-T2,R-Y33-CCW,UNVERIFIED_DEPOT_ALLOCATION_EAST,EAST_SECTION_12_STATIONS_ONLY,INDICATIVE_HEADWAY_SCHEDULE,UNVALIDATED_LACKS_BLOCK_INTERLOCKING_WHOLE_RING,"Covers only 12 East stations (Y29-Y01); lacks whole-ring loop, depot throat tracks, block signals, and interlocking models; short-turn Y22-Y38 incorrectly traverses all 12 stations."
987,TR-CW-034,EMU-CW-07,CLOCKWISE,EAST_SECTION_INDICATIVE_PATTERN,Y31,31990,08:53:10,30,32020,08:53:40,72,Y31-T1,R-Y31-CW,UNVERIFIED_DEPOT_ALLOCATION_SOUTH,EAST_SECTION_12_STATIONS_ONLY,INDICATIVE_HEADWAY_SCHEDULE,UNVALIDATED_LACKS_BLOCK_INTERLOCKING_WHOLE_RING,"Covers only 12 East stations (Y29-Y01); lacks whole-ring loop, depot throat tracks, block signals, and interlocking models."
519,TR-CCW-044,EMU-CCW-10,COUNTERCLOCKWISE,EAST_SECTION_INDICATIVE_PATTERN,Y38,32010,08:53:30,45,32055,08:54:15,128,Y38-T2,R-Y38-CCW,UNVERIFIED_DEPOT_ALLOCATION_SOUTH,EAST_SECTION_12_STATIONS_ONLY,INDICATIVE_HEADWAY_SCHEDULE,UNVALIDATED_LACKS_BLOCK_INTERLOCKING_WHOLE_RING,"Covers only 12 East stations (Y29-Y01); lacks whole-ring loop, depot throat tracks, block signals, and interlocking models; short-turn Y22-Y38 incorrectly traverses all 12 stations."
977,TR-CW-033,EMU-CW-06,CLOCKWISE,EAST_SECTION_INDICATIVE_PATTERN,Y33,32011,08:53:31,45,32056,08:54:16,94,Y33-T1,R-Y33-CW,UNVERIFIED_DEPOT_ALLOCATION_SOUTH,EAST_SECTION_12_STATIONS_ONLY,INDICATIVE_HEADWAY_SCHEDULE,UNVALIDATED_LACKS_BLOCK_INTERLOCKING_WHOLE_RING,"Covers only 12 East stations (Y29-Y01); lacks whole-ring loop, depot throat tracks, block signals, and interlocking models."
432,TR-CCW-036,EMU-CCW-02,COUNTERCLOCKWISE,SHORT_TURN_Y22_Y38,Y29,32013,08:53:33,45,32058,08:54:18,0,Y29-T2,R-Y29-CCW,UNVERIFIED_DEPOT_ALLOCATION_EAST,EAST_SECTION_12_STATIONS_ONLY,INDICATIVE_HEADWAY_SCHEDULE,UNVALIDATED_LACKS_BLOCK_INTERLOCKING_WHOLE_RING,"Covers only 12 East stations (Y29-Y01); lacks whole-ring loop, depot throat tracks, block signals, and interlocking models; short-turn Y22-Y38 incorrectly traverses all 12 stations."
497,TR-CCW-042,EMU-CCW-08,COUNTERCLOCKWISE,SHORT_TURN_Y22_Y38,Y36,32013,08:53:33,45,32058,08:54:18,123,Y36-T2,R-Y36-CCW,UNVERIFIED_DEPOT_ALLOCATION_EAST,EAST_SECTION_12_STATIONS_ONLY,INDICATIVE_HEADWAY_SCHEDULE,UNVALIDATED_LACKS_BLOCK_INTERLOCKING_WHOLE_RING,"Covers only 12 East stations (Y29-Y01); lacks whole-ring loop, depot throat tracks, block signals, and interlocking models; short-turn Y22-Y38 incorrectly traverses all 12 stations."
475,TR-CCW-040,EMU-CCW-06,COUNTERCLOCKWISE,EAST_SECTION_INDICATIVE_PATTERN,Y34,32014,08:53:34,30,32044,08:54:04,94,Y34-T2,R-Y34-CCW,UNVERIFIED_DEPOT_ALLOCATION_SOUTH,EAST_SECTION_12_STATIONS_ONLY,INDICATIVE_HEADWAY_SCHEDULE,UNVALIDATED_LACKS_BLOCK_INTERLOCKING_WHOLE_RING,"Covers only 12 East stations (Y29-Y01); lacks whole-ring loop, depot throat tracks, block signals, and interlocking models; short-turn Y22-Y38 incorrectly traverses all 12 stations."
486,TR-CCW-041,EMU-CCW-07,COUNTERCLOCKWISE,EAST_SECTION_INDICATIVE_PATTERN,Y35,32031,08:53:51,45,32076,08:54:36,88,Y35-T2,R-Y35-CCW,UNVERIFIED_DEPOT_ALLOCATION_SOUTH,EAST_SECTION_12_STATIONS_ONLY,INDICATIVE_HEADWAY_SCHEDULE,UNVALIDATED_LACKS_BLOCK_INTERLOCKING_WHOLE_RING,"Covers only 12 East stations (Y29-Y01); lacks whole-ring loop, depot throat tracks, block signals, and interlocking models; short-turn Y22-Y38 incorrectly traverses all 12 stations."
508,TR-CCW-043,EMU-CCW-09,COUNTERCLOCKWISE,EAST_SECTION_INDICATIVE_PATTERN,Y37,32033,08:53:53,45,32078,08:54:38,85,Y37-T2,R-Y37-CCW,UNVERIFIED_DEPOT_ALLOCATION_SOUTH,EAST_SECTION_12_STATIONS_ONLY,INDICATIVE_HEADWAY_SCHEDULE,UNVALIDATED_LACKS_BLOCK_INTERLOCKING_WHOLE_RING,"Covers only 12 East stations (Y29-Y01); lacks whole-ring loop, depot throat tracks, block signals, and interlocking models; short-turn Y22-Y38 incorrectly traverses all 12 stations."
530,TR-CCW-045,EMU-CCW-11,COUNTERCLOCKWISE,SHORT_TURN_Y22_Y38,Y39,32038,08:53:58,30,32068,08:54:28,92,Y39-T2,R-Y39-CCW,UNVERIFIED_DEPOT_ALLOCATION_EAST,EAST_SECTION_12_STATIONS_ONLY,INDICATIVE_HEADWAY_SCHEDULE,UNVALIDATED_LACKS_BLOCK_INTERLOCKING_WHOLE_RING,"Covers only 12 East stations (Y29-Y01); lacks whole-ring loop, depot throat tracks, block signals, and interlocking models; short-turn Y22-Y38 incorrectly traverses all 12 stations."
956,TR-CW-031,EMU-CW-04,CLOCKWISE,EAST_SECTION_INDICATIVE_PATTERN,Y36,32040,08:54:00,45,32085,08:54:45,85,Y36-T1,R-Y36-CW,UNVERIFIED_DEPOT_ALLOCATION_SOUTH,EAST_SECTION_12_STATIONS_ONLY,INDICATIVE_HEADWAY_SCHEDULE,UNVALIDATED_LACKS_BLOCK_INTERLOCKING_WHOLE_RING,"Covers only 12 East stations (Y29-Y01); lacks whole-ring loop, depot throat tracks, block signals, and interlocking models."
443,TR-CCW-037,EMU-CCW-03,COUNTERCLOCKWISE,EAST_SECTION_INDICATIVE_PATTERN,Y30,32044,08:54:04,30,32074,08:54:34,89,Y30-T2,R-Y30-CCW,UNVERIFIED_DEPOT_ALLOCATION_SOUTH,EAST_SECTION_12_STATIONS_ONLY,INDICATIVE_HEADWAY_SCHEDULE,UNVALIDATED_LACKS_BLOCK_INTERLOCKING_WHOLE_RING,"Covers only 12 East stations (Y29-Y01); lacks whole-ring loop, depot throat tracks, block signals, and interlocking models; short-turn Y22-Y38 incorrectly traverses all 12 stations."
998,TR-CW-035,EMU-CW-08,CLOCKWISE,EAST_SECTION_INDICATIVE_PATTERN,Y30,32066,08:54:26,30,32096,08:54:56,92,Y30-T1,R-Y30-CW,UNVERIFIED_DEPOT_ALLOCATION_SOUTH,EAST_SECTION_12_STATIONS_ONLY,INDICATIVE_HEADWAY_SCHEDULE,UNVALIDATED_LACKS_BLOCK_INTERLOCKING_WHOLE_RING,"Covers only 12 East stations (Y29-Y01); lacks whole-ring loop, depot throat tracks, block signals, and interlocking models."
967,TR-CW-032,EMU-CW-05,CLOCKWISE,EAST_SECTION_INDICATIVE_PATTERN,Y35,32070,08:54:30,45,32115,08:55:15,123,Y35-T1,R-Y35-CW,UNVERIFIED_DEPOT_ALLOCATION_SOUTH,EAST_SECTION_12_STATIONS_ONLY,INDICATIVE_HEADWAY_SCHEDULE,UNVALIDATED_LACKS_BLOCK_INTERLOCKING_WHOLE_RING,"Covers only 12 East stations (Y29-Y01); lacks whole-ring loop, depot throat tracks, block signals, and interlocking models."
454,TR-CCW-038,EMU-CCW-04,COUNTERCLOCKWISE,EAST_SECTION_INDICATIVE_PATTERN,Y31,32072,08:54:32,30,32102,08:55:02,92,Y31-T2,R-Y31-CCW,UNVERIFIED_DEPOT_ALLOCATION_SOUTH,EAST_SECTION_12_STATIONS_ONLY,INDICATIVE_HEADWAY_SCHEDULE,UNVALIDATED_LACKS_BLOCK_INTERLOCKING_WHOLE_RING,"Covers only 12 East stations (Y29-Y01); lacks whole-ring loop, depot throat tracks, block signals, and interlocking models; short-turn Y22-Y38 incorrectly traverses all 12 stations."
935,TR-CW-029,EMU-CW-02,CLOCKWISE,EAST_SECTION_INDICATIVE_PATTERN,Y39,32084,08:54:44,30,32114,08:55:14,193,Y39-T1,R-Y39-CW,UNVERIFIED_DEPOT_ALLOCATION_SOUTH,EAST_SECTION_12_STATIONS_ONLY,INDICATIVE_HEADWAY_SCHEDULE,UNVALIDATED_LACKS_BLOCK_INTERLOCKING_WHOLE_RING,"Covers only 12 East stations (Y29-Y01); lacks whole-ring loop, depot throat tracks, block signals, and interlocking models."
988,TR-CW-034,EMU-CW-07,CLOCKWISE,EAST_SECTION_INDICATIVE_PATTERN,Y32,32092,08:54:52,30,32122,08:55:22,87,Y32-T1,R-Y32-CW,UNVERIFIED_DEPOT_ALLOCATION_SOUTH,EAST_SECTION_12_STATIONS_ONLY,INDICATIVE_HEADWAY_SCHEDULE,UNVALIDATED_LACKS_BLOCK_INTERLOCKING_WHOLE_RING,"Covers only 12 East stations (Y29-Y01); lacks whole-ring loop, depot throat tracks, block signals, and interlocking models."
553,TR-CCW-047,EMU-CCW-13,COUNTERCLOCKWISE,EAST_SECTION_INDICATIVE_PATTERN,Y01,32100,08:55:00,45,32145,08:55:45,193,Y01-T2,R-Y01-CCW,UNVERIFIED_DEPOT_ALLOCATION_SOUTH,EAST_SECTION_12_STATIONS_ONLY,INDICATIVE_HEADWAY_SCHEDULE,UNVALIDATED_LACKS_BLOCK_INTERLOCKING_WHOLE_RING,"Covers only 12 East stations (Y29-Y01); lacks whole-ring loop, depot throat tracks, block signals, and interlocking models; short-turn Y22-Y38 incorrectly traverses all 12 stations."
924,TR-CW-028,EMU-CW-01,CLOCKWISE,EAST_SECTION_INDICATIVE_PATTERN,Y01,32109,08:55:09,45,32154,08:55:54,0,Y01-T1,R-Y01-CW,UNVERIFIED_DEPOT_ALLOCATION_SOUTH,EAST_SECTION_12_STATIONS_ONLY,INDICATIVE_HEADWAY_SCHEDULE,UNVALIDATED_LACKS_BLOCK_INTERLOCKING_WHOLE_RING,"Covers only 12 East stations (Y29-Y01); lacks whole-ring loop, depot throat tracks, block signals, and interlocking models."
465,TR-CCW-039,EMU-CCW-05,COUNTERCLOCKWISE,SHORT_TURN_Y22_Y38,Y32,32120,08:55:20,30,32150,08:55:50,72,Y32-T2,R-Y32-CCW,UNVERIFIED_DEPOT_ALLOCATION_EAST,EAST_SECTION_12_STATIONS_ONLY,INDICATIVE_HEADWAY_SCHEDULE,UNVALIDATED_LACKS_BLOCK_INTERLOCKING_WHOLE_RING,"Covers only 12 East stations (Y29-Y01); lacks whole-ring loop, depot throat tracks, block signals, and interlocking models; short-turn Y22-Y38 incorrectly traverses all 12 stations."
1009,TR-CW-036,EMU-CW-09,CLOCKWISE,EAST_SECTION_INDICATIVE_PATTERN,Y29,32130,08:55:30,45,32175,08:56:15,89,Y29-T1,R-Y29-CW,UNVERIFIED_DEPOT_ALLOCATION_SOUTH,EAST_SECTION_12_STATIONS_ONLY,INDICATIVE_HEADWAY_SCHEDULE,UNVALIDATED_LACKS_BLOCK_INTERLOCKING_WHOLE_RING,"Covers only 12 East stations (Y29-Y01); lacks whole-ring loop, depot throat tracks, block signals, and interlocking models."
476,TR-CCW-040,EMU-CCW-06,COUNTERCLOCKWISE,EAST_SECTION_INDICATIVE_PATTERN,Y33,32138,08:55:38,45,32183,08:56:23,87,Y33-T2,R-Y33-CCW,UNVERIFIED_DEPOT_ALLOCATION_SOUTH,EAST_SECTION_12_STATIONS_ONLY,INDICATIVE_HEADWAY_SCHEDULE,UNVALIDATED_LACKS_BLOCK_INTERLOCKING_WHOLE_RING,"Covers only 12 East stations (Y29-Y01); lacks whole-ring loop, depot throat tracks, block signals, and interlocking models; short-turn Y22-Y38 incorrectly traverses all 12 stations."
946,TR-CW-030,EMU-CW-03,CLOCKWISE,EAST_SECTION_INDICATIVE_PATTERN,Y38,32145,08:55:45,45,32190,08:56:30,92,Y38-T1,R-Y38-CW,UNVERIFIED_DEPOT_ALLOCATION_SOUTH,EAST_SECTION_12_STATIONS_ONLY,INDICATIVE_HEADWAY_SCHEDULE,UNVALIDATED_LACKS_BLOCK_INTERLOCKING_WHOLE_RING,"Covers only 12 East stations (Y29-Y01); lacks whole-ring loop, depot throat tracks, block signals, and interlocking models."
978,TR-CW-033,EMU-CW-06,CLOCKWISE,EAST_SECTION_INDICATIVE_PATTERN,Y34,32150,08:55:50,30,32180,08:56:20,88,Y34-T1,R-Y34-CW,UNVERIFIED_DEPOT_ALLOCATION_SOUTH,EAST_SECTION_12_STATIONS_ONLY,INDICATIVE_HEADWAY_SCHEDULE,UNVALIDATED_LACKS_BLOCK_INTERLOCKING_WHOLE_RING,"Covers only 12 East stations (Y29-Y01); lacks whole-ring loop, depot throat tracks, block signals, and interlocking models."
531,TR-CCW-045,EMU-CCW-11,COUNTERCLOCKWISE,SHORT_TURN_Y22_Y38,Y38,32160,08:56:00,45,32205,08:56:45,128,Y38-T2,R-Y38-CCW,UNVERIFIED_DEPOT_ALLOCATION_EAST,EAST_SECTION_12_STATIONS_ONLY,INDICATIVE_HEADWAY_SCHEDULE,UNVALIDATED_LACKS_BLOCK_INTERLOCKING_WHOLE_RING,"Covers only 12 East stations (Y29-Y01); lacks whole-ring loop, depot throat tracks, block signals, and interlocking models; short-turn Y22-Y38 incorrectly traverses all 12 stations."
444,TR-CCW-037,EMU-CCW-03,COUNTERCLOCKWISE,EAST_SECTION_INDICATIVE_PATTERN,Y29,32163,08:56:03,45,32208,08:56:48,0,Y29-T2,R-Y29-CCW,UNVERIFIED_DEPOT_ALLOCATION_SOUTH,EAST_SECTION_12_STATIONS_ONLY,INDICATIVE_HEADWAY_SCHEDULE,UNVALIDATED_LACKS_BLOCK_INTERLOCKING_WHOLE_RING,"Covers only 12 East stations (Y29-Y01); lacks whole-ring loop, depot throat tracks, block signals, and interlocking models; short-turn Y22-Y38 incorrectly traverses all 12 stations."
509,TR-CCW-043,EMU-CCW-09,COUNTERCLOCKWISE,EAST_SECTION_INDICATIVE_PATTERN,Y36,32163,08:56:03,45,32208,08:56:48,123,Y36-T2,R-Y36-CCW,UNVERIFIED_DEPOT_ALLOCATION_SOUTH,EAST_SECTION_12_STATIONS_ONLY,INDICATIVE_HEADWAY_SCHEDULE,UNVALIDATED_LACKS_BLOCK_INTERLOCKING_WHOLE_RING,"Covers only 12 East stations (Y29-Y01); lacks whole-ring loop, depot throat tracks, block signals, and interlocking models; short-turn Y22-Y38 incorrectly traverses all 12 stations."
487,TR-CCW-041,EMU-CCW-07,COUNTERCLOCKWISE,EAST_SECTION_INDICATIVE_PATTERN,Y34,32164,08:56:04,30,32194,08:56:34,94,Y34-T2,R-Y34-CCW,UNVERIFIED_DEPOT_ALLOCATION_SOUTH,EAST_SECTION_12_STATIONS_ONLY,INDICATIVE_HEADWAY_SCHEDULE,UNVALIDATED_LACKS_BLOCK_INTERLOCKING_WHOLE_RING,"Covers only 12 East stations (Y29-Y01); lacks whole-ring loop, depot throat tracks, block signals, and interlocking models; short-turn Y22-Y38 incorrectly traverses all 12 stations."
957,TR-CW-031,EMU-CW-04,CLOCKWISE,EAST_SECTION_INDICATIVE_PATTERN,Y37,32170,08:56:10,45,32215,08:56:55,128,Y37-T1,R-Y37-CW,UNVERIFIED_DEPOT_ALLOCATION_SOUTH,EAST_SECTION_12_STATIONS_ONLY,INDICATIVE_HEADWAY_SCHEDULE,UNVALIDATED_LACKS_BLOCK_INTERLOCKING_WHOLE_RING,"Covers only 12 East stations (Y29-Y01); lacks whole-ring loop, depot throat tracks, block signals, and interlocking models."
498,TR-CCW-042,EMU-CCW-08,COUNTERCLOCKWISE,SHORT_TURN_Y22_Y38,Y35,32181,08:56:21,45,32226,08:57:06,88,Y35-T2,R-Y35-CCW,UNVERIFIED_DEPOT_ALLOCATION_EAST,EAST_SECTION_12_STATIONS_ONLY,INDICATIVE_HEADWAY_SCHEDULE,UNVALIDATED_LACKS_BLOCK_INTERLOCKING_WHOLE_RING,"Covers only 12 East stations (Y29-Y01); lacks whole-ring loop, depot throat tracks, block signals, and interlocking models; short-turn Y22-Y38 incorrectly traverses all 12 stations."
520,TR-CCW-044,EMU-CCW-10,COUNTERCLOCKWISE,EAST_SECTION_INDICATIVE_PATTERN,Y37,32183,08:56:23,45,32228,08:57:08,85,Y37-T2,R-Y37-CCW,UNVERIFIED_DEPOT_ALLOCATION_SOUTH,EAST_SECTION_12_STATIONS_ONLY,INDICATIVE_HEADWAY_SCHEDULE,UNVALIDATED_LACKS_BLOCK_INTERLOCKING_WHOLE_RING,"Covers only 12 East stations (Y29-Y01); lacks whole-ring loop, depot throat tracks, block signals, and interlocking models; short-turn Y22-Y38 incorrectly traverses all 12 stations."
542,TR-CCW-046,EMU-CCW-12,COUNTERCLOCKWISE,EAST_SECTION_INDICATIVE_PATTERN,Y39,32188,08:56:28,30,32218,08:56:58,92,Y39-T2,R-Y39-CCW,UNVERIFIED_DEPOT_ALLOCATION_SOUTH,EAST_SECTION_12_STATIONS_ONLY,INDICATIVE_HEADWAY_SCHEDULE,UNVALIDATED_LACKS_BLOCK_INTERLOCKING_WHOLE_RING,"Covers only 12 East stations (Y29-Y01); lacks whole-ring loop, depot throat tracks, block signals, and interlocking models; short-turn Y22-Y38 incorrectly traverses all 12 stations."
999,TR-CW-035,EMU-CW-08,CLOCKWISE,EAST_SECTION_INDICATIVE_PATTERN,Y31,32188,08:56:28,30,32218,08:56:58,72,Y31-T1,R-Y31-CW,UNVERIFIED_DEPOT_ALLOCATION_SOUTH,EAST_SECTION_12_STATIONS_ONLY,INDICATIVE_HEADWAY_SCHEDULE,UNVALIDATED_LACKS_BLOCK_INTERLOCKING_WHOLE_RING,"Covers only 12 East stations (Y29-Y01); lacks whole-ring loop, depot throat tracks, block signals, and interlocking models."
455,TR-CCW-038,EMU-CCW-04,COUNTERCLOCKWISE,EAST_SECTION_INDICATIVE_PATTERN,Y30,32194,08:56:34,30,32224,08:57:04,89,Y30-T2,R-Y30-CCW,UNVERIFIED_DEPOT_ALLOCATION_SOUTH,EAST_SECTION_12_STATIONS_ONLY,INDICATIVE_HEADWAY_SCHEDULE,UNVALIDATED_LACKS_BLOCK_INTERLOCKING_WHOLE_RING,"Covers only 12 East stations (Y29-Y01); lacks whole-ring loop, depot throat tracks, block signals, and interlocking models; short-turn Y22-Y38 incorrectly traverses all 12 stations."
989,TR-CW-034,EMU-CW-07,CLOCKWISE,EAST_SECTION_INDICATIVE_PATTERN,Y33,32209,08:56:49,45,32254,08:57:34,94,Y33-T1,R-Y33-CW,UNVERIFIED_DEPOT_ALLOCATION_SOUTH,EAST_SECTION_12_STATIONS_ONLY,INDICATIVE_HEADWAY_SCHEDULE,UNVALIDATED_LACKS_BLOCK_INTERLOCKING_WHOLE_RING,"Covers only 12 East stations (Y29-Y01); lacks whole-ring loop, depot throat tracks, block signals, and interlocking models."
466,TR-CCW-039,EMU-CCW-05,COUNTERCLOCKWISE,SHORT_TURN_Y22_Y38,Y31,32222,08:57:02,30,32252,08:57:32,92,Y31-T2,R-Y31-CCW,UNVERIFIED_DEPOT_ALLOCATION_EAST,EAST_SECTION_12_STATIONS_ONLY,INDICATIVE_HEADWAY_SCHEDULE,UNVALIDATED_LACKS_BLOCK_INTERLOCKING_WHOLE_RING,"Covers only 12 East stations (Y29-Y01); lacks whole-ring loop, depot throat tracks, block signals, and interlocking models; short-turn Y22-Y38 incorrectly traverses all 12 stations."
968,TR-CW-032,EMU-CW-05,CLOCKWISE,EAST_SECTION_INDICATIVE_PATTERN,Y36,32238,08:57:18,45,32283,08:58:03,85,Y36-T1,R-Y36-CW,UNVERIFIED_DEPOT_ALLOCATION_SOUTH,EAST_SECTION_12_STATIONS_ONLY,INDICATIVE_HEADWAY_SCHEDULE,UNVALIDATED_LACKS_BLOCK_INTERLOCKING_WHOLE_RING,"Covers only 12 East stations (Y29-Y01); lacks whole-ring loop, depot throat tracks, block signals, and interlocking models."
565,TR-CCW-048,EMU-CCW-14,COUNTERCLOCKWISE,SHORT_TURN_Y22_Y38,Y01,32250,08:57:30,45,32295,08:58:15,193,Y01-T2,R-Y01-CCW,UNVERIFIED_DEPOT_ALLOCATION_EAST,EAST_SECTION_12_STATIONS_ONLY,INDICATIVE_HEADWAY_SCHEDULE,UNVALIDATED_LACKS_BLOCK_INTERLOCKING_WHOLE_RING,"Covers only 12 East stations (Y29-Y01); lacks whole-ring loop, depot throat tracks, block signals, and interlocking models; short-turn Y22-Y38 incorrectly traverses all 12 stations."
1010,TR-CW-036,EMU-CW-09,CLOCKWISE,EAST_SECTION_INDICATIVE_PATTERN,Y30,32264,08:57:44,30,32294,08:58:14,92,Y30-T1,R-Y30-CW,UNVERIFIED_DEPOT_ALLOCATION_SOUTH,EAST_SECTION_12_STATIONS_ONLY,INDICATIVE_HEADWAY_SCHEDULE,UNVALIDATED_LACKS_BLOCK_INTERLOCKING_WHOLE_RING,"Covers only 12 East stations (Y29-Y01); lacks whole-ring loop, depot throat tracks, block signals, and interlocking models."
979,TR-CW-033,EMU-CW-06,CLOCKWISE,EAST_SECTION_INDICATIVE_PATTERN,Y35,32268,08:57:48,45,32313,08:58:33,123,Y35-T1,R-Y35-CW,UNVERIFIED_DEPOT_ALLOCATION_SOUTH,EAST_SECTION_12_STATIONS_ONLY,INDICATIVE_HEADWAY_SCHEDULE,UNVALIDATED_LACKS_BLOCK_INTERLOCKING_WHOLE_RING,"Covers only 12 East stations (Y29-Y01); lacks whole-ring loop, depot throat tracks, block signals, and interlocking models."
477,TR-CCW-040,EMU-CCW-06,COUNTERCLOCKWISE,EAST_SECTION_INDICATIVE_PATTERN,Y32,32270,08:57:50,30,32300,08:58:20,72,Y32-T2,R-Y32-CCW,UNVERIFIED_DEPOT_ALLOCATION_SOUTH,EAST_SECTION_12_STATIONS_ONLY,INDICATIVE_HEADWAY_SCHEDULE,UNVALIDATED_LACKS_BLOCK_INTERLOCKING_WHOLE_RING,"Covers only 12 East stations (Y29-Y01); lacks whole-ring loop, depot throat tracks, block signals, and interlocking models; short-turn Y22-Y38 incorrectly traverses all 12 stations."
947,TR-CW-030,EMU-CW-03,CLOCKWISE,EAST_SECTION_INDICATIVE_PATTERN,Y39,32282,08:58:02,30,32312,08:58:32,193,Y39-T1,R-Y39-CW,UNVERIFIED_DEPOT_ALLOCATION_SOUTH,EAST_SECTION_12_STATIONS_ONLY,INDICATIVE_HEADWAY_SCHEDULE,UNVALIDATED_LACKS_BLOCK_INTERLOCKING_WHOLE_RING,"Covers only 12 East stations (Y29-Y01); lacks whole-ring loop, depot throat tracks, block signals, and interlocking models."
488,TR-CCW-041,EMU-CCW-07,COUNTERCLOCKWISE,EAST_SECTION_INDICATIVE_PATTERN,Y33,32288,08:58:08,45,32333,08:58:53,87,Y33-T2,R-Y33-CCW,UNVERIFIED_DEPOT_ALLOCATION_SOUTH,EAST_SECTION_12_STATIONS_ONLY,INDICATIVE_HEADWAY_SCHEDULE,UNVALIDATED_LACKS_BLOCK_INTERLOCKING_WHOLE_RING,"Covers only 12 East stations (Y29-Y01); lacks whole-ring loop, depot throat tracks, block signals, and interlocking models; short-turn Y22-Y38 incorrectly traverses all 12 stations."
1000,TR-CW-035,EMU-CW-08,CLOCKWISE,EAST_SECTION_INDICATIVE_PATTERN,Y32,32290,08:58:10,30,32320,08:58:40,87,Y32-T1,R-Y32-CW,UNVERIFIED_DEPOT_ALLOCATION_SOUTH,EAST_SECTION_12_STATIONS_ONLY,INDICATIVE_HEADWAY_SCHEDULE,UNVALIDATED_LACKS_BLOCK_INTERLOCKING_WHOLE_RING,"Covers only 12 East stations (Y29-Y01); lacks whole-ring loop, depot throat tracks, block signals, and interlocking models."
936,TR-CW-029,EMU-CW-02,CLOCKWISE,EAST_SECTION_INDICATIVE_PATTERN,Y01,32307,08:58:27,45,32352,08:59:12,0,Y01-T1,R-Y01-CW,UNVERIFIED_DEPOT_ALLOCATION_SOUTH,EAST_SECTION_12_STATIONS_ONLY,INDICATIVE_HEADWAY_SCHEDULE,UNVALIDATED_LACKS_BLOCK_INTERLOCKING_WHOLE_RING,"Covers only 12 East stations (Y29-Y01); lacks whole-ring loop, depot throat tracks, block signals, and interlocking models."
543,TR-CCW-046,EMU-CCW-12,COUNTERCLOCKWISE,EAST_SECTION_INDICATIVE_PATTERN,Y38,32310,08:58:30,45,32355,08:59:15,128,Y38-T2,R-Y38-CCW,UNVERIFIED_DEPOT_ALLOCATION_SOUTH,EAST_SECTION_12_STATIONS_ONLY,INDICATIVE_HEADWAY_SCHEDULE,UNVALIDATED_LACKS_BLOCK_INTERLOCKING_WHOLE_RING,"Covers only 12 East stations (Y29-Y01); lacks whole-ring loop, depot throat tracks, block signals, and interlocking models; short-turn Y22-Y38 incorrectly traverses all 12 stations."
456,TR-CCW-038,EMU-CCW-04,COUNTERCLOCKWISE,EAST_SECTION_INDICATIVE_PATTERN,Y29,32313,08:58:33,45,32358,08:59:18,0,Y29-T2,R-Y29-CCW,UNVERIFIED_DEPOT_ALLOCATION_SOUTH,EAST_SECTION_12_STATIONS_ONLY,INDICATIVE_HEADWAY_SCHEDULE,UNVALIDATED_LACKS_BLOCK_INTERLOCKING_WHOLE_RING,"Covers only 12 East stations (Y29-Y01); lacks whole-ring loop, depot throat tracks, block signals, and interlocking models; short-turn Y22-Y38 incorrectly traverses all 12 stations."
521,TR-CCW-044,EMU-CCW-10,COUNTERCLOCKWISE,EAST_SECTION_INDICATIVE_PATTERN,Y36,32313,08:58:33,45,32358,08:59:18,123,Y36-T2,R-Y36-CCW,UNVERIFIED_DEPOT_ALLOCATION_SOUTH,EAST_SECTION_12_STATIONS_ONLY,INDICATIVE_HEADWAY_SCHEDULE,UNVALIDATED_LACKS_BLOCK_INTERLOCKING_WHOLE_RING,"Covers only 12 East stations (Y29-Y01); lacks whole-ring loop, depot throat tracks, block signals, and interlocking models; short-turn Y22-Y38 incorrectly traverses all 12 stations."
499,TR-CCW-042,EMU-CCW-08,COUNTERCLOCKWISE,SHORT_TURN_Y22_Y38,Y34,32314,08:58:34,30,32344,08:59:04,94,Y34-T2,R-Y34-CCW,UNVERIFIED_DEPOT_ALLOCATION_EAST,EAST_SECTION_12_STATIONS_ONLY,INDICATIVE_HEADWAY_SCHEDULE,UNVALIDATED_LACKS_BLOCK_INTERLOCKING_WHOLE_RING,"Covers only 12 East stations (Y29-Y01); lacks whole-ring loop, depot throat tracks, block signals, and interlocking models; short-turn Y22-Y38 incorrectly traverses all 12 stations."
1021,TR-CW-037,EMU-CW-10,CLOCKWISE,EAST_SECTION_INDICATIVE_PATTERN,Y29,32328,08:58:48,45,32373,08:59:33,89,Y29-T1,R-Y29-CW,UNVERIFIED_DEPOT_ALLOCATION_SOUTH,EAST_SECTION_12_STATIONS_ONLY,INDICATIVE_HEADWAY_SCHEDULE,UNVALIDATED_LACKS_BLOCK_INTERLOCKING_WHOLE_RING,"Covers only 12 East stations (Y29-Y01); lacks whole-ring loop, depot throat tracks, block signals, and interlocking models."
510,TR-CCW-043,EMU-CCW-09,COUNTERCLOCKWISE,EAST_SECTION_INDICATIVE_PATTERN,Y35,32331,08:58:51,45,32376,08:59:36,88,Y35-T2,R-Y35-CCW,UNVERIFIED_DEPOT_ALLOCATION_SOUTH,EAST_SECTION_12_STATIONS_ONLY,INDICATIVE_HEADWAY_SCHEDULE,UNVALIDATED_LACKS_BLOCK_INTERLOCKING_WHOLE_RING,"Covers only 12 East stations (Y29-Y01); lacks whole-ring loop, depot throat tracks, block signals, and interlocking models; short-turn Y22-Y38 incorrectly traverses all 12 stations."
532,TR-CCW-045,EMU-CCW-11,COUNTERCLOCKWISE,SHORT_TURN_Y22_Y38,Y37,32333,08:58:53,45,32378,08:59:38,85,Y37-T2,R-Y37-CCW,UNVERIFIED_DEPOT_ALLOCATION_EAST,EAST_SECTION_12_STATIONS_ONLY,INDICATIVE_HEADWAY_SCHEDULE,UNVALIDATED_LACKS_BLOCK_INTERLOCKING_WHOLE_RING,"Covers only 12 East stations (Y29-Y01); lacks whole-ring loop, depot throat tracks, block signals, and interlocking models; short-turn Y22-Y38 incorrectly traverses all 12 stations."
554,TR-CCW-047,EMU-CCW-13,COUNTERCLOCKWISE,EAST_SECTION_INDICATIVE_PATTERN,Y39,32338,08:58:58,30,32368,08:59:28,92,Y39-T2,R-Y39-CCW,UNVERIFIED_DEPOT_ALLOCATION_SOUTH,EAST_SECTION_12_STATIONS_ONLY,INDICATIVE_HEADWAY_SCHEDULE,UNVALIDATED_LACKS_BLOCK_INTERLOCKING_WHOLE_RING,"Covers only 12 East stations (Y29-Y01); lacks whole-ring loop, depot throat tracks, block signals, and interlocking models; short-turn Y22-Y38 incorrectly traverses all 12 stations."
958,TR-CW-031,EMU-CW-04,CLOCKWISE,EAST_SECTION_INDICATIVE_PATTERN,Y38,32343,08:59:03,45,32388,08:59:48,92,Y38-T1,R-Y38-CW,UNVERIFIED_DEPOT_ALLOCATION_SOUTH,EAST_SECTION_12_STATIONS_ONLY,INDICATIVE_HEADWAY_SCHEDULE,UNVALIDATED_LACKS_BLOCK_INTERLOCKING_WHOLE_RING,"Covers only 12 East stations (Y29-Y01); lacks whole-ring loop, depot throat tracks, block signals, and interlocking models."
467,TR-CCW-039,EMU-CCW-05,COUNTERCLOCKWISE,SHORT_TURN_Y22_Y38,Y30,32344,08:59:04,30,32374,08:59:34,89,Y30-T2,R-Y30-CCW,UNVERIFIED_DEPOT_ALLOCATION_EAST,EAST_SECTION_12_STATIONS_ONLY,INDICATIVE_HEADWAY_SCHEDULE,UNVALIDATED_LACKS_BLOCK_INTERLOCKING_WHOLE_RING,"Covers only 12 East stations (Y29-Y01); lacks whole-ring loop, depot throat tracks, block signals, and interlocking models; short-turn Y22-Y38 incorrectly traverses all 12 stations."
990,TR-CW-034,EMU-CW-07,CLOCKWISE,EAST_SECTION_INDICATIVE_PATTERN,Y34,32348,08:59:08,30,32378,08:59:38,88,Y34-T1,R-Y34-CW,UNVERIFIED_DEPOT_ALLOCATION_SOUTH,EAST_SECTION_12_STATIONS_ONLY,INDICATIVE_HEADWAY_SCHEDULE,UNVALIDATED_LACKS_BLOCK_INTERLOCKING_WHOLE_RING,"Covers only 12 East stations (Y29-Y01); lacks whole-ring loop, depot throat tracks, block signals, and interlocking models."
969,TR-CW-032,EMU-CW-05,CLOCKWISE,EAST_SECTION_INDICATIVE_PATTERN,Y37,32368,08:59:28,45,32413,09:00:13,128,Y37-T1,R-Y37-CW,UNVERIFIED_DEPOT_ALLOCATION_SOUTH,EAST_SECTION_12_STATIONS_ONLY,INDICATIVE_HEADWAY_SCHEDULE,UNVALIDATED_LACKS_BLOCK_INTERLOCKING_WHOLE_RING,"Covers only 12 East stations (Y29-Y01); lacks whole-ring loop, depot throat tracks, block signals, and interlocking models."
478,TR-CCW-040,EMU-CCW-06,COUNTERCLOCKWISE,EAST_SECTION_INDICATIVE_PATTERN,Y31,32372,08:59:32,30,32402,09:00:02,92,Y31-T2,R-Y31-CCW,UNVERIFIED_DEPOT_ALLOCATION_SOUTH,EAST_SECTION_12_STATIONS_ONLY,INDICATIVE_HEADWAY_SCHEDULE,UNVALIDATED_LACKS_BLOCK_INTERLOCKING_WHOLE_RING,"Covers only 12 East stations (Y29-Y01); lacks whole-ring loop, depot throat tracks, block signals, and interlocking models; short-turn Y22-Y38 incorrectly traverses all 12 stations."
1011,TR-CW-036,EMU-CW-09,CLOCKWISE,EAST_SECTION_INDICATIVE_PATTERN,Y31,32386,08:59:46,30,32416,09:00:16,72,Y31-T1,R-Y31-CW,UNVERIFIED_DEPOT_ALLOCATION_SOUTH,EAST_SECTION_12_STATIONS_ONLY,INDICATIVE_HEADWAY_SCHEDULE,UNVALIDATED_LACKS_BLOCK_INTERLOCKING_WHOLE_RING,"Covers only 12 East stations (Y29-Y01); lacks whole-ring loop, depot throat tracks, block signals, and interlocking models."
577,TR-CCW-049,EMU-CCW-15,COUNTERCLOCKWISE,EAST_SECTION_INDICATIVE_PATTERN,Y01,32400,09:00:00,45,32445,09:00:45,193,Y01-T2,R-Y01-CCW,UNVERIFIED_DEPOT_ALLOCATION_SOUTH,EAST_SECTION_12_STATIONS_ONLY,INDICATIVE_HEADWAY_SCHEDULE,UNVALIDATED_LACKS_BLOCK_INTERLOCKING_WHOLE_RING,"Covers only 12 East stations (Y29-Y01); lacks whole-ring loop, depot throat tracks, block signals, and interlocking models; short-turn Y22-Y38 incorrectly traverses all 12 stations."
1001,TR-CW-035,EMU-CW-08,CLOCKWISE,EAST_SECTION_INDICATIVE_PATTERN,Y33,32407,09:00:07,45,32452,09:00:52,94,Y33-T1,R-Y33-CW,UNVERIFIED_DEPOT_ALLOCATION_SOUTH,EAST_SECTION_12_STATIONS_ONLY,INDICATIVE_HEADWAY_SCHEDULE,UNVALIDATED_LACKS_BLOCK_INTERLOCKING_WHOLE_RING,"Covers only 12 East stations (Y29-Y01); lacks whole-ring loop, depot throat tracks, block signals, and interlocking models."
489,TR-CCW-041,EMU-CCW-07,COUNTERCLOCKWISE,EAST_SECTION_INDICATIVE_PATTERN,Y32,32420,09:00:20,30,32450,09:00:50,72,Y32-T2,R-Y32-CCW,UNVERIFIED_DEPOT_ALLOCATION_SOUTH,EAST_SECTION_12_STATIONS_ONLY,INDICATIVE_HEADWAY_SCHEDULE,UNVALIDATED_LACKS_BLOCK_INTERLOCKING_WHOLE_RING,"Covers only 12 East stations (Y29-Y01); lacks whole-ring loop, depot throat tracks, block signals, and interlocking models; short-turn Y22-Y38 incorrectly traverses all 12 stations."
980,TR-CW-033,EMU-CW-06,CLOCKWISE,EAST_SECTION_INDICATIVE_PATTERN,Y36,32436,09:00:36,45,32481,09:01:21,85,Y36-T1,R-Y36-CW,UNVERIFIED_DEPOT_ALLOCATION_SOUTH,EAST_SECTION_12_STATIONS_ONLY,INDICATIVE_HEADWAY_SCHEDULE,UNVALIDATED_LACKS_BLOCK_INTERLOCKING_WHOLE_RING,"Covers only 12 East stations (Y29-Y01); lacks whole-ring loop, depot throat tracks, block signals, and interlocking models."
500,TR-CCW-042,EMU-CCW-08,COUNTERCLOCKWISE,SHORT_TURN_Y22_Y38,Y33,32438,09:00:38,45,32483,09:01:23,87,Y33-T2,R-Y33-CCW,UNVERIFIED_DEPOT_ALLOCATION_EAST,EAST_SECTION_12_STATIONS_ONLY,INDICATIVE_HEADWAY_SCHEDULE,UNVALIDATED_LACKS_BLOCK_INTERLOCKING_WHOLE_RING,"Covers only 12 East stations (Y29-Y01); lacks whole-ring loop, depot throat tracks, block signals, and interlocking models; short-turn Y22-Y38 incorrectly traverses all 12 stations."
555,TR-CCW-047,EMU-CCW-13,COUNTERCLOCKWISE,EAST_SECTION_INDICATIVE_PATTERN,Y38,32460,09:01:00,45,32505,09:01:45,128,Y38-T2,R-Y38-CCW,UNVERIFIED_DEPOT_ALLOCATION_SOUTH,EAST_SECTION_12_STATIONS_ONLY,INDICATIVE_HEADWAY_SCHEDULE,UNVALIDATED_LACKS_BLOCK_INTERLOCKING_WHOLE_RING,"Covers only 12 East stations (Y29-Y01); lacks whole-ring loop, depot throat tracks, block signals, and interlocking models; short-turn Y22-Y38 incorrectly traverses all 12 stations."
1022,TR-CW-037,EMU-CW-10,CLOCKWISE,EAST_SECTION_INDICATIVE_PATTERN,Y30,32462,09:01:02,30,32492,09:01:32,92,Y30-T1,R-Y30-CW,UNVERIFIED_DEPOT_ALLOCATION_SOUTH,EAST_SECTION_12_STATIONS_ONLY,INDICATIVE_HEADWAY_SCHEDULE,UNVALIDATED_LACKS_BLOCK_INTERLOCKING_WHOLE_RING,"Covers only 12 East stations (Y29-Y01); lacks whole-ring loop, depot throat tracks, block signals, and interlocking models."
468,TR-CCW-039,EMU-CCW-05,COUNTERCLOCKWISE,SHORT_TURN_Y22_Y38,Y29,32463,09:01:03,45,32508,09:01:48,0,Y29-T2,R-Y29-CCW,UNVERIFIED_DEPOT_ALLOCATION_EAST,EAST_SECTION_12_STATIONS_ONLY,INDICATIVE_HEADWAY_SCHEDULE,UNVALIDATED_LACKS_BLOCK_INTERLOCKING_WHOLE_RING,"Covers only 12 East stations (Y29-Y01); lacks whole-ring loop, depot throat tracks, block signals, and interlocking models; short-turn Y22-Y38 incorrectly traverses all 12 stations."
533,TR-CCW-045,EMU-CCW-11,COUNTERCLOCKWISE,SHORT_TURN_Y22_Y38,Y36,32463,09:01:03,45,32508,09:01:48,123,Y36-T2,R-Y36-CCW,UNVERIFIED_DEPOT_ALLOCATION_EAST,EAST_SECTION_12_STATIONS_ONLY,INDICATIVE_HEADWAY_SCHEDULE,UNVALIDATED_LACKS_BLOCK_INTERLOCKING_WHOLE_RING,"Covers only 12 East stations (Y29-Y01); lacks whole-ring loop, depot throat tracks, block signals, and interlocking models; short-turn Y22-Y38 incorrectly traverses all 12 stations."
511,TR-CCW-043,EMU-CCW-09,COUNTERCLOCKWISE,EAST_SECTION_INDICATIVE_PATTERN,Y34,32464,09:01:04,30,32494,09:01:34,94,Y34-T2,R-Y34-CCW,UNVERIFIED_DEPOT_ALLOCATION_SOUTH,EAST_SECTION_12_STATIONS_ONLY,INDICATIVE_HEADWAY_SCHEDULE,UNVALIDATED_LACKS_BLOCK_INTERLOCKING_WHOLE_RING,"Covers only 12 East stations (Y29-Y01); lacks whole-ring loop, depot throat tracks, block signals, and interlocking models; short-turn Y22-Y38 incorrectly traverses all 12 stations."
991,TR-CW-034,EMU-CW-07,CLOCKWISE,EAST_SECTION_INDICATIVE_PATTERN,Y35,32466,09:01:06,45,32511,09:01:51,123,Y35-T1,R-Y35-CW,UNVERIFIED_DEPOT_ALLOCATION_SOUTH,EAST_SECTION_12_STATIONS_ONLY,INDICATIVE_HEADWAY_SCHEDULE,UNVALIDATED_LACKS_BLOCK_INTERLOCKING_WHOLE_RING,"Covers only 12 East stations (Y29-Y01); lacks whole-ring loop, depot throat tracks, block signals, and interlocking models."
959,TR-CW-031,EMU-CW-04,CLOCKWISE,EAST_SECTION_INDICATIVE_PATTERN,Y39,32480,09:01:20,30,32510,09:01:50,193,Y39-T1,R-Y39-CW,UNVERIFIED_DEPOT_ALLOCATION_SOUTH,EAST_SECTION_12_STATIONS_ONLY,INDICATIVE_HEADWAY_SCHEDULE,UNVALIDATED_LACKS_BLOCK_INTERLOCKING_WHOLE_RING,"Covers only 12 East stations (Y29-Y01); lacks whole-ring loop, depot throat tracks, block signals, and interlocking models."
522,TR-CCW-044,EMU-CCW-10,COUNTERCLOCKWISE,EAST_SECTION_INDICATIVE_PATTERN,Y35,32481,09:01:21,45,32526,09:02:06,88,Y35-T2,R-Y35-CCW,UNVERIFIED_DEPOT_ALLOCATION_SOUTH,EAST_SECTION_12_STATIONS_ONLY,INDICATIVE_HEADWAY_SCHEDULE,UNVALIDATED_LACKS_BLOCK_INTERLOCKING_WHOLE_RING,"Covers only 12 East stations (Y29-Y01); lacks whole-ring loop, depot throat tracks, block signals, and interlocking models; short-turn Y22-Y38 incorrectly traverses all 12 stations."
544,TR-CCW-046,EMU-CCW-12,COUNTERCLOCKWISE,EAST_SECTION_INDICATIVE_PATTERN,Y37,32483,09:01:23,45,32528,09:02:08,85,Y37-T2,R-Y37-CCW,UNVERIFIED_DEPOT_ALLOCATION_SOUTH,EAST_SECTION_12_STATIONS_ONLY,INDICATIVE_HEADWAY_SCHEDULE,UNVALIDATED_LACKS_BLOCK_INTERLOCKING_WHOLE_RING,"Covers only 12 East stations (Y29-Y01); lacks whole-ring loop, depot throat tracks, block signals, and interlocking models; short-turn Y22-Y38 incorrectly traverses all 12 stations."
566,TR-CCW-048,EMU-CCW-14,COUNTERCLOCKWISE,SHORT_TURN_Y22_Y38,Y39,32488,09:01:28,30,32518,09:01:58,92,Y39-T2,R-Y39-CCW,UNVERIFIED_DEPOT_ALLOCATION_EAST,EAST_SECTION_12_STATIONS_ONLY,INDICATIVE_HEADWAY_SCHEDULE,UNVALIDATED_LACKS_BLOCK_INTERLOCKING_WHOLE_RING,"Covers only 12 East stations (Y29-Y01); lacks whole-ring loop, depot throat tracks, block signals, and interlocking models; short-turn Y22-Y38 incorrectly traverses all 12 stations."
1012,TR-CW-036,EMU-CW-09,CLOCKWISE,EAST_SECTION_INDICATIVE_PATTERN,Y32,32488,09:01:28,30,32518,09:01:58,87,Y32-T1,R-Y32-CW,UNVERIFIED_DEPOT_ALLOCATION_SOUTH,EAST_SECTION_12_STATIONS_ONLY,INDICATIVE_HEADWAY_SCHEDULE,UNVALIDATED_LACKS_BLOCK_INTERLOCKING_WHOLE_RING,"Covers only 12 East stations (Y29-Y01); lacks whole-ring loop, depot throat tracks, block signals, and interlocking models."
479,TR-CCW-040,EMU-CCW-06,COUNTERCLOCKWISE,EAST_SECTION_INDICATIVE_PATTERN,Y30,32494,09:01:34,30,32524,09:02:04,89,Y30-T2,R-Y30-CCW,UNVERIFIED_DEPOT_ALLOCATION_SOUTH,EAST_SECTION_12_STATIONS_ONLY,INDICATIVE_HEADWAY_SCHEDULE,UNVALIDATED_LACKS_BLOCK_INTERLOCKING_WHOLE_RING,"Covers only 12 East stations (Y29-Y01); lacks whole-ring loop, depot throat tracks, block signals, and interlocking models; short-turn Y22-Y38 incorrectly traverses all 12 stations."
948,TR-CW-030,EMU-CW-03,CLOCKWISE,EAST_SECTION_INDICATIVE_PATTERN,Y01,32505,09:01:45,45,32550,09:02:30,0,Y01-T1,R-Y01-CW,UNVERIFIED_DEPOT_ALLOCATION_SOUTH,EAST_SECTION_12_STATIONS_ONLY,INDICATIVE_HEADWAY_SCHEDULE,UNVALIDATED_LACKS_BLOCK_INTERLOCKING_WHOLE_RING,"Covers only 12 East stations (Y29-Y01); lacks whole-ring loop, depot throat tracks, block signals, and interlocking models."
490,TR-CCW-041,EMU-CCW-07,COUNTERCLOCKWISE,EAST_SECTION_INDICATIVE_PATTERN,Y31,32522,09:02:02,30,32552,09:02:32,92,Y31-T2,R-Y31-CCW,UNVERIFIED_DEPOT_ALLOCATION_SOUTH,EAST_SECTION_12_STATIONS_ONLY,INDICATIVE_HEADWAY_SCHEDULE,UNVALIDATED_LACKS_BLOCK_INTERLOCKING_WHOLE_RING,"Covers only 12 East stations (Y29-Y01); lacks whole-ring loop, depot throat tracks, block signals, and interlocking models; short-turn Y22-Y38 incorrectly traverses all 12 stations."
970,TR-CW-032,EMU-CW-05,CLOCKWISE,EAST_SECTION_INDICATIVE_PATTERN,Y38,32541,09:02:21,45,32586,09:03:06,92,Y38-T1,R-Y38-CW,UNVERIFIED_DEPOT_ALLOCATION_SOUTH,EAST_SECTION_12_STATIONS_ONLY,INDICATIVE_HEADWAY_SCHEDULE,UNVALIDATED_LACKS_BLOCK_INTERLOCKING_WHOLE_RING,"Covers only 12 East stations (Y29-Y01); lacks whole-ring loop, depot throat tracks, block signals, and interlocking models."
1002,TR-CW-035,EMU-CW-08,CLOCKWISE,EAST_SECTION_INDICATIVE_PATTERN,Y34,32546,09:02:26,30,32576,09:02:56,88,Y34-T1,R-Y34-CW,UNVERIFIED_DEPOT_ALLOCATION_SOUTH,EAST_SECTION_12_STATIONS_ONLY,INDICATIVE_HEADWAY_SCHEDULE,UNVALIDATED_LACKS_BLOCK_INTERLOCKING_WHOLE_RING,"Covers only 12 East stations (Y29-Y01); lacks whole-ring loop, depot throat tracks, block signals, and interlocking models."
981,TR-CW-033,EMU-CW-06,CLOCKWISE,EAST_SECTION_INDICATIVE_PATTERN,Y37,32566,09:02:46,45,32611,09:03:31,128,Y37-T1,R-Y37-CW,UNVERIFIED_DEPOT_ALLOCATION_SOUTH,EAST_SECTION_12_STATIONS_ONLY,INDICATIVE_HEADWAY_SCHEDULE,UNVALIDATED_LACKS_BLOCK_INTERLOCKING_WHOLE_RING,"Covers only 12 East stations (Y29-Y01); lacks whole-ring loop, depot throat tracks, block signals, and interlocking models."
501,TR-CCW-042,EMU-CCW-08,COUNTERCLOCKWISE,SHORT_TURN_Y22_Y38,Y32,32570,09:02:50,30,32600,09:03:20,72,Y32-T2,R-Y32-CCW,UNVERIFIED_DEPOT_ALLOCATION_EAST,EAST_SECTION_12_STATIONS_ONLY,INDICATIVE_HEADWAY_SCHEDULE,UNVALIDATED_LACKS_BLOCK_INTERLOCKING_WHOLE_RING,"Covers only 12 East stations (Y29-Y01); lacks whole-ring loop, depot throat tracks, block signals, and interlocking models; short-turn Y22-Y38 incorrectly traverses all 12 stations."
1023,TR-CW-037,EMU-CW-10,CLOCKWISE,EAST_SECTION_INDICATIVE_PATTERN,Y31,32584,09:03:04,30,32614,09:03:34,72,Y31-T1,R-Y31-CW,UNVERIFIED_DEPOT_ALLOCATION_SOUTH,EAST_SECTION_12_STATIONS_ONLY,INDICATIVE_HEADWAY_SCHEDULE,UNVALIDATED_LACKS_BLOCK_INTERLOCKING_WHOLE_RING,"Covers only 12 East stations (Y29-Y01); lacks whole-ring loop, depot throat tracks, block signals, and interlocking models."
512,TR-CCW-043,EMU-CCW-09,COUNTERCLOCKWISE,EAST_SECTION_INDICATIVE_PATTERN,Y33,32588,09:03:08,45,32633,09:03:53,87,Y33-T2,R-Y33-CCW,UNVERIFIED_DEPOT_ALLOCATION_SOUTH,EAST_SECTION_12_STATIONS_ONLY,INDICATIVE_HEADWAY_SCHEDULE,UNVALIDATED_LACKS_BLOCK_INTERLOCKING_WHOLE_RING,"Covers only 12 East stations (Y29-Y01); lacks whole-ring loop, depot throat tracks, block signals, and interlocking models; short-turn Y22-Y38 incorrectly traverses all 12 stations."
1013,TR-CW-036,EMU-CW-09,CLOCKWISE,EAST_SECTION_INDICATIVE_PATTERN,Y33,32605,09:03:25,45,32650,09:04:10,94,Y33-T1,R-Y33-CW,UNVERIFIED_DEPOT_ALLOCATION_SOUTH,EAST_SECTION_12_STATIONS_ONLY,INDICATIVE_HEADWAY_SCHEDULE,UNVALIDATED_LACKS_BLOCK_INTERLOCKING_WHOLE_RING,"Covers only 12 East stations (Y29-Y01); lacks whole-ring loop, depot throat tracks, block signals, and interlocking models."
567,TR-CCW-048,EMU-CCW-14,COUNTERCLOCKWISE,SHORT_TURN_Y22_Y38,Y38,32610,09:03:30,45,32655,09:04:15,128,Y38-T2,R-Y38-CCW,UNVERIFIED_DEPOT_ALLOCATION_EAST,EAST_SECTION_12_STATIONS_ONLY,INDICATIVE_HEADWAY_SCHEDULE,UNVALIDATED_LACKS_BLOCK_INTERLOCKING_WHOLE_RING,"Covers only 12 East stations (Y29-Y01); lacks whole-ring loop, depot throat tracks, block signals, and interlocking models; short-turn Y22-Y38 incorrectly traverses all 12 stations."
480,TR-CCW-040,EMU-CCW-06,COUNTERCLOCKWISE,EAST_SECTION_INDICATIVE_PATTERN,Y29,32613,09:03:33,45,32658,09:04:18,0,Y29-T2,R-Y29-CCW,UNVERIFIED_DEPOT_ALLOCATION_SOUTH,EAST_SECTION_12_STATIONS_ONLY,INDICATIVE_HEADWAY_SCHEDULE,UNVALIDATED_LACKS_BLOCK_INTERLOCKING_WHOLE_RING,"Covers only 12 East stations (Y29-Y01); lacks whole-ring loop, depot throat tracks, block signals, and interlocking models; short-turn Y22-Y38 incorrectly traverses all 12 stations."
545,TR-CCW-046,EMU-CCW-12,COUNTERCLOCKWISE,EAST_SECTION_INDICATIVE_PATTERN,Y36,32613,09:03:33,45,32658,09:04:18,123,Y36-T2,R-Y36-CCW,UNVERIFIED_DEPOT_ALLOCATION_SOUTH,EAST_SECTION_12_STATIONS_ONLY,INDICATIVE_HEADWAY_SCHEDULE,UNVALIDATED_LACKS_BLOCK_INTERLOCKING_WHOLE_RING,"Covers only 12 East stations (Y29-Y01); lacks whole-ring loop, depot throat tracks, block signals, and interlocking models; short-turn Y22-Y38 incorrectly traverses all 12 stations."
523,TR-CCW-044,EMU-CCW-10,COUNTERCLOCKWISE,EAST_SECTION_INDICATIVE_PATTERN,Y34,32614,09:03:34,30,32644,09:04:04,94,Y34-T2,R-Y34-CCW,UNVERIFIED_DEPOT_ALLOCATION_SOUTH,EAST_SECTION_12_STATIONS_ONLY,INDICATIVE_HEADWAY_SCHEDULE,UNVALIDATED_LACKS_BLOCK_INTERLOCKING_WHOLE_RING,"Covers only 12 East stations (Y29-Y01); lacks whole-ring loop, depot throat tracks, block signals, and interlocking models; short-turn Y22-Y38 incorrectly traverses all 12 stations."
534,TR-CCW-045,EMU-CCW-11,COUNTERCLOCKWISE,SHORT_TURN_Y22_Y38,Y35,32631,09:03:51,45,32676,09:04:36,88,Y35-T2,R-Y35-CCW,UNVERIFIED_DEPOT_ALLOCATION_EAST,EAST_SECTION_12_STATIONS_ONLY,INDICATIVE_HEADWAY_SCHEDULE,UNVALIDATED_LACKS_BLOCK_INTERLOCKING_WHOLE_RING,"Covers only 12 East stations (Y29-Y01); lacks whole-ring loop, depot throat tracks, block signals, and interlocking models; short-turn Y22-Y38 incorrectly traverses all 12 stations."
556,TR-CCW-047,EMU-CCW-13,COUNTERCLOCKWISE,EAST_SECTION_INDICATIVE_PATTERN,Y37,32633,09:03:53,45,32678,09:04:38,85,Y37-T2,R-Y37-CCW,UNVERIFIED_DEPOT_ALLOCATION_SOUTH,EAST_SECTION_12_STATIONS_ONLY,INDICATIVE_HEADWAY_SCHEDULE,UNVALIDATED_LACKS_BLOCK_INTERLOCKING_WHOLE_RING,"Covers only 12 East stations (Y29-Y01); lacks whole-ring loop, depot throat tracks, block signals, and interlocking models; short-turn Y22-Y38 incorrectly traverses all 12 stations."
992,TR-CW-034,EMU-CW-07,CLOCKWISE,EAST_SECTION_INDICATIVE_PATTERN,Y36,32634,09:03:54,45,32679,09:04:39,85,Y36-T1,R-Y36-CW,UNVERIFIED_DEPOT_ALLOCATION_SOUTH,EAST_SECTION_12_STATIONS_ONLY,INDICATIVE_HEADWAY_SCHEDULE,UNVALIDATED_LACKS_BLOCK_INTERLOCKING_WHOLE_RING,"Covers only 12 East stations (Y29-Y01); lacks whole-ring loop, depot throat tracks, block signals, and interlocking models."
578,TR-CCW-049,EMU-CCW-15,COUNTERCLOCKWISE,EAST_SECTION_INDICATIVE_PATTERN,Y39,32638,09:03:58,30,32668,09:04:28,92,Y39-T2,R-Y39-CCW,UNVERIFIED_DEPOT_ALLOCATION_SOUTH,EAST_SECTION_12_STATIONS_ONLY,INDICATIVE_HEADWAY_SCHEDULE,UNVALIDATED_LACKS_BLOCK_INTERLOCKING_WHOLE_RING,"Covers only 12 East stations (Y29-Y01); lacks whole-ring loop, depot throat tracks, block signals, and interlocking models; short-turn Y22-Y38 incorrectly traverses all 12 stations."
491,TR-CCW-041,EMU-CCW-07,COUNTERCLOCKWISE,EAST_SECTION_INDICATIVE_PATTERN,Y30,32644,09:04:04,30,32674,09:04:34,89,Y30-T2,R-Y30-CCW,UNVERIFIED_DEPOT_ALLOCATION_SOUTH,EAST_SECTION_12_STATIONS_ONLY,INDICATIVE_HEADWAY_SCHEDULE,UNVALIDATED_LACKS_BLOCK_INTERLOCKING_WHOLE_RING,"Covers only 12 East stations (Y29-Y01); lacks whole-ring loop, depot throat tracks, block signals, and interlocking models; short-turn Y22-Y38 incorrectly traverses all 12 stations."
1003,TR-CW-035,EMU-CW-08,CLOCKWISE,EAST_SECTION_INDICATIVE_PATTERN,Y35,32664,09:04:24,45,32709,09:05:09,123,Y35-T1,R-Y35-CW,UNVERIFIED_DEPOT_ALLOCATION_SOUTH,EAST_SECTION_12_STATIONS_ONLY,INDICATIVE_HEADWAY_SCHEDULE,UNVALIDATED_LACKS_BLOCK_INTERLOCKING_WHOLE_RING,"Covers only 12 East stations (Y29-Y01); lacks whole-ring loop, depot throat tracks, block signals, and interlocking models."
502,TR-CCW-042,EMU-CCW-08,COUNTERCLOCKWISE,SHORT_TURN_Y22_Y38,Y31,32672,09:04:32,30,32702,09:05:02,92,Y31-T2,R-Y31-CCW,UNVERIFIED_DEPOT_ALLOCATION_EAST,EAST_SECTION_12_STATIONS_ONLY,INDICATIVE_HEADWAY_SCHEDULE,UNVALIDATED_LACKS_BLOCK_INTERLOCKING_WHOLE_RING,"Covers only 12 East stations (Y29-Y01); lacks whole-ring loop, depot throat tracks, block signals, and interlocking models; short-turn Y22-Y38 incorrectly traverses all 12 stations."
971,TR-CW-032,EMU-CW-05,CLOCKWISE,EAST_SECTION_INDICATIVE_PATTERN,Y39,32678,09:04:38,30,32708,09:05:08,193,Y39-T1,R-Y39-CW,UNVERIFIED_DEPOT_ALLOCATION_SOUTH,EAST_SECTION_12_STATIONS_ONLY,INDICATIVE_HEADWAY_SCHEDULE,UNVALIDATED_LACKS_BLOCK_INTERLOCKING_WHOLE_RING,"Covers only 12 East stations (Y29-Y01); lacks whole-ring loop, depot throat tracks, block signals, and interlocking models."
1024,TR-CW-037,EMU-CW-10,CLOCKWISE,EAST_SECTION_INDICATIVE_PATTERN,Y32,32686,09:04:46,30,32716,09:05:16,87,Y32-T1,R-Y32-CW,UNVERIFIED_DEPOT_ALLOCATION_SOUTH,EAST_SECTION_12_STATIONS_ONLY,INDICATIVE_HEADWAY_SCHEDULE,UNVALIDATED_LACKS_BLOCK_INTERLOCKING_WHOLE_RING,"Covers only 12 East stations (Y29-Y01); lacks whole-ring loop, depot throat tracks, block signals, and interlocking models."
960,TR-CW-031,EMU-CW-04,CLOCKWISE,EAST_SECTION_INDICATIVE_PATTERN,Y01,32703,09:05:03,45,32748,09:05:48,0,Y01-T1,R-Y01-CW,UNVERIFIED_DEPOT_ALLOCATION_SOUTH,EAST_SECTION_12_STATIONS_ONLY,INDICATIVE_HEADWAY_SCHEDULE,UNVALIDATED_LACKS_BLOCK_INTERLOCKING_WHOLE_RING,"Covers only 12 East stations (Y29-Y01); lacks whole-ring loop, depot throat tracks, block signals, and interlocking models."
513,TR-CCW-043,EMU-CCW-09,COUNTERCLOCKWISE,EAST_SECTION_INDICATIVE_PATTERN,Y32,32720,09:05:20,30,32750,09:05:50,72,Y32-T2,R-Y32-CCW,UNVERIFIED_DEPOT_ALLOCATION_SOUTH,EAST_SECTION_12_STATIONS_ONLY,INDICATIVE_HEADWAY_SCHEDULE,UNVALIDATED_LACKS_BLOCK_INTERLOCKING_WHOLE_RING,"Covers only 12 East stations (Y29-Y01); lacks whole-ring loop, depot throat tracks, block signals, and interlocking models; short-turn Y22-Y38 incorrectly traverses all 12 stations."
524,TR-CCW-044,EMU-CCW-10,COUNTERCLOCKWISE,EAST_SECTION_INDICATIVE_PATTERN,Y33,32738,09:05:38,45,32783,09:06:23,87,Y33-T2,R-Y33-CCW,UNVERIFIED_DEPOT_ALLOCATION_SOUTH,EAST_SECTION_12_STATIONS_ONLY,INDICATIVE_HEADWAY_SCHEDULE,UNVALIDATED_LACKS_BLOCK_INTERLOCKING_WHOLE_RING,"Covers only 12 East stations (Y29-Y01); lacks whole-ring loop, depot throat tracks, block signals, and interlocking models; short-turn Y22-Y38 incorrectly traverses all 12 stations."
982,TR-CW-033,EMU-CW-06,CLOCKWISE,EAST_SECTION_INDICATIVE_PATTERN,Y38,32739,09:05:39,45,32784,09:06:24,92,Y38-T1,R-Y38-CW,UNVERIFIED_DEPOT_ALLOCATION_SOUTH,EAST_SECTION_12_STATIONS_ONLY,INDICATIVE_HEADWAY_SCHEDULE,UNVALIDATED_LACKS_BLOCK_INTERLOCKING_WHOLE_RING,"Covers only 12 East stations (Y29-Y01); lacks whole-ring loop, depot throat tracks, block signals, and interlocking models."
1014,TR-CW-036,EMU-CW-09,CLOCKWISE,EAST_SECTION_INDICATIVE_PATTERN,Y34,32744,09:05:44,30,32774,09:06:14,88,Y34-T1,R-Y34-CW,UNVERIFIED_DEPOT_ALLOCATION_SOUTH,EAST_SECTION_12_STATIONS_ONLY,INDICATIVE_HEADWAY_SCHEDULE,UNVALIDATED_LACKS_BLOCK_INTERLOCKING_WHOLE_RING,"Covers only 12 East stations (Y29-Y01); lacks whole-ring loop, depot throat tracks, block signals, and interlocking models."
579,TR-CCW-049,EMU-CCW-15,COUNTERCLOCKWISE,EAST_SECTION_INDICATIVE_PATTERN,Y38,32760,09:06:00,45,32805,09:06:45,128,Y38-T2,R-Y38-CCW,UNVERIFIED_DEPOT_ALLOCATION_SOUTH,EAST_SECTION_12_STATIONS_ONLY,INDICATIVE_HEADWAY_SCHEDULE,UNVALIDATED_LACKS_BLOCK_INTERLOCKING_WHOLE_RING,"Covers only 12 East stations (Y29-Y01); lacks whole-ring loop, depot throat tracks, block signals, and interlocking models; short-turn Y22-Y38 incorrectly traverses all 12 stations."
492,TR-CCW-041,EMU-CCW-07,COUNTERCLOCKWISE,EAST_SECTION_INDICATIVE_PATTERN,Y29,32763,09:06:03,45,32808,09:06:48,0,Y29-T2,R-Y29-CCW,UNVERIFIED_DEPOT_ALLOCATION_SOUTH,EAST_SECTION_12_STATIONS_ONLY,INDICATIVE_HEADWAY_SCHEDULE,UNVALIDATED_LACKS_BLOCK_INTERLOCKING_WHOLE_RING,"Covers only 12 East stations (Y29-Y01); lacks whole-ring loop, depot throat tracks, block signals, and interlocking models; short-turn Y22-Y38 incorrectly traverses all 12 stations."
557,TR-CCW-047,EMU-CCW-13,COUNTERCLOCKWISE,EAST_SECTION_INDICATIVE_PATTERN,Y36,32763,09:06:03,45,32808,09:06:48,123,Y36-T2,R-Y36-CCW,UNVERIFIED_DEPOT_ALLOCATION_SOUTH,EAST_SECTION_12_STATIONS_ONLY,INDICATIVE_HEADWAY_SCHEDULE,UNVALIDATED_LACKS_BLOCK_INTERLOCKING_WHOLE_RING,"Covers only 12 East stations (Y29-Y01); lacks whole-ring loop, depot throat tracks, block signals, and interlocking models; short-turn Y22-Y38 incorrectly traverses all 12 stations."
535,TR-CCW-045,EMU-CCW-11,COUNTERCLOCKWISE,SHORT_TURN_Y22_Y38,Y34,32764,09:06:04,30,32794,09:06:34,94,Y34-T2,R-Y34-CCW,UNVERIFIED_DEPOT_ALLOCATION_EAST,EAST_SECTION_12_STATIONS_ONLY,INDICATIVE_HEADWAY_SCHEDULE,UNVALIDATED_LACKS_BLOCK_INTERLOCKING_WHOLE_RING,"Covers only 12 East stations (Y29-Y01); lacks whole-ring loop, depot throat tracks, block signals, and interlocking models; short-turn Y22-Y38 incorrectly traverses all 12 stations."
993,TR-CW-034,EMU-CW-07,CLOCKWISE,EAST_SECTION_INDICATIVE_PATTERN,Y37,32764,09:06:04,45,32809,09:06:49,128,Y37-T1,R-Y37-CW,UNVERIFIED_DEPOT_ALLOCATION_SOUTH,EAST_SECTION_12_STATIONS_ONLY,INDICATIVE_HEADWAY_SCHEDULE,UNVALIDATED_LACKS_BLOCK_INTERLOCKING_WHOLE_RING,"Covers only 12 East stations (Y29-Y01); lacks whole-ring loop, depot throat tracks, block signals, and interlocking models."
546,TR-CCW-046,EMU-CCW-12,COUNTERCLOCKWISE,EAST_SECTION_INDICATIVE_PATTERN,Y35,32781,09:06:21,45,32826,09:07:06,88,Y35-T2,R-Y35-CCW,UNVERIFIED_DEPOT_ALLOCATION_SOUTH,EAST_SECTION_12_STATIONS_ONLY,INDICATIVE_HEADWAY_SCHEDULE,UNVALIDATED_LACKS_BLOCK_INTERLOCKING_WHOLE_RING,"Covers only 12 East stations (Y29-Y01); lacks whole-ring loop, depot throat tracks, block signals, and interlocking models; short-turn Y22-Y38 incorrectly traverses all 12 stations."
568,TR-CCW-048,EMU-CCW-14,COUNTERCLOCKWISE,SHORT_TURN_Y22_Y38,Y37,32783,09:06:23,45,32828,09:07:08,85,Y37-T2,R-Y37-CCW,UNVERIFIED_DEPOT_ALLOCATION_EAST,EAST_SECTION_12_STATIONS_ONLY,INDICATIVE_HEADWAY_SCHEDULE,UNVALIDATED_LACKS_BLOCK_INTERLOCKING_WHOLE_RING,"Covers only 12 East stations (Y29-Y01); lacks whole-ring loop, depot throat tracks, block signals, and interlocking models; short-turn Y22-Y38 incorrectly traverses all 12 stations."
503,TR-CCW-042,EMU-CCW-08,COUNTERCLOCKWISE,SHORT_TURN_Y22_Y38,Y30,32794,09:06:34,30,32824,09:07:04,89,Y30-T2,R-Y30-CCW,UNVERIFIED_DEPOT_ALLOCATION_EAST,EAST_SECTION_12_STATIONS_ONLY,INDICATIVE_HEADWAY_SCHEDULE,UNVALIDATED_LACKS_BLOCK_INTERLOCKING_WHOLE_RING,"Covers only 12 East stations (Y29-Y01); lacks whole-ring loop, depot throat tracks, block signals, and interlocking models; short-turn Y22-Y38 incorrectly traverses all 12 stations."
1025,TR-CW-037,EMU-CW-10,CLOCKWISE,EAST_SECTION_INDICATIVE_PATTERN,Y33,32803,09:06:43,45,32848,09:07:28,94,Y33-T1,R-Y33-CW,UNVERIFIED_DEPOT_ALLOCATION_SOUTH,EAST_SECTION_12_STATIONS_ONLY,INDICATIVE_HEADWAY_SCHEDULE,UNVALIDATED_LACKS_BLOCK_INTERLOCKING_WHOLE_RING,"Covers only 12 East stations (Y29-Y01); lacks whole-ring loop, depot throat tracks, block signals, and interlocking models."
514,TR-CCW-043,EMU-CCW-09,COUNTERCLOCKWISE,EAST_SECTION_INDICATIVE_PATTERN,Y31,32822,09:07:02,30,32852,09:07:32,92,Y31-T2,R-Y31-CCW,UNVERIFIED_DEPOT_ALLOCATION_SOUTH,EAST_SECTION_12_STATIONS_ONLY,INDICATIVE_HEADWAY_SCHEDULE,UNVALIDATED_LACKS_BLOCK_INTERLOCKING_WHOLE_RING,"Covers only 12 East stations (Y29-Y01); lacks whole-ring loop, depot throat tracks, block signals, and interlocking models; short-turn Y22-Y38 incorrectly traverses all 12 stations."
1004,TR-CW-035,EMU-CW-08,CLOCKWISE,EAST_SECTION_INDICATIVE_PATTERN,Y36,32832,09:07:12,45,32877,09:07:57,85,Y36-T1,R-Y36-CW,UNVERIFIED_DEPOT_ALLOCATION_SOUTH,EAST_SECTION_12_STATIONS_ONLY,INDICATIVE_HEADWAY_SCHEDULE,UNVALIDATED_LACKS_BLOCK_INTERLOCKING_WHOLE_RING,"Covers only 12 East stations (Y29-Y01); lacks whole-ring loop, depot throat tracks, block signals, and interlocking models."
1015,TR-CW-036,EMU-CW-09,CLOCKWISE,EAST_SECTION_INDICATIVE_PATTERN,Y35,32862,09:07:42,45,32907,09:08:27,123,Y35-T1,R-Y35-CW,UNVERIFIED_DEPOT_ALLOCATION_SOUTH,EAST_SECTION_12_STATIONS_ONLY,INDICATIVE_HEADWAY_SCHEDULE,UNVALIDATED_LACKS_BLOCK_INTERLOCKING_WHOLE_RING,"Covers only 12 East stations (Y29-Y01); lacks whole-ring loop, depot throat tracks, block signals, and interlocking models."
525,TR-CCW-044,EMU-CCW-10,COUNTERCLOCKWISE,EAST_SECTION_INDICATIVE_PATTERN,Y32,32870,09:07:50,30,32900,09:08:20,72,Y32-T2,R-Y32-CCW,UNVERIFIED_DEPOT_ALLOCATION_SOUTH,EAST_SECTION_12_STATIONS_ONLY,INDICATIVE_HEADWAY_SCHEDULE,UNVALIDATED_LACKS_BLOCK_INTERLOCKING_WHOLE_RING,"Covers only 12 East stations (Y29-Y01); lacks whole-ring loop, depot throat tracks, block signals, and interlocking models; short-turn Y22-Y38 incorrectly traverses all 12 stations."
983,TR-CW-033,EMU-CW-06,CLOCKWISE,EAST_SECTION_INDICATIVE_PATTERN,Y39,32876,09:07:56,30,32906,09:08:26,193,Y39-T1,R-Y39-CW,UNVERIFIED_DEPOT_ALLOCATION_SOUTH,EAST_SECTION_12_STATIONS_ONLY,INDICATIVE_HEADWAY_SCHEDULE,UNVALIDATED_LACKS_BLOCK_INTERLOCKING_WHOLE_RING,"Covers only 12 East stations (Y29-Y01); lacks whole-ring loop, depot throat tracks, block signals, and interlocking models."
536,TR-CCW-045,EMU-CCW-11,COUNTERCLOCKWISE,SHORT_TURN_Y22_Y38,Y33,32888,09:08:08,45,32933,09:08:53,87,Y33-T2,R-Y33-CCW,UNVERIFIED_DEPOT_ALLOCATION_EAST,EAST_SECTION_12_STATIONS_ONLY,INDICATIVE_HEADWAY_SCHEDULE,UNVALIDATED_LACKS_BLOCK_INTERLOCKING_WHOLE_RING,"Covers only 12 East stations (Y29-Y01); lacks whole-ring loop, depot throat tracks, block signals, and interlocking models; short-turn Y22-Y38 incorrectly traverses all 12 stations."
972,TR-CW-032,EMU-CW-05,CLOCKWISE,EAST_SECTION_INDICATIVE_PATTERN,Y01,32901,09:08:21,45,32946,09:09:06,0,Y01-T1,R-Y01-CW,UNVERIFIED_DEPOT_ALLOCATION_SOUTH,EAST_SECTION_12_STATIONS_ONLY,INDICATIVE_HEADWAY_SCHEDULE,UNVALIDATED_LACKS_BLOCK_INTERLOCKING_WHOLE_RING,"Covers only 12 East stations (Y29-Y01); lacks whole-ring loop, depot throat tracks, block signals, and interlocking models."
504,TR-CCW-042,EMU-CCW-08,COUNTERCLOCKWISE,SHORT_TURN_Y22_Y38,Y29,32913,09:08:33,45,32958,09:09:18,0,Y29-T2,R-Y29-CCW,UNVERIFIED_DEPOT_ALLOCATION_EAST,EAST_SECTION_12_STATIONS_ONLY,INDICATIVE_HEADWAY_SCHEDULE,UNVALIDATED_LACKS_BLOCK_INTERLOCKING_WHOLE_RING,"Covers only 12 East stations (Y29-Y01); lacks whole-ring loop, depot throat tracks, block signals, and interlocking models; short-turn Y22-Y38 incorrectly traverses all 12 stations."
569,TR-CCW-048,EMU-CCW-14,COUNTERCLOCKWISE,SHORT_TURN_Y22_Y38,Y36,32913,09:08:33,45,32958,09:09:18,123,Y36-T2,R-Y36-CCW,UNVERIFIED_DEPOT_ALLOCATION_EAST,EAST_SECTION_12_STATIONS_ONLY,INDICATIVE_HEADWAY_SCHEDULE,UNVALIDATED_LACKS_BLOCK_INTERLOCKING_WHOLE_RING,"Covers only 12 East stations (Y29-Y01); lacks whole-ring loop, depot throat tracks, block signals, and interlocking models; short-turn Y22-Y38 incorrectly traverses all 12 stations."
547,TR-CCW-046,EMU-CCW-12,COUNTERCLOCKWISE,EAST_SECTION_INDICATIVE_PATTERN,Y34,32914,09:08:34,30,32944,09:09:04,94,Y34-T2,R-Y34-CCW,UNVERIFIED_DEPOT_ALLOCATION_SOUTH,EAST_SECTION_12_STATIONS_ONLY,INDICATIVE_HEADWAY_SCHEDULE,UNVALIDATED_LACKS_BLOCK_INTERLOCKING_WHOLE_RING,"Covers only 12 East stations (Y29-Y01); lacks whole-ring loop, depot throat tracks, block signals, and interlocking models; short-turn Y22-Y38 incorrectly traverses all 12 stations."
558,TR-CCW-047,EMU-CCW-13,COUNTERCLOCKWISE,EAST_SECTION_INDICATIVE_PATTERN,Y35,32931,09:08:51,45,32976,09:09:36,88,Y35-T2,R-Y35-CCW,UNVERIFIED_DEPOT_ALLOCATION_SOUTH,EAST_SECTION_12_STATIONS_ONLY,INDICATIVE_HEADWAY_SCHEDULE,UNVALIDATED_LACKS_BLOCK_INTERLOCKING_WHOLE_RING,"Covers only 12 East stations (Y29-Y01); lacks whole-ring loop, depot throat tracks, block signals, and interlocking models; short-turn Y22-Y38 incorrectly traverses all 12 stations."
580,TR-CCW-049,EMU-CCW-15,COUNTERCLOCKWISE,EAST_SECTION_INDICATIVE_PATTERN,Y37,32933,09:08:53,45,32978,09:09:38,85,Y37-T2,R-Y37-CCW,UNVERIFIED_DEPOT_ALLOCATION_SOUTH,EAST_SECTION_12_STATIONS_ONLY,INDICATIVE_HEADWAY_SCHEDULE,UNVALIDATED_LACKS_BLOCK_INTERLOCKING_WHOLE_RING,"Covers only 12 East stations (Y29-Y01); lacks whole-ring loop, depot throat tracks, block signals, and interlocking models; short-turn Y22-Y38 incorrectly traverses all 12 stations."
994,TR-CW-034,EMU-CW-07,CLOCKWISE,EAST_SECTION_INDICATIVE_PATTERN,Y38,32937,09:08:57,45,32982,09:09:42,92,Y38-T1,R-Y38-CW,UNVERIFIED_DEPOT_ALLOCATION_SOUTH,EAST_SECTION_12_STATIONS_ONLY,INDICATIVE_HEADWAY_SCHEDULE,UNVALIDATED_LACKS_BLOCK_INTERLOCKING_WHOLE_RING,"Covers only 12 East stations (Y29-Y01); lacks whole-ring loop, depot throat tracks, block signals, and interlocking models."
1026,TR-CW-037,EMU-CW-10,CLOCKWISE,EAST_SECTION_INDICATIVE_PATTERN,Y34,32942,09:09:02,30,32972,09:09:32,88,Y34-T1,R-Y34-CW,UNVERIFIED_DEPOT_ALLOCATION_SOUTH,EAST_SECTION_12_STATIONS_ONLY,INDICATIVE_HEADWAY_SCHEDULE,UNVALIDATED_LACKS_BLOCK_INTERLOCKING_WHOLE_RING,"Covers only 12 East stations (Y29-Y01); lacks whole-ring loop, depot throat tracks, block signals, and interlocking models."
515,TR-CCW-043,EMU-CCW-09,COUNTERCLOCKWISE,EAST_SECTION_INDICATIVE_PATTERN,Y30,32944,09:09:04,30,32974,09:09:34,89,Y30-T2,R-Y30-CCW,UNVERIFIED_DEPOT_ALLOCATION_SOUTH,EAST_SECTION_12_STATIONS_ONLY,INDICATIVE_HEADWAY_SCHEDULE,UNVALIDATED_LACKS_BLOCK_INTERLOCKING_WHOLE_RING,"Covers only 12 East stations (Y29-Y01); lacks whole-ring loop, depot throat tracks, block signals, and interlocking models; short-turn Y22-Y38 incorrectly traverses all 12 stations."
1005,TR-CW-035,EMU-CW-08,CLOCKWISE,EAST_SECTION_INDICATIVE_PATTERN,Y37,32962,09:09:22,45,33007,09:10:07,128,Y37-T1,R-Y37-CW,UNVERIFIED_DEPOT_ALLOCATION_SOUTH,EAST_SECTION_12_STATIONS_ONLY,INDICATIVE_HEADWAY_SCHEDULE,UNVALIDATED_LACKS_BLOCK_INTERLOCKING_WHOLE_RING,"Covers only 12 East stations (Y29-Y01); lacks whole-ring loop, depot throat tracks, block signals, and interlocking models."
526,TR-CCW-044,EMU-CCW-10,COUNTERCLOCKWISE,EAST_SECTION_INDICATIVE_PATTERN,Y31,32972,09:09:32,30,33002,09:10:02,92,Y31-T2,R-Y31-CCW,UNVERIFIED_DEPOT_ALLOCATION_SOUTH,EAST_SECTION_12_STATIONS_ONLY,INDICATIVE_HEADWAY_SCHEDULE,UNVALIDATED_LACKS_BLOCK_INTERLOCKING_WHOLE_RING,"Covers only 12 East stations (Y29-Y01); lacks whole-ring loop, depot throat tracks, block signals, and interlocking models; short-turn Y22-Y38 incorrectly traverses all 12 stations."
537,TR-CCW-045,EMU-CCW-11,COUNTERCLOCKWISE,SHORT_TURN_Y22_Y38,Y32,33020,09:10:20,30,33050,09:10:50,72,Y32-T2,R-Y32-CCW,UNVERIFIED_DEPOT_ALLOCATION_EAST,EAST_SECTION_12_STATIONS_ONLY,INDICATIVE_HEADWAY_SCHEDULE,UNVALIDATED_LACKS_BLOCK_INTERLOCKING_WHOLE_RING,"Covers only 12 East stations (Y29-Y01); lacks whole-ring loop, depot throat tracks, block signals, and interlocking models; short-turn Y22-Y38 incorrectly traverses all 12 stations."
1016,TR-CW-036,EMU-CW-09,CLOCKWISE,EAST_SECTION_INDICATIVE_PATTERN,Y36,33030,09:10:30,45,33075,09:11:15,85,Y36-T1,R-Y36-CW,UNVERIFIED_DEPOT_ALLOCATION_SOUTH,EAST_SECTION_12_STATIONS_ONLY,INDICATIVE_HEADWAY_SCHEDULE,UNVALIDATED_LACKS_BLOCK_INTERLOCKING_WHOLE_RING,"Covers only 12 East stations (Y29-Y01); lacks whole-ring loop, depot throat tracks, block signals, and interlocking models."
548,TR-CCW-046,EMU-CCW-12,COUNTERCLOCKWISE,EAST_SECTION_INDICATIVE_PATTERN,Y33,33038,09:10:38,45,33083,09:11:23,87,Y33-T2,R-Y33-CCW,UNVERIFIED_DEPOT_ALLOCATION_SOUTH,EAST_SECTION_12_STATIONS_ONLY,INDICATIVE_HEADWAY_SCHEDULE,UNVALIDATED_LACKS_BLOCK_INTERLOCKING_WHOLE_RING,"Covers only 12 East stations (Y29-Y01); lacks whole-ring loop, depot throat tracks, block signals, and interlocking models; short-turn Y22-Y38 incorrectly traverses all 12 stations."
1027,TR-CW-037,EMU-CW-10,CLOCKWISE,EAST_SECTION_INDICATIVE_PATTERN,Y35,33060,09:11:00,45,33105,09:11:45,123,Y35-T1,R-Y35-CW,UNVERIFIED_DEPOT_ALLOCATION_SOUTH,EAST_SECTION_12_STATIONS_ONLY,INDICATIVE_HEADWAY_SCHEDULE,UNVALIDATED_LACKS_BLOCK_INTERLOCKING_WHOLE_RING,"Covers only 12 East stations (Y29-Y01); lacks whole-ring loop, depot throat tracks, block signals, and interlocking models."
516,TR-CCW-043,EMU-CCW-09,COUNTERCLOCKWISE,EAST_SECTION_INDICATIVE_PATTERN,Y29,33063,09:11:03,45,33108,09:11:48,0,Y29-T2,R-Y29-CCW,UNVERIFIED_DEPOT_ALLOCATION_SOUTH,EAST_SECTION_12_STATIONS_ONLY,INDICATIVE_HEADWAY_SCHEDULE,UNVALIDATED_LACKS_BLOCK_INTERLOCKING_WHOLE_RING,"Covers only 12 East stations (Y29-Y01); lacks whole-ring loop, depot throat tracks, block signals, and interlocking models; short-turn Y22-Y38 incorrectly traverses all 12 stations."
581,TR-CCW-049,EMU-CCW-15,COUNTERCLOCKWISE,EAST_SECTION_INDICATIVE_PATTERN,Y36,33063,09:11:03,45,33108,09:11:48,123,Y36-T2,R-Y36-CCW,UNVERIFIED_DEPOT_ALLOCATION_SOUTH,EAST_SECTION_12_STATIONS_ONLY,INDICATIVE_HEADWAY_SCHEDULE,UNVALIDATED_LACKS_BLOCK_INTERLOCKING_WHOLE_RING,"Covers only 12 East stations (Y29-Y01); lacks whole-ring loop, depot throat tracks, block signals, and interlocking models; short-turn Y22-Y38 incorrectly traverses all 12 stations."
559,TR-CCW-047,EMU-CCW-13,COUNTERCLOCKWISE,EAST_SECTION_INDICATIVE_PATTERN,Y34,33064,09:11:04,30,33094,09:11:34,94,Y34-T2,R-Y34-CCW,UNVERIFIED_DEPOT_ALLOCATION_SOUTH,EAST_SECTION_12_STATIONS_ONLY,INDICATIVE_HEADWAY_SCHEDULE,UNVALIDATED_LACKS_BLOCK_INTERLOCKING_WHOLE_RING,"Covers only 12 East stations (Y29-Y01); lacks whole-ring loop, depot throat tracks, block signals, and interlocking models; short-turn Y22-Y38 incorrectly traverses all 12 stations."
995,TR-CW-034,EMU-CW-07,CLOCKWISE,EAST_SECTION_INDICATIVE_PATTERN,Y39,33074,09:11:14,30,33104,09:11:44,193,Y39-T1,R-Y39-CW,UNVERIFIED_DEPOT_ALLOCATION_SOUTH,EAST_SECTION_12_STATIONS_ONLY,INDICATIVE_HEADWAY_SCHEDULE,UNVALIDATED_LACKS_BLOCK_INTERLOCKING_WHOLE_RING,"Covers only 12 East stations (Y29-Y01); lacks whole-ring loop, depot throat tracks, block signals, and interlocking models."
570,TR-CCW-048,EMU-CCW-14,COUNTERCLOCKWISE,SHORT_TURN_Y22_Y38,Y35,33081,09:11:21,45,33126,09:12:06,88,Y35-T2,R-Y35-CCW,UNVERIFIED_DEPOT_ALLOCATION_EAST,EAST_SECTION_12_STATIONS_ONLY,INDICATIVE_HEADWAY_SCHEDULE,UNVALIDATED_LACKS_BLOCK_INTERLOCKING_WHOLE_RING,"Covers only 12 East stations (Y29-Y01); lacks whole-ring loop, depot throat tracks, block signals, and interlocking models; short-turn Y22-Y38 incorrectly traverses all 12 stations."
527,TR-CCW-044,EMU-CCW-10,COUNTERCLOCKWISE,EAST_SECTION_INDICATIVE_PATTERN,Y30,33094,09:11:34,30,33124,09:12:04,89,Y30-T2,R-Y30-CCW,UNVERIFIED_DEPOT_ALLOCATION_SOUTH,EAST_SECTION_12_STATIONS_ONLY,INDICATIVE_HEADWAY_SCHEDULE,UNVALIDATED_LACKS_BLOCK_INTERLOCKING_WHOLE_RING,"Covers only 12 East stations (Y29-Y01); lacks whole-ring loop, depot throat tracks, block signals, and interlocking models; short-turn Y22-Y38 incorrectly traverses all 12 stations."
984,TR-CW-033,EMU-CW-06,CLOCKWISE,EAST_SECTION_INDICATIVE_PATTERN,Y01,33099,09:11:39,45,33144,09:12:24,0,Y01-T1,R-Y01-CW,UNVERIFIED_DEPOT_ALLOCATION_SOUTH,EAST_SECTION_12_STATIONS_ONLY,INDICATIVE_HEADWAY_SCHEDULE,UNVALIDATED_LACKS_BLOCK_INTERLOCKING_WHOLE_RING,"Covers only 12 East stations (Y29-Y01); lacks whole-ring loop, depot throat tracks, block signals, and interlocking models."
538,TR-CCW-045,EMU-CCW-11,COUNTERCLOCKWISE,SHORT_TURN_Y22_Y38,Y31,33122,09:12:02,30,33152,09:12:32,92,Y31-T2,R-Y31-CCW,UNVERIFIED_DEPOT_ALLOCATION_EAST,EAST_SECTION_12_STATIONS_ONLY,INDICATIVE_HEADWAY_SCHEDULE,UNVALIDATED_LACKS_BLOCK_INTERLOCKING_WHOLE_RING,"Covers only 12 East stations (Y29-Y01); lacks whole-ring loop, depot throat tracks, block signals, and interlocking models; short-turn Y22-Y38 incorrectly traverses all 12 stations."
1006,TR-CW-035,EMU-CW-08,CLOCKWISE,EAST_SECTION_INDICATIVE_PATTERN,Y38,33135,09:12:15,45,33180,09:13:00,92,Y38-T1,R-Y38-CW,UNVERIFIED_DEPOT_ALLOCATION_SOUTH,EAST_SECTION_12_STATIONS_ONLY,INDICATIVE_HEADWAY_SCHEDULE,UNVALIDATED_LACKS_BLOCK_INTERLOCKING_WHOLE_RING,"Covers only 12 East stations (Y29-Y01); lacks whole-ring loop, depot throat tracks, block signals, and interlocking models."
1017,TR-CW-036,EMU-CW-09,CLOCKWISE,EAST_SECTION_INDICATIVE_PATTERN,Y37,33160,09:12:40,45,33205,09:13:25,128,Y37-T1,R-Y37-CW,UNVERIFIED_DEPOT_ALLOCATION_SOUTH,EAST_SECTION_12_STATIONS_ONLY,INDICATIVE_HEADWAY_SCHEDULE,UNVALIDATED_LACKS_BLOCK_INTERLOCKING_WHOLE_RING,"Covers only 12 East stations (Y29-Y01); lacks whole-ring loop, depot throat tracks, block signals, and interlocking models."
549,TR-CCW-046,EMU-CCW-12,COUNTERCLOCKWISE,EAST_SECTION_INDICATIVE_PATTERN,Y32,33170,09:12:50,30,33200,09:13:20,72,Y32-T2,R-Y32-CCW,UNVERIFIED_DEPOT_ALLOCATION_SOUTH,EAST_SECTION_12_STATIONS_ONLY,INDICATIVE_HEADWAY_SCHEDULE,UNVALIDATED_LACKS_BLOCK_INTERLOCKING_WHOLE_RING,"Covers only 12 East stations (Y29-Y01); lacks whole-ring loop, depot throat tracks, block signals, and interlocking models; short-turn Y22-Y38 incorrectly traverses all 12 stations."
560,TR-CCW-047,EMU-CCW-13,COUNTERCLOCKWISE,EAST_SECTION_INDICATIVE_PATTERN,Y33,33188,09:13:08,45,33233,09:13:53,87,Y33-T2,R-Y33-CCW,UNVERIFIED_DEPOT_ALLOCATION_SOUTH,EAST_SECTION_12_STATIONS_ONLY,INDICATIVE_HEADWAY_SCHEDULE,UNVALIDATED_LACKS_BLOCK_INTERLOCKING_WHOLE_RING,"Covers only 12 East stations (Y29-Y01); lacks whole-ring loop, depot throat tracks, block signals, and interlocking models; short-turn Y22-Y38 incorrectly traverses all 12 stations."
528,TR-CCW-044,EMU-CCW-10,COUNTERCLOCKWISE,EAST_SECTION_INDICATIVE_PATTERN,Y29,33213,09:13:33,45,33258,09:14:18,0,Y29-T2,R-Y29-CCW,UNVERIFIED_DEPOT_ALLOCATION_SOUTH,EAST_SECTION_12_STATIONS_ONLY,INDICATIVE_HEADWAY_SCHEDULE,UNVALIDATED_LACKS_BLOCK_INTERLOCKING_WHOLE_RING,"Covers only 12 East stations (Y29-Y01); lacks whole-ring loop, depot throat tracks, block signals, and interlocking models; short-turn Y22-Y38 incorrectly traverses all 12 stations."
571,TR-CCW-048,EMU-CCW-14,COUNTERCLOCKWISE,SHORT_TURN_Y22_Y38,Y34,33214,09:13:34,30,33244,09:14:04,94,Y34-T2,R-Y34-CCW,UNVERIFIED_DEPOT_ALLOCATION_EAST,EAST_SECTION_12_STATIONS_ONLY,INDICATIVE_HEADWAY_SCHEDULE,UNVALIDATED_LACKS_BLOCK_INTERLOCKING_WHOLE_RING,"Covers only 12 East stations (Y29-Y01); lacks whole-ring loop, depot throat tracks, block signals, and interlocking models; short-turn Y22-Y38 incorrectly traverses all 12 stations."
1028,TR-CW-037,EMU-CW-10,CLOCKWISE,EAST_SECTION_INDICATIVE_PATTERN,Y36,33228,09:13:48,45,33273,09:14:33,85,Y36-T1,R-Y36-CW,UNVERIFIED_DEPOT_ALLOCATION_SOUTH,EAST_SECTION_12_STATIONS_ONLY,INDICATIVE_HEADWAY_SCHEDULE,UNVALIDATED_LACKS_BLOCK_INTERLOCKING_WHOLE_RING,"Covers only 12 East stations (Y29-Y01); lacks whole-ring loop, depot throat tracks, block signals, and interlocking models."
582,TR-CCW-049,EMU-CCW-15,COUNTERCLOCKWISE,EAST_SECTION_INDICATIVE_PATTERN,Y35,33231,09:13:51,45,33276,09:14:36,88,Y35-T2,R-Y35-CCW,UNVERIFIED_DEPOT_ALLOCATION_SOUTH,EAST_SECTION_12_STATIONS_ONLY,INDICATIVE_HEADWAY_SCHEDULE,UNVALIDATED_LACKS_BLOCK_INTERLOCKING_WHOLE_RING,"Covers only 12 East stations (Y29-Y01); lacks whole-ring loop, depot throat tracks, block signals, and interlocking models; short-turn Y22-Y38 incorrectly traverses all 12 stations."
539,TR-CCW-045,EMU-CCW-11,COUNTERCLOCKWISE,SHORT_TURN_Y22_Y38,Y30,33244,09:14:04,30,33274,09:14:34,89,Y30-T2,R-Y30-CCW,UNVERIFIED_DEPOT_ALLOCATION_EAST,EAST_SECTION_12_STATIONS_ONLY,INDICATIVE_HEADWAY_SCHEDULE,UNVALIDATED_LACKS_BLOCK_INTERLOCKING_WHOLE_RING,"Covers only 12 East stations (Y29-Y01); lacks whole-ring loop, depot throat tracks, block signals, and interlocking models; short-turn Y22-Y38 incorrectly traverses all 12 stations."
550,TR-CCW-046,EMU-CCW-12,COUNTERCLOCKWISE,EAST_SECTION_INDICATIVE_PATTERN,Y31,33272,09:14:32,30,33302,09:15:02,92,Y31-T2,R-Y31-CCW,UNVERIFIED_DEPOT_ALLOCATION_SOUTH,EAST_SECTION_12_STATIONS_ONLY,INDICATIVE_HEADWAY_SCHEDULE,UNVALIDATED_LACKS_BLOCK_INTERLOCKING_WHOLE_RING,"Covers only 12 East stations (Y29-Y01); lacks whole-ring loop, depot throat tracks, block signals, and interlocking models; short-turn Y22-Y38 incorrectly traverses all 12 stations."
1007,TR-CW-035,EMU-CW-08,CLOCKWISE,EAST_SECTION_INDICATIVE_PATTERN,Y39,33272,09:14:32,30,33302,09:15:02,193,Y39-T1,R-Y39-CW,UNVERIFIED_DEPOT_ALLOCATION_SOUTH,EAST_SECTION_12_STATIONS_ONLY,INDICATIVE_HEADWAY_SCHEDULE,UNVALIDATED_LACKS_BLOCK_INTERLOCKING_WHOLE_RING,"Covers only 12 East stations (Y29-Y01); lacks whole-ring loop, depot throat tracks, block signals, and interlocking models."
996,TR-CW-034,EMU-CW-07,CLOCKWISE,EAST_SECTION_INDICATIVE_PATTERN,Y01,33297,09:14:57,45,33342,09:15:42,0,Y01-T1,R-Y01-CW,UNVERIFIED_DEPOT_ALLOCATION_SOUTH,EAST_SECTION_12_STATIONS_ONLY,INDICATIVE_HEADWAY_SCHEDULE,UNVALIDATED_LACKS_BLOCK_INTERLOCKING_WHOLE_RING,"Covers only 12 East stations (Y29-Y01); lacks whole-ring loop, depot throat tracks, block signals, and interlocking models."
561,TR-CCW-047,EMU-CCW-13,COUNTERCLOCKWISE,EAST_SECTION_INDICATIVE_PATTERN,Y32,33320,09:15:20,30,33350,09:15:50,72,Y32-T2,R-Y32-CCW,UNVERIFIED_DEPOT_ALLOCATION_SOUTH,EAST_SECTION_12_STATIONS_ONLY,INDICATIVE_HEADWAY_SCHEDULE,UNVALIDATED_LACKS_BLOCK_INTERLOCKING_WHOLE_RING,"Covers only 12 East stations (Y29-Y01); lacks whole-ring loop, depot throat tracks, block signals, and interlocking models; short-turn Y22-Y38 incorrectly traverses all 12 stations."
1018,TR-CW-036,EMU-CW-09,CLOCKWISE,EAST_SECTION_INDICATIVE_PATTERN,Y38,33333,09:15:33,45,33378,09:16:18,92,Y38-T1,R-Y38-CW,UNVERIFIED_DEPOT_ALLOCATION_SOUTH,EAST_SECTION_12_STATIONS_ONLY,INDICATIVE_HEADWAY_SCHEDULE,UNVALIDATED_LACKS_BLOCK_INTERLOCKING_WHOLE_RING,"Covers only 12 East stations (Y29-Y01); lacks whole-ring loop, depot throat tracks, block signals, and interlocking models."
572,TR-CCW-048,EMU-CCW-14,COUNTERCLOCKWISE,SHORT_TURN_Y22_Y38,Y33,33338,09:15:38,45,33383,09:16:23,87,Y33-T2,R-Y33-CCW,UNVERIFIED_DEPOT_ALLOCATION_EAST,EAST_SECTION_12_STATIONS_ONLY,INDICATIVE_HEADWAY_SCHEDULE,UNVALIDATED_LACKS_BLOCK_INTERLOCKING_WHOLE_RING,"Covers only 12 East stations (Y29-Y01); lacks whole-ring loop, depot throat tracks, block signals, and interlocking models; short-turn Y22-Y38 incorrectly traverses all 12 stations."
1029,TR-CW-037,EMU-CW-10,CLOCKWISE,EAST_SECTION_INDICATIVE_PATTERN,Y37,33358,09:15:58,45,33403,09:16:43,128,Y37-T1,R-Y37-CW,UNVERIFIED_DEPOT_ALLOCATION_SOUTH,EAST_SECTION_12_STATIONS_ONLY,INDICATIVE_HEADWAY_SCHEDULE,UNVALIDATED_LACKS_BLOCK_INTERLOCKING_WHOLE_RING,"Covers only 12 East stations (Y29-Y01); lacks whole-ring loop, depot throat tracks, block signals, and interlocking models."
540,TR-CCW-045,EMU-CCW-11,COUNTERCLOCKWISE,SHORT_TURN_Y22_Y38,Y29,33363,09:16:03,45,33408,09:16:48,0,Y29-T2,R-Y29-CCW,UNVERIFIED_DEPOT_ALLOCATION_EAST,EAST_SECTION_12_STATIONS_ONLY,INDICATIVE_HEADWAY_SCHEDULE,UNVALIDATED_LACKS_BLOCK_INTERLOCKING_WHOLE_RING,"Covers only 12 East stations (Y29-Y01); lacks whole-ring loop, depot throat tracks, block signals, and interlocking models; short-turn Y22-Y38 incorrectly traverses all 12 stations."
583,TR-CCW-049,EMU-CCW-15,COUNTERCLOCKWISE,EAST_SECTION_INDICATIVE_PATTERN,Y34,33364,09:16:04,30,33394,09:16:34,94,Y34-T2,R-Y34-CCW,UNVERIFIED_DEPOT_ALLOCATION_SOUTH,EAST_SECTION_12_STATIONS_ONLY,INDICATIVE_HEADWAY_SCHEDULE,UNVALIDATED_LACKS_BLOCK_INTERLOCKING_WHOLE_RING,"Covers only 12 East stations (Y29-Y01); lacks whole-ring loop, depot throat tracks, block signals, and interlocking models; short-turn Y22-Y38 incorrectly traverses all 12 stations."
551,TR-CCW-046,EMU-CCW-12,COUNTERCLOCKWISE,EAST_SECTION_INDICATIVE_PATTERN,Y30,33394,09:16:34,30,33424,09:17:04,89,Y30-T2,R-Y30-CCW,UNVERIFIED_DEPOT_ALLOCATION_SOUTH,EAST_SECTION_12_STATIONS_ONLY,INDICATIVE_HEADWAY_SCHEDULE,UNVALIDATED_LACKS_BLOCK_INTERLOCKING_WHOLE_RING,"Covers only 12 East stations (Y29-Y01); lacks whole-ring loop, depot throat tracks, block signals, and interlocking models; short-turn Y22-Y38 incorrectly traverses all 12 stations."
562,TR-CCW-047,EMU-CCW-13,COUNTERCLOCKWISE,EAST_SECTION_INDICATIVE_PATTERN,Y31,33422,09:17:02,30,33452,09:17:32,92,Y31-T2,R-Y31-CCW,UNVERIFIED_DEPOT_ALLOCATION_SOUTH,EAST_SECTION_12_STATIONS_ONLY,INDICATIVE_HEADWAY_SCHEDULE,UNVALIDATED_LACKS_BLOCK_INTERLOCKING_WHOLE_RING,"Covers only 12 East stations (Y29-Y01); lacks whole-ring loop, depot throat tracks, block signals, and interlocking models; short-turn Y22-Y38 incorrectly traverses all 12 stations."
573,TR-CCW-048,EMU-CCW-14,COUNTERCLOCKWISE,SHORT_TURN_Y22_Y38,Y32,33470,09:17:50,30,33500,09:18:20,72,Y32-T2,R-Y32-CCW,UNVERIFIED_DEPOT_ALLOCATION_EAST,EAST_SECTION_12_STATIONS_ONLY,INDICATIVE_HEADWAY_SCHEDULE,UNVALIDATED_LACKS_BLOCK_INTERLOCKING_WHOLE_RING,"Covers only 12 East stations (Y29-Y01); lacks whole-ring loop, depot throat tracks, block signals, and interlocking models; short-turn Y22-Y38 incorrectly traverses all 12 stations."
1019,TR-CW-036,EMU-CW-09,CLOCKWISE,EAST_SECTION_INDICATIVE_PATTERN,Y39,33470,09:17:50,30,33500,09:18:20,193,Y39-T1,R-Y39-CW,UNVERIFIED_DEPOT_ALLOCATION_SOUTH,EAST_SECTION_12_STATIONS_ONLY,INDICATIVE_HEADWAY_SCHEDULE,UNVALIDATED_LACKS_BLOCK_INTERLOCKING_WHOLE_RING,"Covers only 12 East stations (Y29-Y01); lacks whole-ring loop, depot throat tracks, block signals, and interlocking models."
584,TR-CCW-049,EMU-CCW-15,COUNTERCLOCKWISE,EAST_SECTION_INDICATIVE_PATTERN,Y33,33488,09:18:08,45,33533,09:18:53,87,Y33-T2,R-Y33-CCW,UNVERIFIED_DEPOT_ALLOCATION_SOUTH,EAST_SECTION_12_STATIONS_ONLY,INDICATIVE_HEADWAY_SCHEDULE,UNVALIDATED_LACKS_BLOCK_INTERLOCKING_WHOLE_RING,"Covers only 12 East stations (Y29-Y01); lacks whole-ring loop, depot throat tracks, block signals, and interlocking models; short-turn Y22-Y38 incorrectly traverses all 12 stations."
1008,TR-CW-035,EMU-CW-08,CLOCKWISE,EAST_SECTION_INDICATIVE_PATTERN,Y01,33495,09:18:15,45,33540,09:19:00,0,Y01-T1,R-Y01-CW,UNVERIFIED_DEPOT_ALLOCATION_SOUTH,EAST_SECTION_12_STATIONS_ONLY,INDICATIVE_HEADWAY_SCHEDULE,UNVALIDATED_LACKS_BLOCK_INTERLOCKING_WHOLE_RING,"Covers only 12 East stations (Y29-Y01); lacks whole-ring loop, depot throat tracks, block signals, and interlocking models."
552,TR-CCW-046,EMU-CCW-12,COUNTERCLOCKWISE,EAST_SECTION_INDICATIVE_PATTERN,Y29,33513,09:18:33,45,33558,09:19:18,0,Y29-T2,R-Y29-CCW,UNVERIFIED_DEPOT_ALLOCATION_SOUTH,EAST_SECTION_12_STATIONS_ONLY,INDICATIVE_HEADWAY_SCHEDULE,UNVALIDATED_LACKS_BLOCK_INTERLOCKING_WHOLE_RING,"Covers only 12 East stations (Y29-Y01); lacks whole-ring loop, depot throat tracks, block signals, and interlocking models; short-turn Y22-Y38 incorrectly traverses all 12 stations."
1030,TR-CW-037,EMU-CW-10,CLOCKWISE,EAST_SECTION_INDICATIVE_PATTERN,Y38,33531,09:18:51,45,33576,09:19:36,92,Y38-T1,R-Y38-CW,UNVERIFIED_DEPOT_ALLOCATION_SOUTH,EAST_SECTION_12_STATIONS_ONLY,INDICATIVE_HEADWAY_SCHEDULE,UNVALIDATED_LACKS_BLOCK_INTERLOCKING_WHOLE_RING,"Covers only 12 East stations (Y29-Y01); lacks whole-ring loop, depot throat tracks, block signals, and interlocking models."
563,TR-CCW-047,EMU-CCW-13,COUNTERCLOCKWISE,EAST_SECTION_INDICATIVE_PATTERN,Y30,33544,09:19:04,30,33574,09:19:34,89,Y30-T2,R-Y30-CCW,UNVERIFIED_DEPOT_ALLOCATION_SOUTH,EAST_SECTION_12_STATIONS_ONLY,INDICATIVE_HEADWAY_SCHEDULE,UNVALIDATED_LACKS_BLOCK_INTERLOCKING_WHOLE_RING,"Covers only 12 East stations (Y29-Y01); lacks whole-ring loop, depot throat tracks, block signals, and interlocking models; short-turn Y22-Y38 incorrectly traverses all 12 stations."
574,TR-CCW-048,EMU-CCW-14,COUNTERCLOCKWISE,SHORT_TURN_Y22_Y38,Y31,33572,09:19:32,30,33602,09:20:02,92,Y31-T2,R-Y31-CCW,UNVERIFIED_DEPOT_ALLOCATION_EAST,EAST_SECTION_12_STATIONS_ONLY,INDICATIVE_HEADWAY_SCHEDULE,UNVALIDATED_LACKS_BLOCK_INTERLOCKING_WHOLE_RING,"Covers only 12 East stations (Y29-Y01); lacks whole-ring loop, depot throat tracks, block signals, and interlocking models; short-turn Y22-Y38 incorrectly traverses all 12 stations."
585,TR-CCW-049,EMU-CCW-15,COUNTERCLOCKWISE,EAST_SECTION_INDICATIVE_PATTERN,Y32,33620,09:20:20,30,33650,09:20:50,72,Y32-T2,R-Y32-CCW,UNVERIFIED_DEPOT_ALLOCATION_SOUTH,EAST_SECTION_12_STATIONS_ONLY,INDICATIVE_HEADWAY_SCHEDULE,UNVALIDATED_LACKS_BLOCK_INTERLOCKING_WHOLE_RING,"Covers only 12 East stations (Y29-Y01); lacks whole-ring loop, depot throat tracks, block signals, and interlocking models; short-turn Y22-Y38 incorrectly traverses all 12 stations."
564,TR-CCW-047,EMU-CCW-13,COUNTERCLOCKWISE,EAST_SECTION_INDICATIVE_PATTERN,Y29,33663,09:21:03,45,33708,09:21:48,0,Y29-T2,R-Y29-CCW,UNVERIFIED_DEPOT_ALLOCATION_SOUTH,EAST_SECTION_12_STATIONS_ONLY,INDICATIVE_HEADWAY_SCHEDULE,UNVALIDATED_LACKS_BLOCK_INTERLOCKING_WHOLE_RING,"Covers only 12 East stations (Y29-Y01); lacks whole-ring loop, depot throat tracks, block signals, and interlocking models; short-turn Y22-Y38 incorrectly traverses all 12 stations."
1031,TR-CW-037,EMU-CW-10,CLOCKWISE,EAST_SECTION_INDICATIVE_PATTERN,Y39,33668,09:21:08,30,33698,09:21:38,193,Y39-T1,R-Y39-CW,UNVERIFIED_DEPOT_ALLOCATION_SOUTH,EAST_SECTION_12_STATIONS_ONLY,INDICATIVE_HEADWAY_SCHEDULE,UNVALIDATED_LACKS_BLOCK_INTERLOCKING_WHOLE_RING,"Covers only 12 East stations (Y29-Y01); lacks whole-ring loop, depot throat tracks, block signals, and interlocking models."
1020,TR-CW-036,EMU-CW-09,CLOCKWISE,EAST_SECTION_INDICATIVE_PATTERN,Y01,33693,09:21:33,45,33738,09:22:18,0,Y01-T1,R-Y01-CW,UNVERIFIED_DEPOT_ALLOCATION_SOUTH,EAST_SECTION_12_STATIONS_ONLY,INDICATIVE_HEADWAY_SCHEDULE,UNVALIDATED_LACKS_BLOCK_INTERLOCKING_WHOLE_RING,"Covers only 12 East stations (Y29-Y01); lacks whole-ring loop, depot throat tracks, block signals, and interlocking models."
575,TR-CCW-048,EMU-CCW-14,COUNTERCLOCKWISE,SHORT_TURN_Y22_Y38,Y30,33694,09:21:34,30,33724,09:22:04,89,Y30-T2,R-Y30-CCW,UNVERIFIED_DEPOT_ALLOCATION_EAST,EAST_SECTION_12_STATIONS_ONLY,INDICATIVE_HEADWAY_SCHEDULE,UNVALIDATED_LACKS_BLOCK_INTERLOCKING_WHOLE_RING,"Covers only 12 East stations (Y29-Y01); lacks whole-ring loop, depot throat tracks, block signals, and interlocking models; short-turn Y22-Y38 incorrectly traverses all 12 stations."
586,TR-CCW-049,EMU-CCW-15,COUNTERCLOCKWISE,EAST_SECTION_INDICATIVE_PATTERN,Y31,33722,09:22:02,30,33752,09:22:32,92,Y31-T2,R-Y31-CCW,UNVERIFIED_DEPOT_ALLOCATION_SOUTH,EAST_SECTION_12_STATIONS_ONLY,INDICATIVE_HEADWAY_SCHEDULE,UNVALIDATED_LACKS_BLOCK_INTERLOCKING_WHOLE_RING,"Covers only 12 East stations (Y29-Y01); lacks whole-ring loop, depot throat tracks, block signals, and interlocking models; short-turn Y22-Y38 incorrectly traverses all 12 stations."
576,TR-CCW-048,EMU-CCW-14,COUNTERCLOCKWISE,SHORT_TURN_Y22_Y38,Y29,33813,09:23:33,45,33858,09:24:18,0,Y29-T2,R-Y29-CCW,UNVERIFIED_DEPOT_ALLOCATION_EAST,EAST_SECTION_12_STATIONS_ONLY,INDICATIVE_HEADWAY_SCHEDULE,UNVALIDATED_LACKS_BLOCK_INTERLOCKING_WHOLE_RING,"Covers only 12 East stations (Y29-Y01); lacks whole-ring loop, depot throat tracks, block signals, and interlocking models; short-turn Y22-Y38 incorrectly traverses all 12 stations."
587,TR-CCW-049,EMU-CCW-15,COUNTERCLOCKWISE,EAST_SECTION_INDICATIVE_PATTERN,Y30,33844,09:24:04,30,33874,09:24:34,89,Y30-T2,R-Y30-CCW,UNVERIFIED_DEPOT_ALLOCATION_SOUTH,EAST_SECTION_12_STATIONS_ONLY,INDICATIVE_HEADWAY_SCHEDULE,UNVALIDATED_LACKS_BLOCK_INTERLOCKING_WHOLE_RING,"Covers only 12 East stations (Y29-Y01); lacks whole-ring loop, depot throat tracks, block signals, and interlocking models; short-turn Y22-Y38 incorrectly traverses all 12 stations."
1032,TR-CW-037,EMU-CW-10,CLOCKWISE,EAST_SECTION_INDICATIVE_PATTERN,Y01,33891,09:24:51,45,33936,09:25:36,0,Y01-T1,R-Y01-CW,UNVERIFIED_DEPOT_ALLOCATION_SOUTH,EAST_SECTION_12_STATIONS_ONLY,INDICATIVE_HEADWAY_SCHEDULE,UNVALIDATED_LACKS_BLOCK_INTERLOCKING_WHOLE_RING,"Covers only 12 East stations (Y29-Y01); lacks whole-ring loop, depot throat tracks, block signals, and interlocking models."
588,TR-CCW-049,EMU-CCW-15,COUNTERCLOCKWISE,EAST_SECTION_INDICATIVE_PATTERN,Y29,33963,09:26:03,45,34008,09:26:48,0,Y29-T2,R-Y29-CCW,UNVERIFIED_DEPOT_ALLOCATION_SOUTH,EAST_SECTION_12_STATIONS_ONLY,INDICATIVE_HEADWAY_SCHEDULE,UNVALIDATED_LACKS_BLOCK_INTERLOCKING_WHOLE_RING,"Covers only 12 East stations (Y29-Y01); lacks whole-ring loop, depot throat tracks, block signals, and interlocking models; short-turn Y22-Y38 incorrectly traverses all 12 stations."
