scenario_id,section_id,section_name,candidate_reference,is_named_alternative,start_station,end_station,link_count,links_spanned,length_m,intermediate_station_count,intermediate_stations,base_runtime_sum_s,t_cw_s,t_ccw_s,change_allowance_per_boundary_s,boundary_change_total_s,recovery_s,cycle_s,tph,usable_load_factor,effective_capacity_pphpd,cw_max_official_flow_pphpd,ccw_max_official_flow_pphpd,cw_screened_demand_pphpd,ccw_screened_demand_pphpd,critical_direction,critical_demand_pphpd,vc_cw,vc_ccw,max_vc,vc_band,screening_status,passing_loops_modeled,runtime_symmetry_assumption
S00,Y29-Y30,Contiguous Interval Y29-Y30,CONTIGUOUS_SUBINTERVAL,NO,Y29,Y30,1,LK01,930.0,0,NONE,89.0,89.00,89.00,18.0,36.0,60.0,274.00,13.1387,1.00,8540.15,5700.0,2370.0,5700.0,2370.0,CW,5700.0,0.6674,0.2775,0.6674,COMFORTABLE,PRELIMINARY_CAPACITY_PASS_INFRASTRUCTURE_UNVERIFIED,NOT_MODELED,PROXY_SCREENING_ASSUMPTION
S00,Y29-Y31,Contiguous Interval Y29-Y31,CONTIGUOUS_SUBINTERVAL,NO,Y29,Y31,2,LK01;LK02,1915.0,1,Y30,180.9,180.90,180.90,18.0,36.0,60.0,457.80,7.8637,1.00,5111.40,5700.0,2420.0,5700.0,2420.0,CW,5700.0,1.1152,0.4735,1.1152,FAIL,FAIL_CAPACITY,NOT_MODELED,PROXY_SCREENING_ASSUMPTION
S00,Y29-Y32,Contiguous Interval Y29-Y32,CONTIGUOUS_SUBINTERVAL,NO,Y29,Y32,3,LK01;LK02;LK03,2450.0,2,Y30;Y31,252.7,252.70,252.70,18.0,36.0,60.0,601.40,5.9860,1.00,3890.92,5700.0,4070.0,5700.0,4070.0,CW,5700.0,1.4649,1.0460,1.4649,FAIL,FAIL_CAPACITY,NOT_MODELED,PROXY_SCREENING_ASSUMPTION
S00,Y29-Y33,Contiguous Interval Y29-Y33,CONTIGUOUS_SUBINTERVAL,NO,Y29,Y33,4,LK01;LK02;LK03;LK04,3325.0,3,Y30;Y31;Y32,339.6,339.60,339.60,18.0,36.0,60.0,775.20,4.6440,1.00,3018.58,5700.0,7170.0,5700.0,7170.0,CCW,7170.0,1.8883,2.3753,2.3753,FAIL,FAIL_CAPACITY,NOT_MODELED,PROXY_SCREENING_ASSUMPTION
S00,Y29-Y34,Contiguous Interval Y29-Y34,CONTIGUOUS_SUBINTERVAL,NO,Y29,Y34,5,LK01;LK02;LK03;LK04;LK05,4350.0,4,Y30;Y31;Y32;Y33,433.3,433.30,433.30,18.0,36.0,60.0,962.60,3.7399,1.00,2430.92,5700.0,9330.0,5700.0,9330.0,CCW,9330.0,2.3448,3.8381,3.8381,FAIL,FAIL_CAPACITY,NOT_MODELED,PROXY_SCREENING_ASSUMPTION
S00,Y29-Y35,Contiguous Interval Y29-Y35,CONTIGUOUS_SUBINTERVAL,NO,Y29,Y35,6,LK01;LK02;LK03;LK04;LK05;LK06,5255.0,5,Y30;Y31;Y32;Y33;Y34,521.6,521.60,521.60,18.0,36.0,60.0,1139.20,3.1601,1.00,2054.07,5700.0,10740.0,5700.0,10740.0,CCW,10740.0,2.7750,5.2286,5.2286,FAIL,FAIL_CAPACITY,NOT_MODELED,PROXY_SCREENING_ASSUMPTION
S00,Y29-Y36,Contiguous Interval Y29-Y36,CONTIGUOUS_SUBINTERVAL,NO,Y29,Y36,7,LK01;LK02;LK03;LK04;LK05;LK06;LK07,6940.0,6,Y30;Y31;Y32;Y33;Y34;Y35,644.9,644.90,644.90,18.0,36.0,60.0,1385.80,2.5978,1.00,1688.56,5700.0,15250.0,5700.0,15250.0,CCW,15250.0,3.3757,9.0314,9.0314,FAIL,FAIL_CAPACITY,NOT_MODELED,PROXY_SCREENING_ASSUMPTION
S00,Y29-Y37,Contiguous Interval Y29-Y37,CONTIGUOUS_SUBINTERVAL,NO,Y29,Y37,8,LK01;LK02;LK03;LK04;LK05;LK06;LK07;LK08,7765.0,7,Y30;Y31;Y32;Y33;Y34;Y35;Y36,729.6,729.60,729.60,18.0,36.0,60.0,1555.20,2.3148,1.00,1504.63,7160.0,15250.0,7160.0,15250.0,CCW,15250.0,4.7586,10.1354,10.1354,FAIL,FAIL_CAPACITY,NOT_MODELED,PROXY_SCREENING_ASSUMPTION
S00,Y29-Y38,Contiguous Interval Y29-Y38,CONTIGUOUS_SUBINTERVAL,NO,Y29,Y38,9,LK01;LK02;LK03;LK04;LK05;LK06;LK07;LK08;LK09,9555.0,8,Y30;Y31;Y32;Y33;Y34;Y35;Y36;Y37,857.3,857.30,857.30,18.0,36.0,60.0,1810.60,1.9883,1.00,1292.39,7160.0,15250.0,7160.0,15250.0,CCW,15250.0,5.5401,11.7999,11.7999,FAIL,FAIL_CAPACITY,NOT_MODELED,PROXY_SCREENING_ASSUMPTION
S00,Y29-Y39,Contiguous Interval Y29-Y39,CONTIGUOUS_SUBINTERVAL,NO,Y29,Y39,10,LK01;LK02;LK03;LK04;LK05;LK06;LK07;LK08;LK09;LK10,10555.0,9,Y30;Y31;Y32;Y33;Y34;Y35;Y36;Y37;Y38,949.4,949.40,949.40,18.0,36.0,60.0,1994.80,1.8047,1.00,1173.05,7160.0,15250.0,7160.0,15250.0,CCW,15250.0,6.1037,13.0003,13.0003,FAIL,FAIL_CAPACITY,NOT_MODELED,PROXY_SCREENING_ASSUMPTION
S00,Y29-Y01,Contiguous Interval Y29-Y01,CONTIGUOUS_SUBINTERVAL,NO,Y29,Y01,11,LK01;LK02;LK03;LK04;LK05;LK06;LK07;LK08;LK09;LK10;LK11,13795.0,10,Y30;Y31;Y32;Y33;Y34;Y35;Y36;Y37;Y38;Y39,1142.4,1142.40,1142.40,18.0,36.0,60.0,2380.80,1.5121,1.00,982.86,7160.0,15250.0,7160.0,15250.0,CCW,15250.0,7.2848,15.5159,15.5159,FAIL,FAIL_CAPACITY,NOT_MODELED,PROXY_SCREENING_ASSUMPTION
S00,Y30-Y31,Contiguous Interval Y30-Y31,CONTIGUOUS_SUBINTERVAL,NO,Y30,Y31,1,LK02,985.0,0,NONE,91.9,91.90,91.90,18.0,36.0,60.0,279.80,12.8663,1.00,8363.12,5380.0,2420.0,5380.0,2420.0,CW,5380.0,0.6433,0.2894,0.6433,COMFORTABLE,PRELIMINARY_CAPACITY_PASS_INFRASTRUCTURE_UNVERIFIED,NOT_MODELED,PROXY_SCREENING_ASSUMPTION
S00,Y30-Y32,Contiguous Interval Y30-Y32,CONTIGUOUS_SUBINTERVAL,NO,Y30,Y32,2,LK02;LK03,1520.0,1,Y31,163.7,163.70,163.70,18.0,36.0,60.0,423.40,8.5026,1.00,5526.69,5380.0,4070.0,5380.0,4070.0,CW,5380.0,0.9735,0.7364,0.9735,TIGHT,PRELIMINARY_CAPACITY_PASS_INFRASTRUCTURE_UNVERIFIED,NOT_MODELED,PROXY_SCREENING_ASSUMPTION
S00,Y30-Y33,Ruiguang Road Core Corridor,S3,YES,Y30,Y33,3,LK02;LK03;LK04,2395.0,2,Y31;Y32,250.6,250.60,250.60,18.0,36.0,60.0,597.20,6.0281,1.00,3918.29,5380.0,7170.0,5380.0,7170.0,CCW,7170.0,1.3730,1.8299,1.8299,FAIL,FAIL_CAPACITY,NOT_MODELED,PROXY_SCREENING_ASSUMPTION
S00,Y30-Y34,Contiguous Interval Y30-Y34,CONTIGUOUS_SUBINTERVAL,NO,Y30,Y34,4,LK02;LK03;LK04;LK05,3420.0,3,Y31;Y32;Y33,344.3,344.30,344.30,18.0,36.0,60.0,784.60,4.5883,1.00,2982.41,5380.0,9330.0,5380.0,9330.0,CCW,9330.0,1.8039,3.1283,3.1283,FAIL,FAIL_CAPACITY,NOT_MODELED,PROXY_SCREENING_ASSUMPTION
S00,Y30-Y35,Contiguous Interval Y30-Y35,CONTIGUOUS_SUBINTERVAL,NO,Y30,Y35,5,LK02;LK03;LK04;LK05;LK06,4325.0,4,Y31;Y32;Y33;Y34,432.6,432.60,432.60,18.0,36.0,60.0,961.20,3.7453,1.00,2434.46,5380.0,10740.0,5380.0,10740.0,CCW,10740.0,2.2099,4.4117,4.4117,FAIL,FAIL_CAPACITY,NOT_MODELED,PROXY_SCREENING_ASSUMPTION
S00,Y30-Y36,Contiguous Interval Y30-Y36,CONTIGUOUS_SUBINTERVAL,NO,Y30,Y36,6,LK02;LK03;LK04;LK05;LK06;LK07,6010.0,5,Y31;Y32;Y33;Y34;Y35,555.9,555.90,555.90,18.0,36.0,60.0,1207.80,2.9806,1.00,1937.41,5640.0,15250.0,5640.0,15250.0,CCW,15250.0,2.9111,7.8713,7.8713,FAIL,FAIL_CAPACITY,NOT_MODELED,PROXY_SCREENING_ASSUMPTION
S00,Y30-Y37,Contiguous Interval Y30-Y37,CONTIGUOUS_SUBINTERVAL,NO,Y30,Y37,7,LK02;LK03;LK04;LK05;LK06;LK07;LK08,6835.0,6,Y31;Y32;Y33;Y34;Y35;Y36,640.6,640.60,640.60,18.0,36.0,60.0,1377.20,2.6140,1.00,1699.10,7160.0,15250.0,7160.0,15250.0,CCW,15250.0,4.2140,8.9753,8.9753,FAIL,FAIL_CAPACITY,NOT_MODELED,PROXY_SCREENING_ASSUMPTION
S00,Y30-Y38,Contiguous Interval Y30-Y38,CONTIGUOUS_SUBINTERVAL,NO,Y30,Y38,8,LK02;LK03;LK04;LK05;LK06;LK07;LK08;LK09,8625.0,7,Y31;Y32;Y33;Y34;Y35;Y36;Y37,768.3,768.30,768.30,18.0,36.0,60.0,1632.60,2.2051,1.00,1433.30,7160.0,15250.0,7160.0,15250.0,CCW,15250.0,4.9955,10.6398,10.6398,FAIL,FAIL_CAPACITY,NOT_MODELED,PROXY_SCREENING_ASSUMPTION
S00,Y30-Y39,Contiguous Interval Y30-Y39,CONTIGUOUS_SUBINTERVAL,NO,Y30,Y39,9,LK02;LK03;LK04;LK05;LK06;LK07;LK08;LK09;LK10,9625.0,8,Y31;Y32;Y33;Y34;Y35;Y36;Y37;Y38,860.4,860.40,860.40,18.0,36.0,60.0,1816.80,1.9815,1.00,1287.98,7160.0,15250.0,7160.0,15250.0,CCW,15250.0,5.5591,11.8403,11.8403,FAIL,FAIL_CAPACITY,NOT_MODELED,PROXY_SCREENING_ASSUMPTION
S00,Y30-Y01,Contiguous Interval Y30-Y01,CONTIGUOUS_SUBINTERVAL,NO,Y30,Y01,10,LK02;LK03;LK04;LK05;LK06;LK07;LK08;LK09;LK10;LK11,12865.0,9,Y31;Y32;Y33;Y34;Y35;Y36;Y37;Y38;Y39,1053.4,1053.40,1053.40,18.0,36.0,60.0,2202.80,1.6343,1.00,1062.28,7160.0,15250.0,7160.0,15250.0,CCW,15250.0,6.7402,14.3559,14.3559,FAIL,FAIL_CAPACITY,NOT_MODELED,PROXY_SCREENING_ASSUMPTION
S00,Y31-Y32,Contiguous Interval Y31-Y32,CONTIGUOUS_SUBINTERVAL,NO,Y31,Y32,1,LK03,535.0,0,NONE,71.8,71.80,71.80,18.0,36.0,60.0,239.60,15.0250,1.00,9766.28,4130.0,4070.0,4130.0,4070.0,CW,4130.0,0.4229,0.4167,0.4229,COMFORTABLE,PRELIMINARY_CAPACITY_PASS_INFRASTRUCTURE_UNVERIFIED,NOT_MODELED,PROXY_SCREENING_ASSUMPTION
S00,Y31-Y33,Contiguous Interval Y31-Y33,CONTIGUOUS_SUBINTERVAL,NO,Y31,Y33,2,LK03;LK04,1410.0,1,Y32,158.7,158.70,158.70,18.0,36.0,60.0,413.40,8.7083,1.00,5660.38,4130.0,7170.0,4130.0,7170.0,CCW,7170.0,0.7296,1.2667,1.2667,FAIL,FAIL_CAPACITY,NOT_MODELED,PROXY_SCREENING_ASSUMPTION
S00,Y31-Y34,Contiguous Interval Y31-Y34,CONTIGUOUS_SUBINTERVAL,NO,Y31,Y34,3,LK03;LK04;LK05,2435.0,2,Y32;Y33,252.4,252.40,252.40,18.0,36.0,60.0,600.80,5.9920,1.00,3894.81,4130.0,9330.0,4130.0,9330.0,CCW,9330.0,1.0604,2.3955,2.3955,FAIL,FAIL_CAPACITY,NOT_MODELED,PROXY_SCREENING_ASSUMPTION
S00,Y31-Y35,Contiguous Interval Y31-Y35,CONTIGUOUS_SUBINTERVAL,NO,Y31,Y35,4,LK03;LK04;LK05;LK06,3340.0,3,Y32;Y33;Y34,340.7,340.70,340.70,18.0,36.0,60.0,777.40,4.6308,1.00,3010.03,4130.0,10740.0,4130.0,10740.0,CCW,10740.0,1.3721,3.5681,3.5681,FAIL,FAIL_CAPACITY,NOT_MODELED,PROXY_SCREENING_ASSUMPTION
S00,Y31-Y36,Contiguous Interval Y31-Y36,CONTIGUOUS_SUBINTERVAL,NO,Y31,Y36,5,LK03;LK04;LK05;LK06;LK07,5025.0,4,Y32;Y33;Y34;Y35,464.0,464.00,464.00,18.0,36.0,60.0,1024.00,3.5156,1.00,2285.16,5640.0,15250.0,5640.0,15250.0,CCW,15250.0,2.4681,6.6735,6.6735,FAIL,FAIL_CAPACITY,NOT_MODELED,PROXY_SCREENING_ASSUMPTION
S00,Y31-Y37,Contiguous Interval Y31-Y37,CONTIGUOUS_SUBINTERVAL,NO,Y31,Y37,6,LK03;LK04;LK05;LK06;LK07;LK08,5850.0,5,Y32;Y33;Y34;Y35;Y36,548.7,548.70,548.70,18.0,36.0,60.0,1193.40,3.0166,1.00,1960.78,7160.0,15250.0,7160.0,15250.0,CCW,15250.0,3.6516,7.7775,7.7775,FAIL,FAIL_CAPACITY,NOT_MODELED,PROXY_SCREENING_ASSUMPTION
S00,Y31-Y38,Contiguous Interval Y31-Y38,CONTIGUOUS_SUBINTERVAL,NO,Y31,Y38,7,LK03;LK04;LK05;LK06;LK07;LK08;LK09,7640.0,6,Y32;Y33;Y34;Y35;Y36;Y37,676.4,676.40,676.40,18.0,36.0,60.0,1448.80,2.4848,1.00,1615.13,7160.0,15250.0,7160.0,15250.0,CCW,15250.0,4.4331,9.4420,9.4420,FAIL,FAIL_CAPACITY,NOT_MODELED,PROXY_SCREENING_ASSUMPTION
S00,Y31-Y39,Contiguous Interval Y31-Y39,CONTIGUOUS_SUBINTERVAL,NO,Y31,Y39,8,LK03;LK04;LK05;LK06;LK07;LK08;LK09;LK10,8640.0,7,Y32;Y33;Y34;Y35;Y36;Y37;Y38,768.5,768.50,768.50,18.0,36.0,60.0,1633.00,2.2045,1.00,1432.95,7160.0,15250.0,7160.0,15250.0,CCW,15250.0,4.9967,10.6424,10.6424,FAIL,FAIL_CAPACITY,NOT_MODELED,PROXY_SCREENING_ASSUMPTION
S00,Y31-Y01,Contiguous Interval Y31-Y01,CONTIGUOUS_SUBINTERVAL,NO,Y31,Y01,9,LK03;LK04;LK05;LK06;LK07;LK08;LK09;LK10;LK11,11880.0,8,Y32;Y33;Y34;Y35;Y36;Y37;Y38;Y39,961.5,961.50,961.50,18.0,36.0,60.0,2019.00,1.7831,1.00,1158.99,7160.0,15250.0,7160.0,15250.0,CCW,15250.0,6.1778,13.1580,13.1580,FAIL,FAIL_CAPACITY,NOT_MODELED,PROXY_SCREENING_ASSUMPTION
S00,Y32-Y33,Contiguous Interval Y32-Y33,CONTIGUOUS_SUBINTERVAL,NO,Y32,Y33,1,LK04,875.0,0,NONE,86.9,86.90,86.90,18.0,36.0,60.0,269.80,13.3432,1.00,8673.09,3440.0,7170.0,3440.0,7170.0,CCW,7170.0,0.3966,0.8267,0.8267,COMFORTABLE,PRELIMINARY_CAPACITY_PASS_INFRASTRUCTURE_UNVERIFIED,NOT_MODELED,PROXY_SCREENING_ASSUMPTION
S00,Y32-Y34,Contiguous Interval Y32-Y34,CONTIGUOUS_SUBINTERVAL,NO,Y32,Y34,2,LK04;LK05,1900.0,1,Y33,180.6,180.60,180.60,18.0,36.0,60.0,457.20,7.8740,1.00,5118.11,4120.0,9330.0,4120.0,9330.0,CCW,9330.0,0.8050,1.8229,1.8229,FAIL,FAIL_CAPACITY,NOT_MODELED,PROXY_SCREENING_ASSUMPTION
S00,Y32-Y35,Contiguous Interval Y32-Y35,CONTIGUOUS_SUBINTERVAL,NO,Y32,Y35,3,LK04;LK05;LK06,2805.0,2,Y33;Y34,268.9,268.90,268.90,18.0,36.0,60.0,633.80,5.6800,1.00,3692.02,4120.0,10740.0,4120.0,10740.0,CCW,10740.0,1.1159,2.9090,2.9090,FAIL,FAIL_CAPACITY,NOT_MODELED,PROXY_SCREENING_ASSUMPTION
S00,Y32-Y36,Contiguous Interval Y32-Y36,CONTIGUOUS_SUBINTERVAL,NO,Y32,Y36,4,LK04;LK05;LK06;LK07,4490.0,3,Y33;Y34;Y35,392.2,392.20,392.20,18.0,36.0,60.0,880.40,4.0891,1.00,2657.88,5640.0,15250.0,5640.0,15250.0,CCW,15250.0,2.1220,5.7376,5.7376,FAIL,FAIL_CAPACITY,NOT_MODELED,PROXY_SCREENING_ASSUMPTION
S00,Y32-Y37,Contiguous Interval Y32-Y37,CONTIGUOUS_SUBINTERVAL,NO,Y32,Y37,5,LK04;LK05;LK06;LK07;LK08,5315.0,4,Y33;Y34;Y35;Y36,476.9,476.90,476.90,18.0,36.0,60.0,1049.80,3.4292,1.00,2229.00,7160.0,15250.0,7160.0,15250.0,CCW,15250.0,3.2122,6.8416,6.8416,FAIL,FAIL_CAPACITY,NOT_MODELED,PROXY_SCREENING_ASSUMPTION
S00,Y32-Y38,Contiguous Interval Y32-Y38,CONTIGUOUS_SUBINTERVAL,NO,Y32,Y38,6,LK04;LK05;LK06;LK07;LK08;LK09,7105.0,5,Y33;Y34;Y35;Y36;Y37,604.6,604.60,604.60,18.0,36.0,60.0,1305.20,2.7582,1.00,1792.83,7160.0,15250.0,7160.0,15250.0,CCW,15250.0,3.9937,8.5061,8.5061,FAIL,FAIL_CAPACITY,NOT_MODELED,PROXY_SCREENING_ASSUMPTION
S00,Y32-Y39,Contiguous Interval Y32-Y39,CONTIGUOUS_SUBINTERVAL,NO,Y32,Y39,7,LK04;LK05;LK06;LK07;LK08;LK09;LK10,8105.0,6,Y33;Y34;Y35;Y36;Y37;Y38,696.7,696.70,696.70,18.0,36.0,60.0,1489.40,2.4171,1.00,1571.10,7160.0,15250.0,7160.0,15250.0,CCW,15250.0,4.5573,9.7066,9.7066,FAIL,FAIL_CAPACITY,NOT_MODELED,PROXY_SCREENING_ASSUMPTION
S00,Y32-Y01,Contiguous Interval Y32-Y01,CONTIGUOUS_SUBINTERVAL,NO,Y32,Y01,8,LK04;LK05;LK06;LK07;LK08;LK09;LK10;LK11,11345.0,7,Y33;Y34;Y35;Y36;Y37;Y38;Y39,889.7,889.70,889.70,18.0,36.0,60.0,1875.40,1.9196,1.00,1247.73,7160.0,15250.0,7160.0,15250.0,CCW,15250.0,5.7384,12.2222,12.2222,FAIL,FAIL_CAPACITY,NOT_MODELED,PROXY_SCREENING_ASSUMPTION
S00,Y33-Y34,Contiguous Interval Y33-Y34,CONTIGUOUS_SUBINTERVAL,NO,Y33,Y34,1,LK05,1025.0,0,NONE,93.7,93.70,93.70,18.0,36.0,60.0,283.40,12.7029,1.00,8256.88,4120.0,9330.0,4120.0,9330.0,CCW,9330.0,0.4990,1.1300,1.1300,FAIL,FAIL_CAPACITY,NOT_MODELED,PROXY_SCREENING_ASSUMPTION
S00,Y33-Y35,Contiguous Interval Y33-Y35,CONTIGUOUS_SUBINTERVAL,NO,Y33,Y35,2,LK05;LK06,1930.0,1,Y34,182.0,182.00,182.00,18.0,36.0,60.0,460.00,7.8261,1.00,5086.96,4120.0,10740.0,4120.0,10740.0,CCW,10740.0,0.8099,2.1113,2.1113,FAIL,FAIL_CAPACITY,NOT_MODELED,PROXY_SCREENING_ASSUMPTION
S00,Y33-Y36,Contiguous Interval Y33-Y36,CONTIGUOUS_SUBINTERVAL,NO,Y33,Y36,3,LK05;LK06;LK07,3615.0,2,Y34;Y35,305.3,305.30,305.30,18.0,36.0,60.0,706.60,5.0948,1.00,3311.63,5640.0,15250.0,5640.0,15250.0,CCW,15250.0,1.7031,4.6050,4.6050,FAIL,FAIL_CAPACITY,NOT_MODELED,PROXY_SCREENING_ASSUMPTION
S00,Y33-Y37,Contiguous Interval Y33-Y37,CONTIGUOUS_SUBINTERVAL,NO,Y33,Y37,4,LK05;LK06;LK07;LK08,4440.0,3,Y34;Y35;Y36,390.0,390.00,390.00,18.0,36.0,60.0,876.00,4.1096,1.00,2671.23,7160.0,15250.0,7160.0,15250.0,CCW,15250.0,2.6804,5.7090,5.7090,FAIL,FAIL_CAPACITY,NOT_MODELED,PROXY_SCREENING_ASSUMPTION
S00,Y33-Y38,Contiguous Interval Y33-Y38,CONTIGUOUS_SUBINTERVAL,NO,Y33,Y38,5,LK05;LK06;LK07;LK08;LK09,6230.0,4,Y34;Y35;Y36;Y37,517.7,517.70,517.70,18.0,36.0,60.0,1131.40,3.1819,1.00,2068.23,7160.0,15250.0,7160.0,15250.0,CCW,15250.0,3.4619,7.3734,7.3734,FAIL,FAIL_CAPACITY,NOT_MODELED,PROXY_SCREENING_ASSUMPTION
S00,Y33-Y39,Contiguous Interval Y33-Y39,CONTIGUOUS_SUBINTERVAL,NO,Y33,Y39,6,LK05;LK06;LK07;LK08;LK09;LK10,7230.0,5,Y34;Y35;Y36;Y37;Y38,609.8,609.80,609.80,18.0,36.0,60.0,1315.60,2.7364,1.00,1778.66,7160.0,15250.0,7160.0,15250.0,CCW,15250.0,4.0255,8.5739,8.5739,FAIL,FAIL_CAPACITY,NOT_MODELED,PROXY_SCREENING_ASSUMPTION
S00,Y33-Y01,Contiguous Interval Y33-Y01,CONTIGUOUS_SUBINTERVAL,NO,Y33,Y01,7,LK05;LK06;LK07;LK08;LK09;LK10;LK11,10470.0,6,Y34;Y35;Y36;Y37;Y38;Y39,802.8,802.80,802.80,18.0,36.0,60.0,1701.60,2.1157,1.00,1375.18,7160.0,15250.0,7160.0,15250.0,CCW,15250.0,5.2066,11.0895,11.0895,FAIL,FAIL_CAPACITY,NOT_MODELED,PROXY_SCREENING_ASSUMPTION
S00,Y34-Y35,Contiguous Interval Y34-Y35,CONTIGUOUS_SUBINTERVAL,NO,Y34,Y35,1,LK06,905.0,0,NONE,88.3,88.30,88.30,18.0,36.0,60.0,272.60,13.2062,1.00,8584.01,4010.0,10740.0,4010.0,10740.0,CCW,10740.0,0.4671,1.2512,1.2512,FAIL,FAIL_CAPACITY,NOT_MODELED,PROXY_SCREENING_ASSUMPTION
S00,Y34-Y36,Contiguous Interval Y34-Y36,CONTIGUOUS_SUBINTERVAL,NO,Y34,Y36,2,LK06;LK07,2590.0,1,Y35,211.6,211.60,211.60,18.0,36.0,60.0,519.20,6.9337,1.00,4506.93,5640.0,15250.0,5640.0,15250.0,CCW,15250.0,1.2514,3.3837,3.3837,FAIL,FAIL_CAPACITY,NOT_MODELED,PROXY_SCREENING_ASSUMPTION
S00,Y34-Y37,Contiguous Interval Y34-Y37,CONTIGUOUS_SUBINTERVAL,NO,Y34,Y37,3,LK06;LK07;LK08,3415.0,2,Y35;Y36,296.3,296.30,296.30,18.0,36.0,60.0,688.60,5.2280,1.00,3398.20,7160.0,15250.0,7160.0,15250.0,CCW,15250.0,2.1070,4.4877,4.4877,FAIL,FAIL_CAPACITY,NOT_MODELED,PROXY_SCREENING_ASSUMPTION
S00,Y34-Y38,Contiguous Interval Y34-Y38,CONTIGUOUS_SUBINTERVAL,NO,Y34,Y38,4,LK06;LK07;LK08;LK09,5205.0,3,Y35;Y36;Y37,424.0,424.00,424.00,18.0,36.0,60.0,944.00,3.8136,1.00,2478.81,7160.0,15250.0,7160.0,15250.0,CCW,15250.0,2.8885,6.1521,6.1521,FAIL,FAIL_CAPACITY,NOT_MODELED,PROXY_SCREENING_ASSUMPTION
S00,Y34-Y39,Contiguous Interval Y34-Y39,CONTIGUOUS_SUBINTERVAL,NO,Y34,Y39,5,LK06;LK07;LK08;LK09;LK10,6205.0,4,Y35;Y36;Y37;Y38,516.1,516.10,516.10,18.0,36.0,60.0,1128.20,3.1909,1.00,2074.10,7160.0,15250.0,7160.0,15250.0,CCW,15250.0,3.4521,7.3526,7.3526,FAIL,FAIL_CAPACITY,NOT_MODELED,PROXY_SCREENING_ASSUMPTION
S00,Y34-Y01,Contiguous Interval Y34-Y01,CONTIGUOUS_SUBINTERVAL,NO,Y34,Y01,6,LK06;LK07;LK08;LK09;LK10;LK11,9445.0,5,Y35;Y36;Y37;Y38;Y39,709.1,709.10,709.10,18.0,36.0,60.0,1514.20,2.3775,1.00,1545.37,7160.0,15250.0,7160.0,15250.0,CCW,15250.0,4.6332,9.8682,9.8682,FAIL,FAIL_CAPACITY,NOT_MODELED,PROXY_SCREENING_ASSUMPTION
S00,Y35-Y36,Keelung River Undercrossing,S2,YES,Y35,Y36,1,LK07,1685.0,0,NONE,123.3,123.30,123.30,18.0,36.0,60.0,342.60,10.5079,1.00,6830.12,5640.0,15250.0,5640.0,15250.0,CCW,15250.0,0.8258,2.2328,2.2328,FAIL,FAIL_CAPACITY,NOT_MODELED,PROXY_SCREENING_ASSUMPTION
S00,Y35-Y37,Contiguous Interval Y35-Y37,CONTIGUOUS_SUBINTERVAL,NO,Y35,Y37,2,LK07;LK08,2510.0,1,Y36,208.0,208.00,208.00,18.0,36.0,60.0,512.00,7.0312,1.00,4570.31,7160.0,15250.0,7160.0,15250.0,CCW,15250.0,1.5666,3.3368,3.3368,FAIL,FAIL_CAPACITY,NOT_MODELED,PROXY_SCREENING_ASSUMPTION
S00,Y35-Y38,Contiguous Interval Y35-Y38,CONTIGUOUS_SUBINTERVAL,NO,Y35,Y38,3,LK07;LK08;LK09,4300.0,2,Y36;Y37,335.7,335.70,335.70,18.0,36.0,60.0,767.40,4.6912,1.00,3049.26,7160.0,15250.0,7160.0,15250.0,CCW,15250.0,2.3481,5.0012,5.0012,FAIL,FAIL_CAPACITY,NOT_MODELED,PROXY_SCREENING_ASSUMPTION
S00,Y35-Y39,Contiguous Interval Y35-Y39,CONTIGUOUS_SUBINTERVAL,NO,Y35,Y39,4,LK07;LK08;LK09;LK10,5300.0,3,Y36;Y37;Y38,427.8,427.80,427.80,18.0,36.0,60.0,951.60,3.7831,1.00,2459.02,7160.0,15250.0,7160.0,15250.0,CCW,15250.0,2.9117,6.2017,6.2017,FAIL,FAIL_CAPACITY,NOT_MODELED,PROXY_SCREENING_ASSUMPTION
S00,Y35-Y01,Contiguous Interval Y35-Y01,CONTIGUOUS_SUBINTERVAL,NO,Y35,Y01,5,LK07;LK08;LK09;LK10;LK11,8540.0,4,Y36;Y37;Y38;Y39,620.8,620.80,620.80,18.0,36.0,60.0,1337.60,2.6914,1.00,1749.40,7160.0,15250.0,7160.0,15250.0,CCW,15250.0,4.0928,8.7173,8.7173,FAIL,FAIL_CAPACITY,NOT_MODELED,PROXY_SCREENING_ASSUMPTION
S00,Y36-Y37,Contiguous Interval Y36-Y37,CONTIGUOUS_SUBINTERVAL,NO,Y36,Y37,1,LK08,825.0,0,NONE,84.7,84.70,84.70,18.0,36.0,60.0,265.40,13.5644,1.00,8816.88,7160.0,13200.0,7160.0,13200.0,CCW,13200.0,0.8121,1.4971,1.4971,FAIL,FAIL_CAPACITY,NOT_MODELED,PROXY_SCREENING_ASSUMPTION
S00,Y36-Y38,Contiguous Interval Y36-Y38,CONTIGUOUS_SUBINTERVAL,NO,Y36,Y38,2,LK08;LK09,2615.0,1,Y37,212.4,212.40,212.40,18.0,36.0,60.0,520.80,6.9124,1.00,4493.09,7160.0,13200.0,7160.0,13200.0,CCW,13200.0,1.5936,2.9378,2.9378,FAIL,FAIL_CAPACITY,NOT_MODELED,PROXY_SCREENING_ASSUMPTION
S00,Y36-Y39,Contiguous Interval Y36-Y39,CONTIGUOUS_SUBINTERVAL,NO,Y36,Y39,3,LK08;LK09;LK10,3615.0,2,Y37;Y38,304.5,304.50,304.50,18.0,36.0,60.0,705.00,5.1064,1.00,3319.15,7160.0,13200.0,7160.0,13200.0,CCW,13200.0,2.1572,3.9769,3.9769,FAIL,FAIL_CAPACITY,NOT_MODELED,PROXY_SCREENING_ASSUMPTION
S00,Y36-Y01,Contiguous Interval Y36-Y01,CONTIGUOUS_SUBINTERVAL,NO,Y36,Y01,4,LK08;LK09;LK10;LK11,6855.0,3,Y37;Y38;Y39,497.5,497.50,497.50,18.0,36.0,60.0,1091.00,3.2997,1.00,2144.82,7160.0,13200.0,7160.0,13200.0,CCW,13200.0,3.3383,6.1544,6.1544,FAIL,FAIL_CAPACITY,NOT_MODELED,PROXY_SCREENING_ASSUMPTION
S00,Y37-Y38,Contiguous Interval Y37-Y38,CONTIGUOUS_SUBINTERVAL,NO,Y37,Y38,1,LK09,1790.0,0,NONE,127.7,127.70,127.70,18.0,36.0,60.0,351.40,10.2447,1.00,6659.08,6120.0,12210.0,6120.0,12210.0,CCW,12210.0,0.9190,1.8336,1.8336,FAIL,FAIL_CAPACITY,NOT_MODELED,PROXY_SCREENING_ASSUMPTION
S00,Y37-Y39,Contiguous Interval Y37-Y39,CONTIGUOUS_SUBINTERVAL,NO,Y37,Y39,2,LK09;LK10,2790.0,1,Y38,219.8,219.80,219.80,18.0,36.0,60.0,535.60,6.7214,1.00,4368.93,6120.0,12210.0,6120.0,12210.0,CCW,12210.0,1.4008,2.7947,2.7947,FAIL,FAIL_CAPACITY,NOT_MODELED,PROXY_SCREENING_ASSUMPTION
S00,Y37-Y01,Contiguous Interval Y37-Y01,CONTIGUOUS_SUBINTERVAL,NO,Y37,Y01,3,LK09;LK10;LK11,6030.0,2,Y38;Y39,412.8,412.80,412.80,18.0,36.0,60.0,921.60,3.9062,1.00,2539.06,6120.0,12210.0,6120.0,12210.0,CCW,12210.0,2.4103,4.8089,4.8089,FAIL,FAIL_CAPACITY,NOT_MODELED,PROXY_SCREENING_ASSUMPTION
S00,Y38-Y39,Contiguous Interval Y38-Y39,CONTIGUOUS_SUBINTERVAL,NO,Y38,Y39,1,LK10,1000.0,0,NONE,92.1,92.10,92.10,18.0,36.0,60.0,280.20,12.8480,1.00,8351.18,4060.0,11970.0,4060.0,11970.0,CCW,11970.0,0.4862,1.4333,1.4333,FAIL,FAIL_CAPACITY,NOT_MODELED,PROXY_SCREENING_ASSUMPTION
S00,Y38-Y01,Southern Tail Extended Section,S4,YES,Y38,Y01,2,LK10;LK11,4240.0,1,Y39,285.1,285.10,285.10,18.0,36.0,60.0,666.20,5.4038,1.00,3512.46,4590.0,11970.0,4590.0,11970.0,CCW,11970.0,1.3068,3.4079,3.4079,FAIL,FAIL_CAPACITY,NOT_MODELED,PROXY_SCREENING_ASSUMPTION
S00,Y39-Y01,Mountain Tunnel Section,S1,YES,Y39,Y01,1,LK11,3240.0,0,NONE,193.0,193.00,193.00,18.0,36.0,60.0,482.00,7.4689,1.00,4854.77,4590.0,10310.0,4590.0,10310.0,CCW,10310.0,0.9455,2.1237,2.1237,FAIL,FAIL_CAPACITY,NOT_MODELED,PROXY_SCREENING_ASSUMPTION
S01,Y29-Y30,Contiguous Interval Y29-Y30,CONTIGUOUS_SUBINTERVAL,NO,Y29,Y30,1,LK01,930.0,0,NONE,89.0,89.00,89.00,18.0,36.0,60.0,274.00,13.1387,0.90,7686.13,5700.0,2370.0,5700.0,2370.0,CW,5700.0,0.7416,0.3083,0.7416,COMFORTABLE,PRELIMINARY_CAPACITY_PASS_INFRASTRUCTURE_UNVERIFIED,NOT_MODELED,PROXY_SCREENING_ASSUMPTION
S01,Y29-Y31,Contiguous Interval Y29-Y31,CONTIGUOUS_SUBINTERVAL,NO,Y29,Y31,2,LK01;LK02,1915.0,1,Y30,180.9,210.90,210.90,18.0,36.0,60.0,517.80,6.9525,0.90,4067.21,5700.0,2420.0,5700.0,2420.0,CW,5700.0,1.4015,0.5950,1.4015,FAIL,FAIL_CAPACITY,NOT_MODELED,PROXY_SCREENING_ASSUMPTION
S01,Y29-Y32,Contiguous Interval Y29-Y32,CONTIGUOUS_SUBINTERVAL,NO,Y29,Y32,3,LK01;LK02;LK03,2450.0,2,Y30;Y31,252.7,312.70,312.70,18.0,36.0,60.0,721.40,4.9903,0.90,2919.32,5700.0,4070.0,5700.0,4070.0,CW,5700.0,1.9525,1.3942,1.9525,FAIL,FAIL_CAPACITY,NOT_MODELED,PROXY_SCREENING_ASSUMPTION
S01,Y29-Y33,Contiguous Interval Y29-Y33,CONTIGUOUS_SUBINTERVAL,NO,Y29,Y33,4,LK01;LK02;LK03;LK04,3325.0,3,Y30;Y31;Y32,339.6,429.60,429.60,18.0,36.0,60.0,955.20,3.7688,0.90,2204.77,5700.0,7170.0,5700.0,7170.0,CCW,7170.0,2.5853,3.2520,3.2520,FAIL,FAIL_CAPACITY,NOT_MODELED,PROXY_SCREENING_ASSUMPTION
S01,Y29-Y34,Contiguous Interval Y29-Y34,CONTIGUOUS_SUBINTERVAL,NO,Y29,Y34,5,LK01;LK02;LK03;LK04;LK05,4350.0,4,Y30;Y31;Y32;Y33,433.3,553.30,553.30,18.0,36.0,60.0,1202.60,2.9935,0.90,1751.21,5700.0,9330.0,5700.0,9330.0,CCW,9330.0,3.2549,5.3278,5.3278,FAIL,FAIL_CAPACITY,NOT_MODELED,PROXY_SCREENING_ASSUMPTION
S01,Y29-Y35,Contiguous Interval Y29-Y35,CONTIGUOUS_SUBINTERVAL,NO,Y29,Y35,6,LK01;LK02;LK03;LK04;LK05;LK06,5255.0,5,Y30;Y31;Y32;Y33;Y34,521.6,671.60,671.60,18.0,36.0,60.0,1439.20,2.5014,0.90,1463.31,5700.0,10740.0,5700.0,10740.0,CCW,10740.0,3.8953,7.3395,7.3395,FAIL,FAIL_CAPACITY,NOT_MODELED,PROXY_SCREENING_ASSUMPTION
S01,Y29-Y36,Contiguous Interval Y29-Y36,CONTIGUOUS_SUBINTERVAL,NO,Y29,Y36,7,LK01;LK02;LK03;LK04;LK05;LK06;LK07,6940.0,6,Y30;Y31;Y32;Y33;Y34;Y35,644.9,824.90,824.90,18.0,36.0,60.0,1745.80,2.0621,0.90,1206.32,5700.0,15250.0,5700.0,15250.0,CCW,15250.0,4.7251,12.6417,12.6417,FAIL,FAIL_CAPACITY,NOT_MODELED,PROXY_SCREENING_ASSUMPTION
S01,Y29-Y37,Contiguous Interval Y29-Y37,CONTIGUOUS_SUBINTERVAL,NO,Y29,Y37,8,LK01;LK02;LK03;LK04;LK05;LK06;LK07;LK08,7765.0,7,Y30;Y31;Y32;Y33;Y34;Y35;Y36,729.6,939.60,939.60,18.0,36.0,60.0,1975.20,1.8226,0.90,1066.22,7160.0,15250.0,7160.0,15250.0,CCW,15250.0,6.7153,14.3028,14.3028,FAIL,FAIL_CAPACITY,NOT_MODELED,PROXY_SCREENING_ASSUMPTION
S01,Y29-Y38,Contiguous Interval Y29-Y38,CONTIGUOUS_SUBINTERVAL,NO,Y29,Y38,9,LK01;LK02;LK03;LK04;LK05;LK06;LK07;LK08;LK09,9555.0,8,Y30;Y31;Y32;Y33;Y34;Y35;Y36;Y37,857.3,1097.30,1097.30,18.0,36.0,60.0,2290.60,1.5716,0.90,919.41,7160.0,15250.0,7160.0,15250.0,CCW,15250.0,7.7876,16.5867,16.5867,FAIL,FAIL_CAPACITY,NOT_MODELED,PROXY_SCREENING_ASSUMPTION
S01,Y29-Y39,Contiguous Interval Y29-Y39,CONTIGUOUS_SUBINTERVAL,NO,Y29,Y39,10,LK01;LK02;LK03;LK04;LK05;LK06;LK07;LK08;LK09;LK10,10555.0,9,Y30;Y31;Y32;Y33;Y34;Y35;Y36;Y37;Y38,949.4,1219.40,1219.40,18.0,36.0,60.0,2534.80,1.4202,0.90,830.83,7160.0,15250.0,7160.0,15250.0,CCW,15250.0,8.6178,18.3550,18.3550,FAIL,FAIL_CAPACITY,NOT_MODELED,PROXY_SCREENING_ASSUMPTION
S01,Y29-Y01,Contiguous Interval Y29-Y01,CONTIGUOUS_SUBINTERVAL,NO,Y29,Y01,11,LK01;LK02;LK03;LK04;LK05;LK06;LK07;LK08;LK09;LK10;LK11,13795.0,10,Y30;Y31;Y32;Y33;Y34;Y35;Y36;Y37;Y38;Y39,1142.4,1442.40,1442.40,18.0,36.0,60.0,2980.80,1.2077,0.90,706.52,7160.0,15250.0,7160.0,15250.0,CCW,15250.0,10.1342,21.5846,21.5846,FAIL,FAIL_CAPACITY,NOT_MODELED,PROXY_SCREENING_ASSUMPTION
S01,Y30-Y31,Contiguous Interval Y30-Y31,CONTIGUOUS_SUBINTERVAL,NO,Y30,Y31,1,LK02,985.0,0,NONE,91.9,91.90,91.90,18.0,36.0,60.0,279.80,12.8663,0.90,7526.80,5380.0,2420.0,5380.0,2420.0,CW,5380.0,0.7148,0.3215,0.7148,COMFORTABLE,PRELIMINARY_CAPACITY_PASS_INFRASTRUCTURE_UNVERIFIED,NOT_MODELED,PROXY_SCREENING_ASSUMPTION
S01,Y30-Y32,Contiguous Interval Y30-Y32,CONTIGUOUS_SUBINTERVAL,NO,Y30,Y32,2,LK02;LK03,1520.0,1,Y31,163.7,193.70,193.70,18.0,36.0,60.0,483.40,7.4472,0.90,4356.64,5380.0,4070.0,5380.0,4070.0,CW,5380.0,1.2349,0.9342,1.2349,FAIL,FAIL_CAPACITY,NOT_MODELED,PROXY_SCREENING_ASSUMPTION
S01,Y30-Y33,Ruiguang Road Core Corridor,S3,YES,Y30,Y33,3,LK02;LK03;LK04,2395.0,2,Y31;Y32,250.6,310.60,310.60,18.0,36.0,60.0,717.20,5.0195,0.90,2936.42,5380.0,7170.0,5380.0,7170.0,CCW,7170.0,1.8322,2.4417,2.4417,FAIL,FAIL_CAPACITY,NOT_MODELED,PROXY_SCREENING_ASSUMPTION
S01,Y30-Y34,Contiguous Interval Y30-Y34,CONTIGUOUS_SUBINTERVAL,NO,Y30,Y34,4,LK02;LK03;LK04;LK05,3420.0,3,Y31;Y32;Y33,344.3,434.30,434.30,18.0,36.0,60.0,964.60,3.7321,0.90,2183.29,5380.0,9330.0,5380.0,9330.0,CCW,9330.0,2.4642,4.2734,4.2734,FAIL,FAIL_CAPACITY,NOT_MODELED,PROXY_SCREENING_ASSUMPTION
S01,Y30-Y35,Contiguous Interval Y30-Y35,CONTIGUOUS_SUBINTERVAL,NO,Y30,Y35,5,LK02;LK03;LK04;LK05;LK06,4325.0,4,Y31;Y32;Y33;Y34,432.6,552.60,552.60,18.0,36.0,60.0,1201.20,2.9970,0.90,1753.25,5380.0,10740.0,5380.0,10740.0,CCW,10740.0,3.0686,6.1258,6.1258,FAIL,FAIL_CAPACITY,NOT_MODELED,PROXY_SCREENING_ASSUMPTION
S01,Y30-Y36,Contiguous Interval Y30-Y36,CONTIGUOUS_SUBINTERVAL,NO,Y30,Y36,6,LK02;LK03;LK04;LK05;LK06;LK07,6010.0,5,Y31;Y32;Y33;Y34;Y35,555.9,705.90,705.90,18.0,36.0,60.0,1507.80,2.3876,0.90,1396.74,5640.0,15250.0,5640.0,15250.0,CCW,15250.0,4.0380,10.9183,10.9183,FAIL,FAIL_CAPACITY,NOT_MODELED,PROXY_SCREENING_ASSUMPTION
S01,Y30-Y37,Contiguous Interval Y30-Y37,CONTIGUOUS_SUBINTERVAL,NO,Y30,Y37,7,LK02;LK03;LK04;LK05;LK06;LK07;LK08,6835.0,6,Y31;Y32;Y33;Y34;Y35;Y36,640.6,820.60,820.60,18.0,36.0,60.0,1737.20,2.0723,0.90,1212.30,7160.0,15250.0,7160.0,15250.0,CCW,15250.0,5.9062,12.5794,12.5794,FAIL,FAIL_CAPACITY,NOT_MODELED,PROXY_SCREENING_ASSUMPTION
S01,Y30-Y38,Contiguous Interval Y30-Y38,CONTIGUOUS_SUBINTERVAL,NO,Y30,Y38,8,LK02;LK03;LK04;LK05;LK06;LK07;LK08;LK09,8625.0,7,Y31;Y32;Y33;Y34;Y35;Y36;Y37,768.3,978.30,978.30,18.0,36.0,60.0,2052.60,1.7539,0.90,1026.02,7160.0,15250.0,7160.0,15250.0,CCW,15250.0,6.9785,14.8633,14.8633,FAIL,FAIL_CAPACITY,NOT_MODELED,PROXY_SCREENING_ASSUMPTION
S01,Y30-Y39,Contiguous Interval Y30-Y39,CONTIGUOUS_SUBINTERVAL,NO,Y30,Y39,9,LK02;LK03;LK04;LK05;LK06;LK07;LK08;LK09;LK10,9625.0,8,Y31;Y32;Y33;Y34;Y35;Y36;Y37;Y38,860.4,1100.40,1100.40,18.0,36.0,60.0,2296.80,1.5674,0.90,916.93,7160.0,15250.0,7160.0,15250.0,CCW,15250.0,7.8087,16.6316,16.6316,FAIL,FAIL_CAPACITY,NOT_MODELED,PROXY_SCREENING_ASSUMPTION
S01,Y30-Y01,Contiguous Interval Y30-Y01,CONTIGUOUS_SUBINTERVAL,NO,Y30,Y01,10,LK02;LK03;LK04;LK05;LK06;LK07;LK08;LK09;LK10;LK11,12865.0,9,Y31;Y32;Y33;Y34;Y35;Y36;Y37;Y38;Y39,1053.4,1323.40,1323.40,18.0,36.0,60.0,2742.80,1.3125,0.90,767.83,7160.0,15250.0,7160.0,15250.0,CCW,15250.0,9.3250,19.8612,19.8612,FAIL,FAIL_CAPACITY,NOT_MODELED,PROXY_SCREENING_ASSUMPTION
S01,Y31-Y32,Contiguous Interval Y31-Y32,CONTIGUOUS_SUBINTERVAL,NO,Y31,Y32,1,LK03,535.0,0,NONE,71.8,71.80,71.80,18.0,36.0,60.0,239.60,15.0250,0.90,8789.65,4130.0,4070.0,4130.0,4070.0,CW,4130.0,0.4699,0.4630,0.4699,COMFORTABLE,PRELIMINARY_CAPACITY_PASS_INFRASTRUCTURE_UNVERIFIED,NOT_MODELED,PROXY_SCREENING_ASSUMPTION
S01,Y31-Y33,Contiguous Interval Y31-Y33,CONTIGUOUS_SUBINTERVAL,NO,Y31,Y33,2,LK03;LK04,1410.0,1,Y32,158.7,188.70,188.70,18.0,36.0,60.0,473.40,7.6046,0.90,4448.67,4130.0,7170.0,4130.0,7170.0,CCW,7170.0,0.9284,1.6117,1.6117,FAIL,FAIL_CAPACITY,NOT_MODELED,PROXY_SCREENING_ASSUMPTION
S01,Y31-Y34,Contiguous Interval Y31-Y34,CONTIGUOUS_SUBINTERVAL,NO,Y31,Y34,3,LK03;LK04;LK05,2435.0,2,Y32;Y33,252.4,312.40,312.40,18.0,36.0,60.0,720.80,4.9945,0.90,2921.75,4130.0,9330.0,4130.0,9330.0,CCW,9330.0,1.4135,3.1933,3.1933,FAIL,FAIL_CAPACITY,NOT_MODELED,PROXY_SCREENING_ASSUMPTION
S01,Y31-Y35,Contiguous Interval Y31-Y35,CONTIGUOUS_SUBINTERVAL,NO,Y31,Y35,4,LK03;LK04;LK05;LK06,3340.0,3,Y32;Y33;Y34,340.7,430.70,430.70,18.0,36.0,60.0,957.40,3.7602,0.90,2199.71,4130.0,10740.0,4130.0,10740.0,CCW,10740.0,1.8775,4.8825,4.8825,FAIL,FAIL_CAPACITY,NOT_MODELED,PROXY_SCREENING_ASSUMPTION
S01,Y31-Y36,Contiguous Interval Y31-Y36,CONTIGUOUS_SUBINTERVAL,NO,Y31,Y36,5,LK03;LK04;LK05;LK06;LK07,5025.0,4,Y32;Y33;Y34;Y35,464.0,584.00,584.00,18.0,36.0,60.0,1264.00,2.8481,0.90,1666.14,5640.0,15250.0,5640.0,15250.0,CCW,15250.0,3.3851,9.1529,9.1529,FAIL,FAIL_CAPACITY,NOT_MODELED,PROXY_SCREENING_ASSUMPTION
S01,Y31-Y37,Contiguous Interval Y31-Y37,CONTIGUOUS_SUBINTERVAL,NO,Y31,Y37,6,LK03;LK04;LK05;LK06;LK07;LK08,5850.0,5,Y32;Y33;Y34;Y35;Y36,548.7,698.70,698.70,18.0,36.0,60.0,1493.40,2.4106,0.90,1410.20,7160.0,15250.0,7160.0,15250.0,CCW,15250.0,5.0773,10.8140,10.8140,FAIL,FAIL_CAPACITY,NOT_MODELED,PROXY_SCREENING_ASSUMPTION
S01,Y31-Y38,Contiguous Interval Y31-Y38,CONTIGUOUS_SUBINTERVAL,NO,Y31,Y38,7,LK03;LK04;LK05;LK06;LK07;LK08;LK09,7640.0,6,Y32;Y33;Y34;Y35;Y36;Y37,676.4,856.40,856.40,18.0,36.0,60.0,1808.80,1.9903,0.90,1164.31,7160.0,15250.0,7160.0,15250.0,CCW,15250.0,6.1496,13.0979,13.0979,FAIL,FAIL_CAPACITY,NOT_MODELED,PROXY_SCREENING_ASSUMPTION
S01,Y31-Y39,Contiguous Interval Y31-Y39,CONTIGUOUS_SUBINTERVAL,NO,Y31,Y39,8,LK03;LK04;LK05;LK06;LK07;LK08;LK09;LK10,8640.0,7,Y32;Y33;Y34;Y35;Y36;Y37;Y38,768.5,978.50,978.50,18.0,36.0,60.0,2053.00,1.7535,0.90,1025.82,7160.0,15250.0,7160.0,15250.0,CCW,15250.0,6.9798,14.8662,14.8662,FAIL,FAIL_CAPACITY,NOT_MODELED,PROXY_SCREENING_ASSUMPTION
S01,Y31-Y01,Contiguous Interval Y31-Y01,CONTIGUOUS_SUBINTERVAL,NO,Y31,Y01,9,LK03;LK04;LK05;LK06;LK07;LK08;LK09;LK10;LK11,11880.0,8,Y32;Y33;Y34;Y35;Y36;Y37;Y38;Y39,961.5,1201.50,1201.50,18.0,36.0,60.0,2499.00,1.4406,0.90,842.74,7160.0,15250.0,7160.0,15250.0,CCW,15250.0,8.4961,18.0958,18.0958,FAIL,FAIL_CAPACITY,NOT_MODELED,PROXY_SCREENING_ASSUMPTION
S01,Y32-Y33,Contiguous Interval Y32-Y33,CONTIGUOUS_SUBINTERVAL,NO,Y32,Y33,1,LK04,875.0,0,NONE,86.9,86.90,86.90,18.0,36.0,60.0,269.80,13.3432,0.90,7805.78,3440.0,7170.0,3440.0,7170.0,CCW,7170.0,0.4407,0.9185,0.9185,TIGHT,PRELIMINARY_CAPACITY_PASS_INFRASTRUCTURE_UNVERIFIED,NOT_MODELED,PROXY_SCREENING_ASSUMPTION
S01,Y32-Y34,Contiguous Interval Y32-Y34,CONTIGUOUS_SUBINTERVAL,NO,Y32,Y34,2,LK04;LK05,1900.0,1,Y33,180.6,210.60,210.60,18.0,36.0,60.0,517.20,6.9606,0.90,4071.93,4120.0,9330.0,4120.0,9330.0,CCW,9330.0,1.0118,2.2913,2.2913,FAIL,FAIL_CAPACITY,NOT_MODELED,PROXY_SCREENING_ASSUMPTION
S01,Y32-Y35,Contiguous Interval Y32-Y35,CONTIGUOUS_SUBINTERVAL,NO,Y32,Y35,3,LK04;LK05;LK06,2805.0,2,Y33;Y34,268.9,328.90,328.90,18.0,36.0,60.0,753.80,4.7758,0.90,2793.84,4120.0,10740.0,4120.0,10740.0,CCW,10740.0,1.4747,3.8442,3.8442,FAIL,FAIL_CAPACITY,NOT_MODELED,PROXY_SCREENING_ASSUMPTION
S01,Y32-Y36,Contiguous Interval Y32-Y36,CONTIGUOUS_SUBINTERVAL,NO,Y32,Y36,4,LK04;LK05;LK06;LK07,4490.0,3,Y33;Y34;Y35,392.2,482.20,482.20,18.0,36.0,60.0,1060.40,3.3949,0.90,1986.04,5640.0,15250.0,5640.0,15250.0,CCW,15250.0,2.8398,7.6786,7.6786,FAIL,FAIL_CAPACITY,NOT_MODELED,PROXY_SCREENING_ASSUMPTION
S01,Y32-Y37,Contiguous Interval Y32-Y37,CONTIGUOUS_SUBINTERVAL,NO,Y32,Y37,5,LK04;LK05;LK06;LK07;LK08,5315.0,4,Y33;Y34;Y35;Y36,476.9,596.90,596.90,18.0,36.0,60.0,1289.80,2.7911,0.90,1632.81,7160.0,15250.0,7160.0,15250.0,CCW,15250.0,4.3851,9.3397,9.3397,FAIL,FAIL_CAPACITY,NOT_MODELED,PROXY_SCREENING_ASSUMPTION
S01,Y32-Y38,Contiguous Interval Y32-Y38,CONTIGUOUS_SUBINTERVAL,NO,Y32,Y38,6,LK04;LK05;LK06;LK07;LK08;LK09,7105.0,5,Y33;Y34;Y35;Y36;Y37,604.6,754.60,754.60,18.0,36.0,60.0,1605.20,2.2427,0.90,1311.99,7160.0,15250.0,7160.0,15250.0,CCW,15250.0,5.4574,11.6236,11.6236,FAIL,FAIL_CAPACITY,NOT_MODELED,PROXY_SCREENING_ASSUMPTION
S01,Y32-Y39,Contiguous Interval Y32-Y39,CONTIGUOUS_SUBINTERVAL,NO,Y32,Y39,7,LK04;LK05;LK06;LK07;LK08;LK09;LK10,8105.0,6,Y33;Y34;Y35;Y36;Y37;Y38,696.7,876.70,876.70,18.0,36.0,60.0,1849.40,1.9466,0.90,1138.75,7160.0,15250.0,7160.0,15250.0,CCW,15250.0,6.2876,13.3919,13.3919,FAIL,FAIL_CAPACITY,NOT_MODELED,PROXY_SCREENING_ASSUMPTION
S01,Y32-Y01,Contiguous Interval Y32-Y01,CONTIGUOUS_SUBINTERVAL,NO,Y32,Y01,8,LK04;LK05;LK06;LK07;LK08;LK09;LK10;LK11,11345.0,7,Y33;Y34;Y35;Y36;Y37;Y38;Y39,889.7,1099.70,1099.70,18.0,36.0,60.0,2295.40,1.5684,0.90,917.49,7160.0,15250.0,7160.0,15250.0,CCW,15250.0,7.8039,16.6215,16.6215,FAIL,FAIL_CAPACITY,NOT_MODELED,PROXY_SCREENING_ASSUMPTION
S01,Y33-Y34,Contiguous Interval Y33-Y34,CONTIGUOUS_SUBINTERVAL,NO,Y33,Y34,1,LK05,1025.0,0,NONE,93.7,93.70,93.70,18.0,36.0,60.0,283.40,12.7029,0.90,7431.19,4120.0,9330.0,4120.0,9330.0,CCW,9330.0,0.5544,1.2555,1.2555,FAIL,FAIL_CAPACITY,NOT_MODELED,PROXY_SCREENING_ASSUMPTION
S01,Y33-Y35,Contiguous Interval Y33-Y35,CONTIGUOUS_SUBINTERVAL,NO,Y33,Y35,2,LK05;LK06,1930.0,1,Y34,182.0,212.00,212.00,18.0,36.0,60.0,520.00,6.9231,0.90,4050.00,4120.0,10740.0,4120.0,10740.0,CCW,10740.0,1.0173,2.6519,2.6519,FAIL,FAIL_CAPACITY,NOT_MODELED,PROXY_SCREENING_ASSUMPTION
S01,Y33-Y36,Contiguous Interval Y33-Y36,CONTIGUOUS_SUBINTERVAL,NO,Y33,Y36,3,LK05;LK06;LK07,3615.0,2,Y34;Y35,305.3,365.30,365.30,18.0,36.0,60.0,826.60,4.3552,0.90,2547.79,5640.0,15250.0,5640.0,15250.0,CCW,15250.0,2.2137,5.9856,5.9856,FAIL,FAIL_CAPACITY,NOT_MODELED,PROXY_SCREENING_ASSUMPTION
S01,Y33-Y37,Contiguous Interval Y33-Y37,CONTIGUOUS_SUBINTERVAL,NO,Y33,Y37,4,LK05;LK06;LK07;LK08,4440.0,3,Y34;Y35;Y36,390.0,480.00,480.00,18.0,36.0,60.0,1056.00,3.4091,0.90,1994.32,7160.0,15250.0,7160.0,15250.0,CCW,15250.0,3.5902,7.6467,7.6467,FAIL,FAIL_CAPACITY,NOT_MODELED,PROXY_SCREENING_ASSUMPTION
S01,Y33-Y38,Contiguous Interval Y33-Y38,CONTIGUOUS_SUBINTERVAL,NO,Y33,Y38,5,LK05;LK06;LK07;LK08;LK09,6230.0,4,Y34;Y35;Y36;Y37,517.7,637.70,637.70,18.0,36.0,60.0,1371.40,2.6251,0.90,1535.66,7160.0,15250.0,7160.0,15250.0,CCW,15250.0,4.6625,9.9306,9.9306,FAIL,FAIL_CAPACITY,NOT_MODELED,PROXY_SCREENING_ASSUMPTION
S01,Y33-Y39,Contiguous Interval Y33-Y39,CONTIGUOUS_SUBINTERVAL,NO,Y33,Y39,6,LK05;LK06;LK07;LK08;LK09;LK10,7230.0,5,Y34;Y35;Y36;Y37;Y38,609.8,759.80,759.80,18.0,36.0,60.0,1615.60,2.2283,0.90,1303.54,7160.0,15250.0,7160.0,15250.0,CCW,15250.0,5.4927,11.6989,11.6989,FAIL,FAIL_CAPACITY,NOT_MODELED,PROXY_SCREENING_ASSUMPTION
S01,Y33-Y01,Contiguous Interval Y33-Y01,CONTIGUOUS_SUBINTERVAL,NO,Y33,Y01,7,LK05;LK06;LK07;LK08;LK09;LK10;LK11,10470.0,6,Y34;Y35;Y36;Y37;Y38;Y39,802.8,982.80,982.80,18.0,36.0,60.0,2061.60,1.7462,0.90,1021.54,7160.0,15250.0,7160.0,15250.0,CCW,15250.0,7.0090,14.9285,14.9285,FAIL,FAIL_CAPACITY,NOT_MODELED,PROXY_SCREENING_ASSUMPTION
S01,Y34-Y35,Contiguous Interval Y34-Y35,CONTIGUOUS_SUBINTERVAL,NO,Y34,Y35,1,LK06,905.0,0,NONE,88.3,88.30,88.30,18.0,36.0,60.0,272.60,13.2062,0.90,7725.61,4010.0,10740.0,4010.0,10740.0,CCW,10740.0,0.5191,1.3902,1.3902,FAIL,FAIL_CAPACITY,NOT_MODELED,PROXY_SCREENING_ASSUMPTION
S01,Y34-Y36,Contiguous Interval Y34-Y36,CONTIGUOUS_SUBINTERVAL,NO,Y34,Y36,2,LK06;LK07,2590.0,1,Y35,211.6,241.60,241.60,18.0,36.0,60.0,579.20,6.2155,0.90,3636.05,5640.0,15250.0,5640.0,15250.0,CCW,15250.0,1.5511,4.1941,4.1941,FAIL,FAIL_CAPACITY,NOT_MODELED,PROXY_SCREENING_ASSUMPTION
S01,Y34-Y37,Contiguous Interval Y34-Y37,CONTIGUOUS_SUBINTERVAL,NO,Y34,Y37,3,LK06;LK07;LK08,3415.0,2,Y35;Y36,296.3,356.30,356.30,18.0,36.0,60.0,808.60,4.4521,0.90,2604.50,7160.0,15250.0,7160.0,15250.0,CCW,15250.0,2.7491,5.8552,5.8552,FAIL,FAIL_CAPACITY,NOT_MODELED,PROXY_SCREENING_ASSUMPTION
S01,Y34-Y38,Contiguous Interval Y34-Y38,CONTIGUOUS_SUBINTERVAL,NO,Y34,Y38,4,LK06;LK07;LK08;LK09,5205.0,3,Y35;Y36;Y37,424.0,514.00,514.00,18.0,36.0,60.0,1124.00,3.2028,0.90,1873.67,7160.0,15250.0,7160.0,15250.0,CCW,15250.0,3.8214,8.1391,8.1391,FAIL,FAIL_CAPACITY,NOT_MODELED,PROXY_SCREENING_ASSUMPTION
S01,Y34-Y39,Contiguous Interval Y34-Y39,CONTIGUOUS_SUBINTERVAL,NO,Y34,Y39,5,LK06;LK07;LK08;LK09;LK10,6205.0,4,Y35;Y36;Y37;Y38,516.1,636.10,636.10,18.0,36.0,60.0,1368.20,2.6312,0.90,1539.25,7160.0,15250.0,7160.0,15250.0,CCW,15250.0,4.6516,9.9074,9.9074,FAIL,FAIL_CAPACITY,NOT_MODELED,PROXY_SCREENING_ASSUMPTION
S01,Y34-Y01,Contiguous Interval Y34-Y01,CONTIGUOUS_SUBINTERVAL,NO,Y34,Y01,6,LK06;LK07;LK08;LK09;LK10;LK11,9445.0,5,Y35;Y36;Y37;Y38;Y39,709.1,859.10,859.10,18.0,36.0,60.0,1814.20,1.9843,0.90,1160.84,7160.0,15250.0,7160.0,15250.0,CCW,15250.0,6.1679,13.1370,13.1370,FAIL,FAIL_CAPACITY,NOT_MODELED,PROXY_SCREENING_ASSUMPTION
S01,Y35-Y36,Keelung River Undercrossing,S2,YES,Y35,Y36,1,LK07,1685.0,0,NONE,123.3,123.30,123.30,18.0,36.0,60.0,342.60,10.5079,0.90,6147.11,5640.0,15250.0,5640.0,15250.0,CCW,15250.0,0.9175,2.4808,2.4808,FAIL,FAIL_CAPACITY,NOT_MODELED,PROXY_SCREENING_ASSUMPTION
S01,Y35-Y37,Contiguous Interval Y35-Y37,CONTIGUOUS_SUBINTERVAL,NO,Y35,Y37,2,LK07;LK08,2510.0,1,Y36,208.0,238.00,238.00,18.0,36.0,60.0,572.00,6.2937,0.90,3681.82,7160.0,15250.0,7160.0,15250.0,CCW,15250.0,1.9447,4.1420,4.1420,FAIL,FAIL_CAPACITY,NOT_MODELED,PROXY_SCREENING_ASSUMPTION
S01,Y35-Y38,Contiguous Interval Y35-Y38,CONTIGUOUS_SUBINTERVAL,NO,Y35,Y38,3,LK07;LK08;LK09,4300.0,2,Y36;Y37,335.7,395.70,395.70,18.0,36.0,60.0,887.40,4.0568,0.90,2373.23,7160.0,15250.0,7160.0,15250.0,CCW,15250.0,3.0170,6.4259,6.4259,FAIL,FAIL_CAPACITY,NOT_MODELED,PROXY_SCREENING_ASSUMPTION
S01,Y35-Y39,Contiguous Interval Y35-Y39,CONTIGUOUS_SUBINTERVAL,NO,Y35,Y39,4,LK07;LK08;LK09;LK10,5300.0,3,Y36;Y37;Y38,427.8,517.80,517.80,18.0,36.0,60.0,1131.60,3.1813,0.90,1861.08,7160.0,15250.0,7160.0,15250.0,CCW,15250.0,3.8472,8.1942,8.1942,FAIL,FAIL_CAPACITY,NOT_MODELED,PROXY_SCREENING_ASSUMPTION
S01,Y35-Y01,Contiguous Interval Y35-Y01,CONTIGUOUS_SUBINTERVAL,NO,Y35,Y01,5,LK07;LK08;LK09;LK10;LK11,8540.0,4,Y36;Y37;Y38;Y39,620.8,740.80,740.80,18.0,36.0,60.0,1577.60,2.2819,0.90,1334.94,7160.0,15250.0,7160.0,15250.0,CCW,15250.0,5.3635,11.4237,11.4237,FAIL,FAIL_CAPACITY,NOT_MODELED,PROXY_SCREENING_ASSUMPTION
S01,Y36-Y37,Contiguous Interval Y36-Y37,CONTIGUOUS_SUBINTERVAL,NO,Y36,Y37,1,LK08,825.0,0,NONE,84.7,84.70,84.70,18.0,36.0,60.0,265.40,13.5644,0.90,7935.19,7160.0,13200.0,7160.0,13200.0,CCW,13200.0,0.9023,1.6635,1.6635,FAIL,FAIL_CAPACITY,NOT_MODELED,PROXY_SCREENING_ASSUMPTION
S01,Y36-Y38,Contiguous Interval Y36-Y38,CONTIGUOUS_SUBINTERVAL,NO,Y36,Y38,2,LK08;LK09,2615.0,1,Y37,212.4,242.40,242.40,18.0,36.0,60.0,580.80,6.1983,0.90,3626.03,7160.0,13200.0,7160.0,13200.0,CCW,13200.0,1.9746,3.6403,3.6403,FAIL,FAIL_CAPACITY,NOT_MODELED,PROXY_SCREENING_ASSUMPTION
S01,Y36-Y39,Contiguous Interval Y36-Y39,CONTIGUOUS_SUBINTERVAL,NO,Y36,Y39,3,LK08;LK09;LK10,3615.0,2,Y37;Y38,304.5,364.50,364.50,18.0,36.0,60.0,825.00,4.3636,0.90,2552.73,7160.0,13200.0,7160.0,13200.0,CCW,13200.0,2.8048,5.1709,5.1709,FAIL,FAIL_CAPACITY,NOT_MODELED,PROXY_SCREENING_ASSUMPTION
S01,Y36-Y01,Contiguous Interval Y36-Y01,CONTIGUOUS_SUBINTERVAL,NO,Y36,Y01,4,LK08;LK09;LK10;LK11,6855.0,3,Y37;Y38;Y39,497.5,587.50,587.50,18.0,36.0,60.0,1271.00,2.8324,0.90,1656.96,7160.0,13200.0,7160.0,13200.0,CCW,13200.0,4.3212,7.9664,7.9664,FAIL,FAIL_CAPACITY,NOT_MODELED,PROXY_SCREENING_ASSUMPTION
S01,Y37-Y38,Contiguous Interval Y37-Y38,CONTIGUOUS_SUBINTERVAL,NO,Y37,Y38,1,LK09,1790.0,0,NONE,127.7,127.70,127.70,18.0,36.0,60.0,351.40,10.2447,0.90,5993.17,6120.0,12210.0,6120.0,12210.0,CCW,12210.0,1.0212,2.0373,2.0373,FAIL,FAIL_CAPACITY,NOT_MODELED,PROXY_SCREENING_ASSUMPTION
S01,Y37-Y39,Contiguous Interval Y37-Y39,CONTIGUOUS_SUBINTERVAL,NO,Y37,Y39,2,LK09;LK10,2790.0,1,Y38,219.8,249.80,249.80,18.0,36.0,60.0,595.60,6.0443,0.90,3535.93,6120.0,12210.0,6120.0,12210.0,CCW,12210.0,1.7308,3.4531,3.4531,FAIL,FAIL_CAPACITY,NOT_MODELED,PROXY_SCREENING_ASSUMPTION
S01,Y37-Y01,Contiguous Interval Y37-Y01,CONTIGUOUS_SUBINTERVAL,NO,Y37,Y01,3,LK09;LK10;LK11,6030.0,2,Y38;Y39,412.8,472.80,472.80,18.0,36.0,60.0,1041.60,3.4562,0.90,2021.89,6120.0,12210.0,6120.0,12210.0,CCW,12210.0,3.0269,6.0389,6.0389,FAIL,FAIL_CAPACITY,NOT_MODELED,PROXY_SCREENING_ASSUMPTION
S01,Y38-Y39,Contiguous Interval Y38-Y39,CONTIGUOUS_SUBINTERVAL,NO,Y38,Y39,1,LK10,1000.0,0,NONE,92.1,92.10,92.10,18.0,36.0,60.0,280.20,12.8480,0.90,7516.06,4060.0,11970.0,4060.0,11970.0,CCW,11970.0,0.5402,1.5926,1.5926,FAIL,FAIL_CAPACITY,NOT_MODELED,PROXY_SCREENING_ASSUMPTION
S01,Y38-Y01,Southern Tail Extended Section,S4,YES,Y38,Y01,2,LK10;LK11,4240.0,1,Y39,285.1,315.10,315.10,18.0,36.0,60.0,726.20,4.9573,0.90,2900.03,4590.0,11970.0,4590.0,11970.0,CCW,11970.0,1.5827,4.1275,4.1275,FAIL,FAIL_CAPACITY,NOT_MODELED,PROXY_SCREENING_ASSUMPTION
S01,Y39-Y01,Mountain Tunnel Section,S1,YES,Y39,Y01,1,LK11,3240.0,0,NONE,193.0,193.00,193.00,18.0,36.0,60.0,482.00,7.4689,0.90,4369.29,4590.0,10310.0,4590.0,10310.0,CCW,10310.0,1.0505,2.3596,2.3596,FAIL,FAIL_CAPACITY,NOT_MODELED,PROXY_SCREENING_ASSUMPTION
S02,Y29-Y30,Contiguous Interval Y29-Y30,CONTIGUOUS_SUBINTERVAL,NO,Y29,Y30,1,LK01,930.0,0,NONE,89.0,89.00,89.00,18.0,36.0,60.0,274.00,13.1387,0.90,7686.13,5700.0,2370.0,6270.0,2607.0,CW,6270.0,0.8158,0.3392,0.8158,COMFORTABLE,PRELIMINARY_CAPACITY_PASS_INFRASTRUCTURE_UNVERIFIED,NOT_MODELED,PROXY_SCREENING_ASSUMPTION
S02,Y29-Y31,Contiguous Interval Y29-Y31,CONTIGUOUS_SUBINTERVAL,NO,Y29,Y31,2,LK01;LK02,1915.0,1,Y30,180.9,210.90,210.90,18.0,36.0,60.0,517.80,6.9525,0.90,4067.21,5700.0,2420.0,6270.0,2662.0,CW,6270.0,1.5416,0.6545,1.5416,FAIL,FAIL_CAPACITY,NOT_MODELED,PROXY_SCREENING_ASSUMPTION
S02,Y29-Y32,Contiguous Interval Y29-Y32,CONTIGUOUS_SUBINTERVAL,NO,Y29,Y32,3,LK01;LK02;LK03,2450.0,2,Y30;Y31,252.7,312.70,312.70,18.0,36.0,60.0,721.40,4.9903,0.90,2919.32,5700.0,4070.0,6270.0,4477.0,CW,6270.0,2.1478,1.5336,2.1478,FAIL,FAIL_CAPACITY,NOT_MODELED,PROXY_SCREENING_ASSUMPTION
S02,Y29-Y33,Contiguous Interval Y29-Y33,CONTIGUOUS_SUBINTERVAL,NO,Y29,Y33,4,LK01;LK02;LK03;LK04,3325.0,3,Y30;Y31;Y32,339.6,429.60,429.60,18.0,36.0,60.0,955.20,3.7688,0.90,2204.77,5700.0,7170.0,6270.0,7887.0,CCW,7887.0,2.8438,3.5772,3.5772,FAIL,FAIL_CAPACITY,NOT_MODELED,PROXY_SCREENING_ASSUMPTION
S02,Y29-Y34,Contiguous Interval Y29-Y34,CONTIGUOUS_SUBINTERVAL,NO,Y29,Y34,5,LK01;LK02;LK03;LK04;LK05,4350.0,4,Y30;Y31;Y32;Y33,433.3,553.30,553.30,18.0,36.0,60.0,1202.60,2.9935,0.90,1751.21,5700.0,9330.0,6270.0,10263.0,CCW,10263.0,3.5804,5.8605,5.8605,FAIL,FAIL_CAPACITY,NOT_MODELED,PROXY_SCREENING_ASSUMPTION
S02,Y29-Y35,Contiguous Interval Y29-Y35,CONTIGUOUS_SUBINTERVAL,NO,Y29,Y35,6,LK01;LK02;LK03;LK04;LK05;LK06,5255.0,5,Y30;Y31;Y32;Y33;Y34,521.6,671.60,671.60,18.0,36.0,60.0,1439.20,2.5014,0.90,1463.31,5700.0,10740.0,6270.0,11814.0,CCW,11814.0,4.2848,8.0735,8.0735,FAIL,FAIL_CAPACITY,NOT_MODELED,PROXY_SCREENING_ASSUMPTION
S02,Y29-Y36,Contiguous Interval Y29-Y36,CONTIGUOUS_SUBINTERVAL,NO,Y29,Y36,7,LK01;LK02;LK03;LK04;LK05;LK06;LK07,6940.0,6,Y30;Y31;Y32;Y33;Y34;Y35,644.9,824.90,824.90,18.0,36.0,60.0,1745.80,2.0621,0.90,1206.32,5700.0,15250.0,6270.0,16775.0,CCW,16775.0,5.1976,13.9059,13.9059,FAIL,FAIL_CAPACITY,NOT_MODELED,PROXY_SCREENING_ASSUMPTION
S02,Y29-Y37,Contiguous Interval Y29-Y37,CONTIGUOUS_SUBINTERVAL,NO,Y29,Y37,8,LK01;LK02;LK03;LK04;LK05;LK06;LK07;LK08,7765.0,7,Y30;Y31;Y32;Y33;Y34;Y35;Y36,729.6,939.60,939.60,18.0,36.0,60.0,1975.20,1.8226,0.90,1066.22,7160.0,15250.0,7876.0,16775.0,CCW,16775.0,7.3868,15.7331,15.7331,FAIL,FAIL_CAPACITY,NOT_MODELED,PROXY_SCREENING_ASSUMPTION
S02,Y29-Y38,Contiguous Interval Y29-Y38,CONTIGUOUS_SUBINTERVAL,NO,Y29,Y38,9,LK01;LK02;LK03;LK04;LK05;LK06;LK07;LK08;LK09,9555.0,8,Y30;Y31;Y32;Y33;Y34;Y35;Y36;Y37,857.3,1097.30,1097.30,18.0,36.0,60.0,2290.60,1.5716,0.90,919.41,7160.0,15250.0,7876.0,16775.0,CCW,16775.0,8.5664,18.2454,18.2454,FAIL,FAIL_CAPACITY,NOT_MODELED,PROXY_SCREENING_ASSUMPTION
S02,Y29-Y39,Contiguous Interval Y29-Y39,CONTIGUOUS_SUBINTERVAL,NO,Y29,Y39,10,LK01;LK02;LK03;LK04;LK05;LK06;LK07;LK08;LK09;LK10,10555.0,9,Y30;Y31;Y32;Y33;Y34;Y35;Y36;Y37;Y38,949.4,1219.40,1219.40,18.0,36.0,60.0,2534.80,1.4202,0.90,830.83,7160.0,15250.0,7876.0,16775.0,CCW,16775.0,9.4796,20.1905,20.1905,FAIL,FAIL_CAPACITY,NOT_MODELED,PROXY_SCREENING_ASSUMPTION
S02,Y29-Y01,Contiguous Interval Y29-Y01,CONTIGUOUS_SUBINTERVAL,NO,Y29,Y01,11,LK01;LK02;LK03;LK04;LK05;LK06;LK07;LK08;LK09;LK10;LK11,13795.0,10,Y30;Y31;Y32;Y33;Y34;Y35;Y36;Y37;Y38;Y39,1142.4,1442.40,1442.40,18.0,36.0,60.0,2980.80,1.2077,0.90,706.52,7160.0,15250.0,7876.0,16775.0,CCW,16775.0,11.1476,23.7431,23.7431,FAIL,FAIL_CAPACITY,NOT_MODELED,PROXY_SCREENING_ASSUMPTION
S02,Y30-Y31,Contiguous Interval Y30-Y31,CONTIGUOUS_SUBINTERVAL,NO,Y30,Y31,1,LK02,985.0,0,NONE,91.9,91.90,91.90,18.0,36.0,60.0,279.80,12.8663,0.90,7526.80,5380.0,2420.0,5918.0,2662.0,CW,5918.0,0.7863,0.3537,0.7863,COMFORTABLE,PRELIMINARY_CAPACITY_PASS_INFRASTRUCTURE_UNVERIFIED,NOT_MODELED,PROXY_SCREENING_ASSUMPTION
S02,Y30-Y32,Contiguous Interval Y30-Y32,CONTIGUOUS_SUBINTERVAL,NO,Y30,Y32,2,LK02;LK03,1520.0,1,Y31,163.7,193.70,193.70,18.0,36.0,60.0,483.40,7.4472,0.90,4356.64,5380.0,4070.0,5918.0,4477.0,CW,5918.0,1.3584,1.0276,1.3584,FAIL,FAIL_CAPACITY,NOT_MODELED,PROXY_SCREENING_ASSUMPTION
S02,Y30-Y33,Ruiguang Road Core Corridor,S3,YES,Y30,Y33,3,LK02;LK03;LK04,2395.0,2,Y31;Y32,250.6,310.60,310.60,18.0,36.0,60.0,717.20,5.0195,0.90,2936.42,5380.0,7170.0,5918.0,7887.0,CCW,7887.0,2.0154,2.6859,2.6859,FAIL,FAIL_CAPACITY,NOT_MODELED,PROXY_SCREENING_ASSUMPTION
S02,Y30-Y34,Contiguous Interval Y30-Y34,CONTIGUOUS_SUBINTERVAL,NO,Y30,Y34,4,LK02;LK03;LK04;LK05,3420.0,3,Y31;Y32;Y33,344.3,434.30,434.30,18.0,36.0,60.0,964.60,3.7321,0.90,2183.29,5380.0,9330.0,5918.0,10263.0,CCW,10263.0,2.7106,4.7007,4.7007,FAIL,FAIL_CAPACITY,NOT_MODELED,PROXY_SCREENING_ASSUMPTION
S02,Y30-Y35,Contiguous Interval Y30-Y35,CONTIGUOUS_SUBINTERVAL,NO,Y30,Y35,5,LK02;LK03;LK04;LK05;LK06,4325.0,4,Y31;Y32;Y33;Y34,432.6,552.60,552.60,18.0,36.0,60.0,1201.20,2.9970,0.90,1753.25,5380.0,10740.0,5918.0,11814.0,CCW,11814.0,3.3755,6.7384,6.7384,FAIL,FAIL_CAPACITY,NOT_MODELED,PROXY_SCREENING_ASSUMPTION
S02,Y30-Y36,Contiguous Interval Y30-Y36,CONTIGUOUS_SUBINTERVAL,NO,Y30,Y36,6,LK02;LK03;LK04;LK05;LK06;LK07,6010.0,5,Y31;Y32;Y33;Y34;Y35,555.9,705.90,705.90,18.0,36.0,60.0,1507.80,2.3876,0.90,1396.74,5640.0,15250.0,6204.0,16775.0,CCW,16775.0,4.4418,12.0101,12.0101,FAIL,FAIL_CAPACITY,NOT_MODELED,PROXY_SCREENING_ASSUMPTION
S02,Y30-Y37,Contiguous Interval Y30-Y37,CONTIGUOUS_SUBINTERVAL,NO,Y30,Y37,7,LK02;LK03;LK04;LK05;LK06;LK07;LK08,6835.0,6,Y31;Y32;Y33;Y34;Y35;Y36,640.6,820.60,820.60,18.0,36.0,60.0,1737.20,2.0723,0.90,1212.30,7160.0,15250.0,7876.0,16775.0,CCW,16775.0,6.4968,13.8374,13.8374,FAIL,FAIL_CAPACITY,NOT_MODELED,PROXY_SCREENING_ASSUMPTION
S02,Y30-Y38,Contiguous Interval Y30-Y38,CONTIGUOUS_SUBINTERVAL,NO,Y30,Y38,8,LK02;LK03;LK04;LK05;LK06;LK07;LK08;LK09,8625.0,7,Y31;Y32;Y33;Y34;Y35;Y36;Y37,768.3,978.30,978.30,18.0,36.0,60.0,2052.60,1.7539,0.90,1026.02,7160.0,15250.0,7876.0,16775.0,CCW,16775.0,7.6763,16.3497,16.3497,FAIL,FAIL_CAPACITY,NOT_MODELED,PROXY_SCREENING_ASSUMPTION
S02,Y30-Y39,Contiguous Interval Y30-Y39,CONTIGUOUS_SUBINTERVAL,NO,Y30,Y39,9,LK02;LK03;LK04;LK05;LK06;LK07;LK08;LK09;LK10,9625.0,8,Y31;Y32;Y33;Y34;Y35;Y36;Y37;Y38,860.4,1100.40,1100.40,18.0,36.0,60.0,2296.80,1.5674,0.90,916.93,7160.0,15250.0,7876.0,16775.0,CCW,16775.0,8.5896,18.2948,18.2948,FAIL,FAIL_CAPACITY,NOT_MODELED,PROXY_SCREENING_ASSUMPTION
S02,Y30-Y01,Contiguous Interval Y30-Y01,CONTIGUOUS_SUBINTERVAL,NO,Y30,Y01,10,LK02;LK03;LK04;LK05;LK06;LK07;LK08;LK09;LK10;LK11,12865.0,9,Y31;Y32;Y33;Y34;Y35;Y36;Y37;Y38;Y39,1053.4,1323.40,1323.40,18.0,36.0,60.0,2742.80,1.3125,0.90,767.83,7160.0,15250.0,7876.0,16775.0,CCW,16775.0,10.2575,21.8473,21.8473,FAIL,FAIL_CAPACITY,NOT_MODELED,PROXY_SCREENING_ASSUMPTION
S02,Y31-Y32,Contiguous Interval Y31-Y32,CONTIGUOUS_SUBINTERVAL,NO,Y31,Y32,1,LK03,535.0,0,NONE,71.8,71.80,71.80,18.0,36.0,60.0,239.60,15.0250,0.90,8789.65,4130.0,4070.0,4543.0,4477.0,CW,4543.0,0.5169,0.5093,0.5169,COMFORTABLE,PRELIMINARY_CAPACITY_PASS_INFRASTRUCTURE_UNVERIFIED,NOT_MODELED,PROXY_SCREENING_ASSUMPTION
S02,Y31-Y33,Contiguous Interval Y31-Y33,CONTIGUOUS_SUBINTERVAL,NO,Y31,Y33,2,LK03;LK04,1410.0,1,Y32,158.7,188.70,188.70,18.0,36.0,60.0,473.40,7.6046,0.90,4448.67,4130.0,7170.0,4543.0,7887.0,CCW,7887.0,1.0212,1.7729,1.7729,FAIL,FAIL_CAPACITY,NOT_MODELED,PROXY_SCREENING_ASSUMPTION
S02,Y31-Y34,Contiguous Interval Y31-Y34,CONTIGUOUS_SUBINTERVAL,NO,Y31,Y34,3,LK03;LK04;LK05,2435.0,2,Y32;Y33,252.4,312.40,312.40,18.0,36.0,60.0,720.80,4.9945,0.90,2921.75,4130.0,9330.0,4543.0,10263.0,CCW,10263.0,1.5549,3.5126,3.5126,FAIL,FAIL_CAPACITY,NOT_MODELED,PROXY_SCREENING_ASSUMPTION
S02,Y31-Y35,Contiguous Interval Y31-Y35,CONTIGUOUS_SUBINTERVAL,NO,Y31,Y35,4,LK03;LK04;LK05;LK06,3340.0,3,Y32;Y33;Y34,340.7,430.70,430.70,18.0,36.0,60.0,957.40,3.7602,0.90,2199.71,4130.0,10740.0,4543.0,11814.0,CCW,11814.0,2.0653,5.3707,5.3707,FAIL,FAIL_CAPACITY,NOT_MODELED,PROXY_SCREENING_ASSUMPTION
S02,Y31-Y36,Contiguous Interval Y31-Y36,CONTIGUOUS_SUBINTERVAL,NO,Y31,Y36,5,LK03;LK04;LK05;LK06;LK07,5025.0,4,Y32;Y33;Y34;Y35,464.0,584.00,584.00,18.0,36.0,60.0,1264.00,2.8481,0.90,1666.14,5640.0,15250.0,6204.0,16775.0,CCW,16775.0,3.7236,10.0682,10.0682,FAIL,FAIL_CAPACITY,NOT_MODELED,PROXY_SCREENING_ASSUMPTION
S02,Y31-Y37,Contiguous Interval Y31-Y37,CONTIGUOUS_SUBINTERVAL,NO,Y31,Y37,6,LK03;LK04;LK05;LK06;LK07;LK08,5850.0,5,Y32;Y33;Y34;Y35;Y36,548.7,698.70,698.70,18.0,36.0,60.0,1493.40,2.4106,0.90,1410.20,7160.0,15250.0,7876.0,16775.0,CCW,16775.0,5.5850,11.8954,11.8954,FAIL,FAIL_CAPACITY,NOT_MODELED,PROXY_SCREENING_ASSUMPTION
S02,Y31-Y38,Contiguous Interval Y31-Y38,CONTIGUOUS_SUBINTERVAL,NO,Y31,Y38,7,LK03;LK04;LK05;LK06;LK07;LK08;LK09,7640.0,6,Y32;Y33;Y34;Y35;Y36;Y37,676.4,856.40,856.40,18.0,36.0,60.0,1808.80,1.9903,0.90,1164.31,7160.0,15250.0,7876.0,16775.0,CCW,16775.0,6.7645,14.4077,14.4077,FAIL,FAIL_CAPACITY,NOT_MODELED,PROXY_SCREENING_ASSUMPTION
S02,Y31-Y39,Contiguous Interval Y31-Y39,CONTIGUOUS_SUBINTERVAL,NO,Y31,Y39,8,LK03;LK04;LK05;LK06;LK07;LK08;LK09;LK10,8640.0,7,Y32;Y33;Y34;Y35;Y36;Y37;Y38,768.5,978.50,978.50,18.0,36.0,60.0,2053.00,1.7535,0.90,1025.82,7160.0,15250.0,7876.0,16775.0,CCW,16775.0,7.6778,16.3528,16.3528,FAIL,FAIL_CAPACITY,NOT_MODELED,PROXY_SCREENING_ASSUMPTION
S02,Y31-Y01,Contiguous Interval Y31-Y01,CONTIGUOUS_SUBINTERVAL,NO,Y31,Y01,9,LK03;LK04;LK05;LK06;LK07;LK08;LK09;LK10;LK11,11880.0,8,Y32;Y33;Y34;Y35;Y36;Y37;Y38;Y39,961.5,1201.50,1201.50,18.0,36.0,60.0,2499.00,1.4406,0.90,842.74,7160.0,15250.0,7876.0,16775.0,CCW,16775.0,9.3457,19.9054,19.9054,FAIL,FAIL_CAPACITY,NOT_MODELED,PROXY_SCREENING_ASSUMPTION
S02,Y32-Y33,Contiguous Interval Y32-Y33,CONTIGUOUS_SUBINTERVAL,NO,Y32,Y33,1,LK04,875.0,0,NONE,86.9,86.90,86.90,18.0,36.0,60.0,269.80,13.3432,0.90,7805.78,3440.0,7170.0,3784.0,7887.0,CCW,7887.0,0.4848,1.0104,1.0104,FAIL,FAIL_CAPACITY,NOT_MODELED,PROXY_SCREENING_ASSUMPTION
S02,Y32-Y34,Contiguous Interval Y32-Y34,CONTIGUOUS_SUBINTERVAL,NO,Y32,Y34,2,LK04;LK05,1900.0,1,Y33,180.6,210.60,210.60,18.0,36.0,60.0,517.20,6.9606,0.90,4071.93,4120.0,9330.0,4532.0,10263.0,CCW,10263.0,1.1130,2.5204,2.5204,FAIL,FAIL_CAPACITY,NOT_MODELED,PROXY_SCREENING_ASSUMPTION
S02,Y32-Y35,Contiguous Interval Y32-Y35,CONTIGUOUS_SUBINTERVAL,NO,Y32,Y35,3,LK04;LK05;LK06,2805.0,2,Y33;Y34,268.9,328.90,328.90,18.0,36.0,60.0,753.80,4.7758,0.90,2793.84,4120.0,10740.0,4532.0,11814.0,CCW,11814.0,1.6221,4.2286,4.2286,FAIL,FAIL_CAPACITY,NOT_MODELED,PROXY_SCREENING_ASSUMPTION
S02,Y32-Y36,Contiguous Interval Y32-Y36,CONTIGUOUS_SUBINTERVAL,NO,Y32,Y36,4,LK04;LK05;LK06;LK07,4490.0,3,Y33;Y34;Y35,392.2,482.20,482.20,18.0,36.0,60.0,1060.40,3.3949,0.90,1986.04,5640.0,15250.0,6204.0,16775.0,CCW,16775.0,3.1238,8.4464,8.4464,FAIL,FAIL_CAPACITY,NOT_MODELED,PROXY_SCREENING_ASSUMPTION
S02,Y32-Y37,Contiguous Interval Y32-Y37,CONTIGUOUS_SUBINTERVAL,NO,Y32,Y37,5,LK04;LK05;LK06;LK07;LK08,5315.0,4,Y33;Y34;Y35;Y36,476.9,596.90,596.90,18.0,36.0,60.0,1289.80,2.7911,0.90,1632.81,7160.0,15250.0,7876.0,16775.0,CCW,16775.0,4.8236,10.2737,10.2737,FAIL,FAIL_CAPACITY,NOT_MODELED,PROXY_SCREENING_ASSUMPTION
S02,Y32-Y38,Contiguous Interval Y32-Y38,CONTIGUOUS_SUBINTERVAL,NO,Y32,Y38,6,LK04;LK05;LK06;LK07;LK08;LK09,7105.0,5,Y33;Y34;Y35;Y36;Y37,604.6,754.60,754.60,18.0,36.0,60.0,1605.20,2.2427,0.90,1311.99,7160.0,15250.0,7876.0,16775.0,CCW,16775.0,6.0031,12.7860,12.7860,FAIL,FAIL_CAPACITY,NOT_MODELED,PROXY_SCREENING_ASSUMPTION
S02,Y32-Y39,Contiguous Interval Y32-Y39,CONTIGUOUS_SUBINTERVAL,NO,Y32,Y39,7,LK04;LK05;LK06;LK07;LK08;LK09;LK10,8105.0,6,Y33;Y34;Y35;Y36;Y37;Y38,696.7,876.70,876.70,18.0,36.0,60.0,1849.40,1.9466,0.90,1138.75,7160.0,15250.0,7876.0,16775.0,CCW,16775.0,6.9164,14.7311,14.7311,FAIL,FAIL_CAPACITY,NOT_MODELED,PROXY_SCREENING_ASSUMPTION
S02,Y32-Y01,Contiguous Interval Y32-Y01,CONTIGUOUS_SUBINTERVAL,NO,Y32,Y01,8,LK04;LK05;LK06;LK07;LK08;LK09;LK10;LK11,11345.0,7,Y33;Y34;Y35;Y36;Y37;Y38;Y39,889.7,1099.70,1099.70,18.0,36.0,60.0,2295.40,1.5684,0.90,917.49,7160.0,15250.0,7876.0,16775.0,CCW,16775.0,8.5843,18.2836,18.2836,FAIL,FAIL_CAPACITY,NOT_MODELED,PROXY_SCREENING_ASSUMPTION
S02,Y33-Y34,Contiguous Interval Y33-Y34,CONTIGUOUS_SUBINTERVAL,NO,Y33,Y34,1,LK05,1025.0,0,NONE,93.7,93.70,93.70,18.0,36.0,60.0,283.40,12.7029,0.90,7431.19,4120.0,9330.0,4532.0,10263.0,CCW,10263.0,0.6099,1.3811,1.3811,FAIL,FAIL_CAPACITY,NOT_MODELED,PROXY_SCREENING_ASSUMPTION
S02,Y33-Y35,Contiguous Interval Y33-Y35,CONTIGUOUS_SUBINTERVAL,NO,Y33,Y35,2,LK05;LK06,1930.0,1,Y34,182.0,212.00,212.00,18.0,36.0,60.0,520.00,6.9231,0.90,4050.00,4120.0,10740.0,4532.0,11814.0,CCW,11814.0,1.1190,2.9170,2.9170,FAIL,FAIL_CAPACITY,NOT_MODELED,PROXY_SCREENING_ASSUMPTION
S02,Y33-Y36,Contiguous Interval Y33-Y36,CONTIGUOUS_SUBINTERVAL,NO,Y33,Y36,3,LK05;LK06;LK07,3615.0,2,Y34;Y35,305.3,365.30,365.30,18.0,36.0,60.0,826.60,4.3552,0.90,2547.79,5640.0,15250.0,6204.0,16775.0,CCW,16775.0,2.4351,6.5841,6.5841,FAIL,FAIL_CAPACITY,NOT_MODELED,PROXY_SCREENING_ASSUMPTION
S02,Y33-Y37,Contiguous Interval Y33-Y37,CONTIGUOUS_SUBINTERVAL,NO,Y33,Y37,4,LK05;LK06;LK07;LK08,4440.0,3,Y34;Y35;Y36,390.0,480.00,480.00,18.0,36.0,60.0,1056.00,3.4091,0.90,1994.32,7160.0,15250.0,7876.0,16775.0,CCW,16775.0,3.9492,8.4114,8.4114,FAIL,FAIL_CAPACITY,NOT_MODELED,PROXY_SCREENING_ASSUMPTION
S02,Y33-Y38,Contiguous Interval Y33-Y38,CONTIGUOUS_SUBINTERVAL,NO,Y33,Y38,5,LK05;LK06;LK07;LK08;LK09,6230.0,4,Y34;Y35;Y36;Y37,517.7,637.70,637.70,18.0,36.0,60.0,1371.40,2.6251,0.90,1535.66,7160.0,15250.0,7876.0,16775.0,CCW,16775.0,5.1287,10.9237,10.9237,FAIL,FAIL_CAPACITY,NOT_MODELED,PROXY_SCREENING_ASSUMPTION
S02,Y33-Y39,Contiguous Interval Y33-Y39,CONTIGUOUS_SUBINTERVAL,NO,Y33,Y39,6,LK05;LK06;LK07;LK08;LK09;LK10,7230.0,5,Y34;Y35;Y36;Y37;Y38,609.8,759.80,759.80,18.0,36.0,60.0,1615.60,2.2283,0.90,1303.54,7160.0,15250.0,7876.0,16775.0,CCW,16775.0,6.0420,12.8688,12.8688,FAIL,FAIL_CAPACITY,NOT_MODELED,PROXY_SCREENING_ASSUMPTION
S02,Y33-Y01,Contiguous Interval Y33-Y01,CONTIGUOUS_SUBINTERVAL,NO,Y33,Y01,7,LK05;LK06;LK07;LK08;LK09;LK10;LK11,10470.0,6,Y34;Y35;Y36;Y37;Y38;Y39,802.8,982.80,982.80,18.0,36.0,60.0,2061.60,1.7462,0.90,1021.54,7160.0,15250.0,7876.0,16775.0,CCW,16775.0,7.7100,16.4213,16.4213,FAIL,FAIL_CAPACITY,NOT_MODELED,PROXY_SCREENING_ASSUMPTION
S02,Y34-Y35,Contiguous Interval Y34-Y35,CONTIGUOUS_SUBINTERVAL,NO,Y34,Y35,1,LK06,905.0,0,NONE,88.3,88.30,88.30,18.0,36.0,60.0,272.60,13.2062,0.90,7725.61,4010.0,10740.0,4411.0,11814.0,CCW,11814.0,0.5710,1.5292,1.5292,FAIL,FAIL_CAPACITY,NOT_MODELED,PROXY_SCREENING_ASSUMPTION
S02,Y34-Y36,Contiguous Interval Y34-Y36,CONTIGUOUS_SUBINTERVAL,NO,Y34,Y36,2,LK06;LK07,2590.0,1,Y35,211.6,241.60,241.60,18.0,36.0,60.0,579.20,6.2155,0.90,3636.05,5640.0,15250.0,6204.0,16775.0,CCW,16775.0,1.7062,4.6135,4.6135,FAIL,FAIL_CAPACITY,NOT_MODELED,PROXY_SCREENING_ASSUMPTION
S02,Y34-Y37,Contiguous Interval Y34-Y37,CONTIGUOUS_SUBINTERVAL,NO,Y34,Y37,3,LK06;LK07;LK08,3415.0,2,Y35;Y36,296.3,356.30,356.30,18.0,36.0,60.0,808.60,4.4521,0.90,2604.50,7160.0,15250.0,7876.0,16775.0,CCW,16775.0,3.0240,6.4408,6.4408,FAIL,FAIL_CAPACITY,NOT_MODELED,PROXY_SCREENING_ASSUMPTION
S02,Y34-Y38,Contiguous Interval Y34-Y38,CONTIGUOUS_SUBINTERVAL,NO,Y34,Y38,4,LK06;LK07;LK08;LK09,5205.0,3,Y35;Y36;Y37,424.0,514.00,514.00,18.0,36.0,60.0,1124.00,3.2028,0.90,1873.67,7160.0,15250.0,7876.0,16775.0,CCW,16775.0,4.2035,8.9530,8.9530,FAIL,FAIL_CAPACITY,NOT_MODELED,PROXY_SCREENING_ASSUMPTION
S02,Y34-Y39,Contiguous Interval Y34-Y39,CONTIGUOUS_SUBINTERVAL,NO,Y34,Y39,5,LK06;LK07;LK08;LK09;LK10,6205.0,4,Y35;Y36;Y37;Y38,516.1,636.10,636.10,18.0,36.0,60.0,1368.20,2.6312,0.90,1539.25,7160.0,15250.0,7876.0,16775.0,CCW,16775.0,5.1168,10.8982,10.8982,FAIL,FAIL_CAPACITY,NOT_MODELED,PROXY_SCREENING_ASSUMPTION
S02,Y34-Y01,Contiguous Interval Y34-Y01,CONTIGUOUS_SUBINTERVAL,NO,Y34,Y01,6,LK06;LK07;LK08;LK09;LK10;LK11,9445.0,5,Y35;Y36;Y37;Y38;Y39,709.1,859.10,859.10,18.0,36.0,60.0,1814.20,1.9843,0.90,1160.84,7160.0,15250.0,7876.0,16775.0,CCW,16775.0,6.7847,14.4507,14.4507,FAIL,FAIL_CAPACITY,NOT_MODELED,PROXY_SCREENING_ASSUMPTION
S02,Y35-Y36,Keelung River Undercrossing,S2,YES,Y35,Y36,1,LK07,1685.0,0,NONE,123.3,123.30,123.30,18.0,36.0,60.0,342.60,10.5079,0.90,6147.11,5640.0,15250.0,6204.0,16775.0,CCW,16775.0,1.0093,2.7289,2.7289,FAIL,FAIL_CAPACITY,NOT_MODELED,PROXY_SCREENING_ASSUMPTION
S02,Y35-Y37,Contiguous Interval Y35-Y37,CONTIGUOUS_SUBINTERVAL,NO,Y35,Y37,2,LK07;LK08,2510.0,1,Y36,208.0,238.00,238.00,18.0,36.0,60.0,572.00,6.2937,0.90,3681.82,7160.0,15250.0,7876.0,16775.0,CCW,16775.0,2.1392,4.5562,4.5562,FAIL,FAIL_CAPACITY,NOT_MODELED,PROXY_SCREENING_ASSUMPTION
S02,Y35-Y38,Contiguous Interval Y35-Y38,CONTIGUOUS_SUBINTERVAL,NO,Y35,Y38,3,LK07;LK08;LK09,4300.0,2,Y36;Y37,335.7,395.70,395.70,18.0,36.0,60.0,887.40,4.0568,0.90,2373.23,7160.0,15250.0,7876.0,16775.0,CCW,16775.0,3.3187,7.0684,7.0684,FAIL,FAIL_CAPACITY,NOT_MODELED,PROXY_SCREENING_ASSUMPTION
S02,Y35-Y39,Contiguous Interval Y35-Y39,CONTIGUOUS_SUBINTERVAL,NO,Y35,Y39,4,LK07;LK08;LK09;LK10,5300.0,3,Y36;Y37;Y38,427.8,517.80,517.80,18.0,36.0,60.0,1131.60,3.1813,0.90,1861.08,7160.0,15250.0,7876.0,16775.0,CCW,16775.0,4.2319,9.0136,9.0136,FAIL,FAIL_CAPACITY,NOT_MODELED,PROXY_SCREENING_ASSUMPTION
S02,Y35-Y01,Contiguous Interval Y35-Y01,CONTIGUOUS_SUBINTERVAL,NO,Y35,Y01,5,LK07;LK08;LK09;LK10;LK11,8540.0,4,Y36;Y37;Y38;Y39,620.8,740.80,740.80,18.0,36.0,60.0,1577.60,2.2819,0.90,1334.94,7160.0,15250.0,7876.0,16775.0,CCW,16775.0,5.8999,12.5661,12.5661,FAIL,FAIL_CAPACITY,NOT_MODELED,PROXY_SCREENING_ASSUMPTION
S02,Y36-Y37,Contiguous Interval Y36-Y37,CONTIGUOUS_SUBINTERVAL,NO,Y36,Y37,1,LK08,825.0,0,NONE,84.7,84.70,84.70,18.0,36.0,60.0,265.40,13.5644,0.90,7935.19,7160.0,13200.0,7876.0,14520.0,CCW,14520.0,0.9925,1.8298,1.8298,FAIL,FAIL_CAPACITY,NOT_MODELED,PROXY_SCREENING_ASSUMPTION
S02,Y36-Y38,Contiguous Interval Y36-Y38,CONTIGUOUS_SUBINTERVAL,NO,Y36,Y38,2,LK08;LK09,2615.0,1,Y37,212.4,242.40,242.40,18.0,36.0,60.0,580.80,6.1983,0.90,3626.03,7160.0,13200.0,7876.0,14520.0,CCW,14520.0,2.1721,4.0044,4.0044,FAIL,FAIL_CAPACITY,NOT_MODELED,PROXY_SCREENING_ASSUMPTION
S02,Y36-Y39,Contiguous Interval Y36-Y39,CONTIGUOUS_SUBINTERVAL,NO,Y36,Y39,3,LK08;LK09;LK10,3615.0,2,Y37;Y38,304.5,364.50,364.50,18.0,36.0,60.0,825.00,4.3636,0.90,2552.73,7160.0,13200.0,7876.0,14520.0,CCW,14520.0,3.0853,5.6880,5.6880,FAIL,FAIL_CAPACITY,NOT_MODELED,PROXY_SCREENING_ASSUMPTION
S02,Y36-Y01,Contiguous Interval Y36-Y01,CONTIGUOUS_SUBINTERVAL,NO,Y36,Y01,4,LK08;LK09;LK10;LK11,6855.0,3,Y37;Y38;Y39,497.5,587.50,587.50,18.0,36.0,60.0,1271.00,2.8324,0.90,1656.96,7160.0,13200.0,7876.0,14520.0,CCW,14520.0,4.7533,8.7630,8.7630,FAIL,FAIL_CAPACITY,NOT_MODELED,PROXY_SCREENING_ASSUMPTION
S02,Y37-Y38,Contiguous Interval Y37-Y38,CONTIGUOUS_SUBINTERVAL,NO,Y37,Y38,1,LK09,1790.0,0,NONE,127.7,127.70,127.70,18.0,36.0,60.0,351.40,10.2447,0.90,5993.17,6120.0,12210.0,6732.0,13431.0,CCW,13431.0,1.1233,2.2411,2.2411,FAIL,FAIL_CAPACITY,NOT_MODELED,PROXY_SCREENING_ASSUMPTION
S02,Y37-Y39,Contiguous Interval Y37-Y39,CONTIGUOUS_SUBINTERVAL,NO,Y37,Y39,2,LK09;LK10,2790.0,1,Y38,219.8,249.80,249.80,18.0,36.0,60.0,595.60,6.0443,0.90,3535.93,6120.0,12210.0,6732.0,13431.0,CCW,13431.0,1.9039,3.7984,3.7984,FAIL,FAIL_CAPACITY,NOT_MODELED,PROXY_SCREENING_ASSUMPTION
S02,Y37-Y01,Contiguous Interval Y37-Y01,CONTIGUOUS_SUBINTERVAL,NO,Y37,Y01,3,LK09;LK10;LK11,6030.0,2,Y38;Y39,412.8,472.80,472.80,18.0,36.0,60.0,1041.60,3.4562,0.90,2021.89,6120.0,12210.0,6732.0,13431.0,CCW,13431.0,3.3296,6.6428,6.6428,FAIL,FAIL_CAPACITY,NOT_MODELED,PROXY_SCREENING_ASSUMPTION
S02,Y38-Y39,Contiguous Interval Y38-Y39,CONTIGUOUS_SUBINTERVAL,NO,Y38,Y39,1,LK10,1000.0,0,NONE,92.1,92.10,92.10,18.0,36.0,60.0,280.20,12.8480,0.90,7516.06,4060.0,11970.0,4466.0,13167.0,CCW,13167.0,0.5942,1.7518,1.7518,FAIL,FAIL_CAPACITY,NOT_MODELED,PROXY_SCREENING_ASSUMPTION
S02,Y38-Y01,Southern Tail Extended Section,S4,YES,Y38,Y01,2,LK10;LK11,4240.0,1,Y39,285.1,315.10,315.10,18.0,36.0,60.0,726.20,4.9573,0.90,2900.03,4590.0,11970.0,5049.0,13167.0,CCW,13167.0,1.7410,4.5403,4.5403,FAIL,FAIL_CAPACITY,NOT_MODELED,PROXY_SCREENING_ASSUMPTION
S02,Y39-Y01,Mountain Tunnel Section,S1,YES,Y39,Y01,1,LK11,3240.0,0,NONE,193.0,193.00,193.00,18.0,36.0,60.0,482.00,7.4689,0.90,4369.29,4590.0,10310.0,5049.0,11341.0,CCW,11341.0,1.1556,2.5956,2.5956,FAIL,FAIL_CAPACITY,NOT_MODELED,PROXY_SCREENING_ASSUMPTION
S03,Y29-Y30,Contiguous Interval Y29-Y30,CONTIGUOUS_SUBINTERVAL,NO,Y29,Y30,1,LK01,930.0,0,NONE,89.0,97.90,97.90,30.0,60.0,120.0,375.80,9.5796,0.90,5604.04,5700.0,2370.0,5700.0,2370.0,CW,5700.0,1.0171,0.4229,1.0171,FAIL,FAIL_CAPACITY,NOT_MODELED,PROXY_SCREENING_ASSUMPTION
S03,Y29-Y31,Contiguous Interval Y29-Y31,CONTIGUOUS_SUBINTERVAL,NO,Y29,Y31,2,LK01;LK02,1915.0,1,Y30,180.9,243.99,243.99,30.0,60.0,120.0,667.98,5.3894,0.90,3152.79,5700.0,2420.0,5700.0,2420.0,CW,5700.0,1.8079,0.7676,1.8079,FAIL,FAIL_CAPACITY,NOT_MODELED,PROXY_SCREENING_ASSUMPTION
S03,Y29-Y32,Contiguous Interval Y29-Y32,CONTIGUOUS_SUBINTERVAL,NO,Y29,Y32,3,LK01;LK02;LK03,2450.0,2,Y30;Y31,252.7,367.97,367.97,30.0,60.0,120.0,915.94,3.9304,0.90,2299.28,5700.0,4070.0,5700.0,4070.0,CW,5700.0,2.4790,1.7701,2.4790,FAIL,FAIL_CAPACITY,NOT_MODELED,PROXY_SCREENING_ASSUMPTION
S03,Y29-Y33,Contiguous Interval Y29-Y33,CONTIGUOUS_SUBINTERVAL,NO,Y29,Y33,4,LK01;LK02;LK03;LK04,3325.0,3,Y30;Y31;Y32,339.6,508.56,508.56,30.0,60.0,120.0,1197.12,3.0072,0.90,1759.22,5700.0,7170.0,5700.0,7170.0,CCW,7170.0,3.2401,4.0757,4.0757,FAIL,FAIL_CAPACITY,NOT_MODELED,PROXY_SCREENING_ASSUMPTION
S03,Y29-Y34,Contiguous Interval Y29-Y34,CONTIGUOUS_SUBINTERVAL,NO,Y29,Y34,5,LK01;LK02;LK03;LK04;LK05,4350.0,4,Y30;Y31;Y32;Y33,433.3,656.63,656.63,30.0,60.0,120.0,1493.26,2.4108,0.90,1410.34,5700.0,9330.0,5700.0,9330.0,CCW,9330.0,4.0416,6.6154,6.6154,FAIL,FAIL_CAPACITY,NOT_MODELED,PROXY_SCREENING_ASSUMPTION
S03,Y29-Y35,Contiguous Interval Y29-Y35,CONTIGUOUS_SUBINTERVAL,NO,Y29,Y35,6,LK01;LK02;LK03;LK04;LK05;LK06,5255.0,5,Y30;Y31;Y32;Y33;Y34,521.6,798.76,798.76,30.0,60.0,120.0,1777.52,2.0253,0.90,1184.80,5700.0,10740.0,5700.0,10740.0,CCW,10740.0,4.8110,9.0648,9.0648,FAIL,FAIL_CAPACITY,NOT_MODELED,PROXY_SCREENING_ASSUMPTION
S03,Y29-Y36,Contiguous Interval Y29-Y36,CONTIGUOUS_SUBINTERVAL,NO,Y29,Y36,7,LK01;LK02;LK03;LK04;LK05;LK06;LK07,6940.0,6,Y30;Y31;Y32;Y33;Y34;Y35,644.9,979.39,979.39,30.0,60.0,120.0,2138.78,1.6832,0.90,984.67,5700.0,15250.0,5700.0,15250.0,CCW,15250.0,5.7887,15.4874,15.4874,FAIL,FAIL_CAPACITY,NOT_MODELED,PROXY_SCREENING_ASSUMPTION
S03,Y29-Y37,Contiguous Interval Y29-Y37,CONTIGUOUS_SUBINTERVAL,NO,Y29,Y37,8,LK01;LK02;LK03;LK04;LK05;LK06;LK07;LK08,7765.0,7,Y30;Y31;Y32;Y33;Y34;Y35;Y36,729.6,1117.56,1117.56,30.0,60.0,120.0,2415.12,1.4906,0.90,872.01,7160.0,15250.0,7160.0,15250.0,CCW,15250.0,8.2109,17.4884,17.4884,FAIL,FAIL_CAPACITY,NOT_MODELED,PROXY_SCREENING_ASSUMPTION
S03,Y29-Y38,Contiguous Interval Y29-Y38,CONTIGUOUS_SUBINTERVAL,NO,Y29,Y38,9,LK01;LK02;LK03;LK04;LK05;LK06;LK07;LK08;LK09,9555.0,8,Y30;Y31;Y32;Y33;Y34;Y35;Y36;Y37,857.3,1303.03,1303.03,30.0,60.0,120.0,2786.06,1.2921,0.90,755.91,7160.0,15250.0,7160.0,15250.0,CCW,15250.0,9.4721,20.1745,20.1745,FAIL,FAIL_CAPACITY,NOT_MODELED,PROXY_SCREENING_ASSUMPTION
S03,Y29-Y39,Contiguous Interval Y29-Y39,CONTIGUOUS_SUBINTERVAL,NO,Y29,Y39,10,LK01;LK02;LK03;LK04;LK05;LK06;LK07;LK08;LK09;LK10,10555.0,9,Y30;Y31;Y32;Y33;Y34;Y35;Y36;Y37;Y38,949.4,1449.34,1449.34,30.0,60.0,120.0,3078.68,1.1693,0.90,684.06,7160.0,15250.0,7160.0,15250.0,CCW,15250.0,10.4669,22.2934,22.2934,FAIL,FAIL_CAPACITY,NOT_MODELED,PROXY_SCREENING_ASSUMPTION
S03,Y29-Y01,Contiguous Interval Y29-Y01,CONTIGUOUS_SUBINTERVAL,NO,Y29,Y01,11,LK01;LK02;LK03;LK04;LK05;LK06;LK07;LK08;LK09;LK10;LK11,13795.0,10,Y30;Y31;Y32;Y33;Y34;Y35;Y36;Y37;Y38;Y39,1142.4,1706.64,1706.64,30.0,60.0,120.0,3593.28,1.0019,0.90,586.09,7160.0,15250.0,7160.0,15250.0,CCW,15250.0,12.2165,26.0197,26.0197,FAIL,FAIL_CAPACITY,NOT_MODELED,PROXY_SCREENING_ASSUMPTION
S03,Y30-Y31,Contiguous Interval Y30-Y31,CONTIGUOUS_SUBINTERVAL,NO,Y30,Y31,1,LK02,985.0,0,NONE,91.9,101.09,101.09,30.0,60.0,120.0,382.18,9.4196,0.90,5510.49,5380.0,2420.0,5380.0,2420.0,CW,5380.0,0.9763,0.4392,0.9763,TIGHT,PRELIMINARY_CAPACITY_PASS_INFRASTRUCTURE_UNVERIFIED,NOT_MODELED,PROXY_SCREENING_ASSUMPTION
S03,Y30-Y32,Contiguous Interval Y30-Y32,CONTIGUOUS_SUBINTERVAL,NO,Y30,Y32,2,LK02;LK03,1520.0,1,Y31,163.7,225.07,225.07,30.0,60.0,120.0,630.14,5.7130,0.90,3342.11,5380.0,4070.0,5380.0,4070.0,CW,5380.0,1.6098,1.2178,1.6098,FAIL,FAIL_CAPACITY,NOT_MODELED,PROXY_SCREENING_ASSUMPTION
S03,Y30-Y33,Ruiguang Road Core Corridor,S3,YES,Y30,Y33,3,LK02;LK03;LK04,2395.0,2,Y31;Y32,250.6,365.66,365.66,30.0,60.0,120.0,911.32,3.9503,0.90,2310.93,5380.0,7170.0,5380.0,7170.0,CCW,7170.0,2.3281,3.1026,3.1026,FAIL,FAIL_CAPACITY,NOT_MODELED,PROXY_SCREENING_ASSUMPTION
S03,Y30-Y34,Contiguous Interval Y30-Y34,CONTIGUOUS_SUBINTERVAL,NO,Y30,Y34,4,LK02;LK03;LK04;LK05,3420.0,3,Y31;Y32;Y33,344.3,513.73,513.73,30.0,60.0,120.0,1207.46,2.9815,0.90,1744.16,5380.0,9330.0,5380.0,9330.0,CCW,9330.0,3.0846,5.3493,5.3493,FAIL,FAIL_CAPACITY,NOT_MODELED,PROXY_SCREENING_ASSUMPTION
S03,Y30-Y35,Contiguous Interval Y30-Y35,CONTIGUOUS_SUBINTERVAL,NO,Y30,Y35,5,LK02;LK03;LK04;LK05;LK06,4325.0,4,Y31;Y32;Y33;Y34,432.6,655.86,655.86,30.0,60.0,120.0,1491.72,2.4133,0.90,1411.79,5380.0,10740.0,5380.0,10740.0,CCW,10740.0,3.8108,7.6073,7.6073,FAIL,FAIL_CAPACITY,NOT_MODELED,PROXY_SCREENING_ASSUMPTION
S03,Y30-Y36,Contiguous Interval Y30-Y36,CONTIGUOUS_SUBINTERVAL,NO,Y30,Y36,6,LK02;LK03;LK04;LK05;LK06;LK07,6010.0,5,Y31;Y32;Y33;Y34;Y35,555.9,836.49,836.49,30.0,60.0,120.0,1852.98,1.9428,0.90,1136.55,5640.0,15250.0,5640.0,15250.0,CCW,15250.0,4.9624,13.4178,13.4178,FAIL,FAIL_CAPACITY,NOT_MODELED,PROXY_SCREENING_ASSUMPTION
S03,Y30-Y37,Contiguous Interval Y30-Y37,CONTIGUOUS_SUBINTERVAL,NO,Y30,Y37,7,LK02;LK03;LK04;LK05;LK06;LK07;LK08,6835.0,6,Y31;Y32;Y33;Y34;Y35;Y36,640.6,974.66,974.66,30.0,60.0,120.0,2129.32,1.6907,0.90,989.05,7160.0,15250.0,7160.0,15250.0,CCW,15250.0,7.2393,15.4189,15.4189,FAIL,FAIL_CAPACITY,NOT_MODELED,PROXY_SCREENING_ASSUMPTION
S03,Y30-Y38,Contiguous Interval Y30-Y38,CONTIGUOUS_SUBINTERVAL,NO,Y30,Y38,8,LK02;LK03;LK04;LK05;LK06;LK07;LK08;LK09,8625.0,7,Y31;Y32;Y33;Y34;Y35;Y36;Y37,768.3,1160.13,1160.13,30.0,60.0,120.0,2500.26,1.4399,0.90,842.31,7160.0,15250.0,7160.0,15250.0,CCW,15250.0,8.5004,18.1049,18.1049,FAIL,FAIL_CAPACITY,NOT_MODELED,PROXY_SCREENING_ASSUMPTION
S03,Y30-Y39,Contiguous Interval Y30-Y39,CONTIGUOUS_SUBINTERVAL,NO,Y30,Y39,9,LK02;LK03;LK04;LK05;LK06;LK07;LK08;LK09;LK10,9625.0,8,Y31;Y32;Y33;Y34;Y35;Y36;Y37;Y38,860.4,1306.44,1306.44,30.0,60.0,120.0,2792.88,1.2890,0.90,754.06,7160.0,15250.0,7160.0,15250.0,CCW,15250.0,9.4953,20.2238,20.2238,FAIL,FAIL_CAPACITY,NOT_MODELED,PROXY_SCREENING_ASSUMPTION
S03,Y30-Y01,Contiguous Interval Y30-Y01,CONTIGUOUS_SUBINTERVAL,NO,Y30,Y01,10,LK02;LK03;LK04;LK05;LK06;LK07;LK08;LK09;LK10;LK11,12865.0,9,Y31;Y32;Y33;Y34;Y35;Y36;Y37;Y38;Y39,1053.4,1563.74,1563.74,30.0,60.0,120.0,3307.48,1.0884,0.90,636.74,7160.0,15250.0,7160.0,15250.0,CCW,15250.0,11.2448,23.9502,23.9502,FAIL,FAIL_CAPACITY,NOT_MODELED,PROXY_SCREENING_ASSUMPTION
S03,Y31-Y32,Contiguous Interval Y31-Y32,CONTIGUOUS_SUBINTERVAL,NO,Y31,Y32,1,LK03,535.0,0,NONE,71.8,78.98,78.98,30.0,60.0,120.0,337.96,10.6521,0.90,6231.51,4130.0,4070.0,4130.0,4070.0,CW,4130.0,0.6628,0.6531,0.6628,COMFORTABLE,PRELIMINARY_CAPACITY_PASS_INFRASTRUCTURE_UNVERIFIED,NOT_MODELED,PROXY_SCREENING_ASSUMPTION
S03,Y31-Y33,Contiguous Interval Y31-Y33,CONTIGUOUS_SUBINTERVAL,NO,Y31,Y33,2,LK03;LK04,1410.0,1,Y32,158.7,219.57,219.57,30.0,60.0,120.0,619.14,5.8145,0.90,3401.49,4130.0,7170.0,4130.0,7170.0,CCW,7170.0,1.2142,2.1079,2.1079,FAIL,FAIL_CAPACITY,NOT_MODELED,PROXY_SCREENING_ASSUMPTION
S03,Y31-Y34,Contiguous Interval Y31-Y34,CONTIGUOUS_SUBINTERVAL,NO,Y31,Y34,3,LK03;LK04;LK05,2435.0,2,Y32;Y33,252.4,367.64,367.64,30.0,60.0,120.0,915.28,3.9332,0.90,2300.94,4130.0,9330.0,4130.0,9330.0,CCW,9330.0,1.7949,4.0549,4.0549,FAIL,FAIL_CAPACITY,NOT_MODELED,PROXY_SCREENING_ASSUMPTION
S03,Y31-Y35,Contiguous Interval Y31-Y35,CONTIGUOUS_SUBINTERVAL,NO,Y31,Y35,4,LK03;LK04;LK05;LK06,3340.0,3,Y32;Y33;Y34,340.7,509.77,509.77,30.0,60.0,120.0,1199.54,3.0012,0.90,1755.67,4130.0,10740.0,4130.0,10740.0,CCW,10740.0,2.3524,6.1173,6.1173,FAIL,FAIL_CAPACITY,NOT_MODELED,PROXY_SCREENING_ASSUMPTION
S03,Y31-Y36,Contiguous Interval Y31-Y36,CONTIGUOUS_SUBINTERVAL,NO,Y31,Y36,5,LK03;LK04;LK05;LK06;LK07,5025.0,4,Y32;Y33;Y34;Y35,464.0,690.40,690.40,30.0,60.0,120.0,1560.80,2.3065,0.90,1349.31,5640.0,15250.0,5640.0,15250.0,CCW,15250.0,4.1799,11.3021,11.3021,FAIL,FAIL_CAPACITY,NOT_MODELED,PROXY_SCREENING_ASSUMPTION
S03,Y31-Y37,Contiguous Interval Y31-Y37,CONTIGUOUS_SUBINTERVAL,NO,Y31,Y37,6,LK03;LK04;LK05;LK06;LK07;LK08,5850.0,5,Y32;Y33;Y34;Y35;Y36,548.7,828.57,828.57,30.0,60.0,120.0,1837.14,1.9596,0.90,1146.35,7160.0,15250.0,7160.0,15250.0,CCW,15250.0,6.2459,13.3031,13.3031,FAIL,FAIL_CAPACITY,NOT_MODELED,PROXY_SCREENING_ASSUMPTION
S03,Y31-Y38,Contiguous Interval Y31-Y38,CONTIGUOUS_SUBINTERVAL,NO,Y31,Y38,7,LK03;LK04;LK05;LK06;LK07;LK08;LK09,7640.0,6,Y32;Y33;Y34;Y35;Y36;Y37,676.4,1014.04,1014.04,30.0,60.0,120.0,2208.08,1.6304,0.90,953.77,7160.0,15250.0,7160.0,15250.0,CCW,15250.0,7.5071,15.9892,15.9892,FAIL,FAIL_CAPACITY,NOT_MODELED,PROXY_SCREENING_ASSUMPTION
S03,Y31-Y39,Contiguous Interval Y31-Y39,CONTIGUOUS_SUBINTERVAL,NO,Y31,Y39,8,LK03;LK04;LK05;LK06;LK07;LK08;LK09;LK10,8640.0,7,Y32;Y33;Y34;Y35;Y36;Y37;Y38,768.5,1160.35,1160.35,30.0,60.0,120.0,2500.70,1.4396,0.90,842.16,7160.0,15250.0,7160.0,15250.0,CCW,15250.0,8.5019,18.1081,18.1081,FAIL,FAIL_CAPACITY,NOT_MODELED,PROXY_SCREENING_ASSUMPTION
S03,Y31-Y01,Contiguous Interval Y31-Y01,CONTIGUOUS_SUBINTERVAL,NO,Y31,Y01,9,LK03;LK04;LK05;LK06;LK07;LK08;LK09;LK10;LK11,11880.0,8,Y32;Y33;Y34;Y35;Y36;Y37;Y38;Y39,961.5,1417.65,1417.65,30.0,60.0,120.0,3015.30,1.1939,0.90,698.44,7160.0,15250.0,7160.0,15250.0,CCW,15250.0,10.2514,21.8344,21.8344,FAIL,FAIL_CAPACITY,NOT_MODELED,PROXY_SCREENING_ASSUMPTION
S03,Y32-Y33,Contiguous Interval Y32-Y33,CONTIGUOUS_SUBINTERVAL,NO,Y32,Y33,1,LK04,875.0,0,NONE,86.9,95.59,95.59,30.0,60.0,120.0,371.18,9.6988,0.90,5673.80,3440.0,7170.0,3440.0,7170.0,CCW,7170.0,0.6063,1.2637,1.2637,FAIL,FAIL_CAPACITY,NOT_MODELED,PROXY_SCREENING_ASSUMPTION
S03,Y32-Y34,Contiguous Interval Y32-Y34,CONTIGUOUS_SUBINTERVAL,NO,Y32,Y34,2,LK04;LK05,1900.0,1,Y33,180.6,243.66,243.66,30.0,60.0,120.0,667.32,5.3947,0.90,3155.91,4120.0,9330.0,4120.0,9330.0,CCW,9330.0,1.3055,2.9564,2.9564,FAIL,FAIL_CAPACITY,NOT_MODELED,PROXY_SCREENING_ASSUMPTION
S03,Y32-Y35,Contiguous Interval Y32-Y35,CONTIGUOUS_SUBINTERVAL,NO,Y32,Y35,3,LK04;LK05;LK06,2805.0,2,Y33;Y34,268.9,385.79,385.79,30.0,60.0,120.0,951.58,3.7832,0.90,2213.16,4120.0,10740.0,4120.0,10740.0,CCW,10740.0,1.8616,4.8528,4.8528,FAIL,FAIL_CAPACITY,NOT_MODELED,PROXY_SCREENING_ASSUMPTION
S03,Y32-Y36,Contiguous Interval Y32-Y36,CONTIGUOUS_SUBINTERVAL,NO,Y32,Y36,4,LK04;LK05;LK06;LK07,4490.0,3,Y33;Y34;Y35,392.2,566.42,566.42,30.0,60.0,120.0,1312.84,2.7421,0.90,1604.16,5640.0,15250.0,5640.0,15250.0,CCW,15250.0,3.5159,9.5066,9.5066,FAIL,FAIL_CAPACITY,NOT_MODELED,PROXY_SCREENING_ASSUMPTION
S03,Y32-Y37,Contiguous Interval Y32-Y37,CONTIGUOUS_SUBINTERVAL,NO,Y32,Y37,5,LK04;LK05;LK06;LK07;LK08,5315.0,4,Y33;Y34;Y35;Y36,476.9,704.59,704.59,30.0,60.0,120.0,1589.18,2.2653,0.90,1325.21,7160.0,15250.0,7160.0,15250.0,CCW,15250.0,5.4029,11.5076,11.5076,FAIL,FAIL_CAPACITY,NOT_MODELED,PROXY_SCREENING_ASSUMPTION
S03,Y32-Y38,Contiguous Interval Y32-Y38,CONTIGUOUS_SUBINTERVAL,NO,Y32,Y38,6,LK04;LK05;LK06;LK07;LK08;LK09,7105.0,5,Y33;Y34;Y35;Y36;Y37,604.6,890.06,890.06,30.0,60.0,120.0,1960.12,1.8366,0.90,1074.42,7160.0,15250.0,7160.0,15250.0,CCW,15250.0,6.6640,14.1937,14.1937,FAIL,FAIL_CAPACITY,NOT_MODELED,PROXY_SCREENING_ASSUMPTION
S03,Y32-Y39,Contiguous Interval Y32-Y39,CONTIGUOUS_SUBINTERVAL,NO,Y32,Y39,7,LK04;LK05;LK06;LK07;LK08;LK09;LK10,8105.0,6,Y33;Y34;Y35;Y36;Y37;Y38,696.7,1036.37,1036.37,30.0,60.0,120.0,2252.74,1.5981,0.90,934.86,7160.0,15250.0,7160.0,15250.0,CCW,15250.0,7.6589,16.3126,16.3126,FAIL,FAIL_CAPACITY,NOT_MODELED,PROXY_SCREENING_ASSUMPTION
S03,Y32-Y01,Contiguous Interval Y32-Y01,CONTIGUOUS_SUBINTERVAL,NO,Y32,Y01,8,LK04;LK05;LK06;LK07;LK08;LK09;LK10;LK11,11345.0,7,Y33;Y34;Y35;Y36;Y37;Y38;Y39,889.7,1293.67,1293.67,30.0,60.0,120.0,2767.34,1.3009,0.90,761.02,7160.0,15250.0,7160.0,15250.0,CCW,15250.0,9.4084,20.0389,20.0389,FAIL,FAIL_CAPACITY,NOT_MODELED,PROXY_SCREENING_ASSUMPTION
S03,Y33-Y34,Contiguous Interval Y33-Y34,CONTIGUOUS_SUBINTERVAL,NO,Y33,Y34,1,LK05,1025.0,0,NONE,93.7,103.07,103.07,30.0,60.0,120.0,386.14,9.3230,0.90,5453.98,4120.0,9330.0,4120.0,9330.0,CCW,9330.0,0.7554,1.7107,1.7107,FAIL,FAIL_CAPACITY,NOT_MODELED,PROXY_SCREENING_ASSUMPTION
S03,Y33-Y35,Contiguous Interval Y33-Y35,CONTIGUOUS_SUBINTERVAL,NO,Y33,Y35,2,LK05;LK06,1930.0,1,Y34,182.0,245.20,245.20,30.0,60.0,120.0,670.40,5.3699,0.90,3141.41,4120.0,10740.0,4120.0,10740.0,CCW,10740.0,1.3115,3.4188,3.4188,FAIL,FAIL_CAPACITY,NOT_MODELED,PROXY_SCREENING_ASSUMPTION
S03,Y33-Y36,Contiguous Interval Y33-Y36,CONTIGUOUS_SUBINTERVAL,NO,Y33,Y36,3,LK05;LK06;LK07,3615.0,2,Y34;Y35,305.3,425.83,425.83,30.0,60.0,120.0,1031.66,3.4895,0.90,2041.37,5640.0,15250.0,5640.0,15250.0,CCW,15250.0,2.7629,7.4705,7.4705,FAIL,FAIL_CAPACITY,NOT_MODELED,PROXY_SCREENING_ASSUMPTION
S03,Y33-Y37,Contiguous Interval Y33-Y37,CONTIGUOUS_SUBINTERVAL,NO,Y33,Y37,4,LK05;LK06;LK07;LK08,4440.0,3,Y34;Y35;Y36,390.0,564.00,564.00,30.0,60.0,120.0,1308.00,2.7523,0.90,1610.09,7160.0,15250.0,7160.0,15250.0,CCW,15250.0,4.4470,9.4715,9.4715,FAIL,FAIL_CAPACITY,NOT_MODELED,PROXY_SCREENING_ASSUMPTION
S03,Y33-Y38,Contiguous Interval Y33-Y38,CONTIGUOUS_SUBINTERVAL,NO,Y33,Y38,5,LK05;LK06;LK07;LK08;LK09,6230.0,4,Y34;Y35;Y36;Y37,517.7,749.47,749.47,30.0,60.0,120.0,1678.94,2.1442,0.90,1254.36,7160.0,15250.0,7160.0,15250.0,CCW,15250.0,5.7081,12.1576,12.1576,FAIL,FAIL_CAPACITY,NOT_MODELED,PROXY_SCREENING_ASSUMPTION
S03,Y33-Y39,Contiguous Interval Y33-Y39,CONTIGUOUS_SUBINTERVAL,NO,Y33,Y39,6,LK05;LK06;LK07;LK08;LK09;LK10,7230.0,5,Y34;Y35;Y36;Y37;Y38,609.8,895.78,895.78,30.0,60.0,120.0,1971.56,1.8260,0.90,1068.19,7160.0,15250.0,7160.0,15250.0,CCW,15250.0,6.7029,14.2765,14.2765,FAIL,FAIL_CAPACITY,NOT_MODELED,PROXY_SCREENING_ASSUMPTION
S03,Y33-Y01,Contiguous Interval Y33-Y01,CONTIGUOUS_SUBINTERVAL,NO,Y33,Y01,7,LK05;LK06;LK07;LK08;LK09;LK10;LK11,10470.0,6,Y34;Y35;Y36;Y37;Y38;Y39,802.8,1153.08,1153.08,30.0,60.0,120.0,2486.16,1.4480,0.90,847.09,7160.0,15250.0,7160.0,15250.0,CCW,15250.0,8.4525,18.0028,18.0028,FAIL,FAIL_CAPACITY,NOT_MODELED,PROXY_SCREENING_ASSUMPTION
S03,Y34-Y35,Contiguous Interval Y34-Y35,CONTIGUOUS_SUBINTERVAL,NO,Y34,Y35,1,LK06,905.0,0,NONE,88.3,97.13,97.13,30.0,60.0,120.0,374.26,9.6190,0.90,5627.10,4010.0,10740.0,4010.0,10740.0,CCW,10740.0,0.7126,1.9086,1.9086,FAIL,FAIL_CAPACITY,NOT_MODELED,PROXY_SCREENING_ASSUMPTION
S03,Y34-Y36,Contiguous Interval Y34-Y36,CONTIGUOUS_SUBINTERVAL,NO,Y34,Y36,2,LK06;LK07,2590.0,1,Y35,211.6,277.76,277.76,30.0,60.0,120.0,735.52,4.8945,0.90,2863.28,5640.0,15250.0,5640.0,15250.0,CCW,15250.0,1.9698,5.3261,5.3261,FAIL,FAIL_CAPACITY,NOT_MODELED,PROXY_SCREENING_ASSUMPTION
S03,Y34-Y37,Contiguous Interval Y34-Y37,CONTIGUOUS_SUBINTERVAL,NO,Y34,Y37,3,LK06;LK07;LK08,3415.0,2,Y35;Y36,296.3,415.93,415.93,30.0,60.0,120.0,1011.86,3.5578,0.90,2081.32,7160.0,15250.0,7160.0,15250.0,CCW,15250.0,3.4401,7.3271,7.3271,FAIL,FAIL_CAPACITY,NOT_MODELED,PROXY_SCREENING_ASSUMPTION
S03,Y34-Y38,Contiguous Interval Y34-Y38,CONTIGUOUS_SUBINTERVAL,NO,Y34,Y38,4,LK06;LK07;LK08;LK09,5205.0,3,Y35;Y36;Y37,424.0,601.40,601.40,30.0,60.0,120.0,1382.80,2.6034,0.90,1523.00,7160.0,15250.0,7160.0,15250.0,CCW,15250.0,4.7013,10.0132,10.0132,FAIL,FAIL_CAPACITY,NOT_MODELED,PROXY_SCREENING_ASSUMPTION
S03,Y34-Y39,Contiguous Interval Y34-Y39,CONTIGUOUS_SUBINTERVAL,NO,Y34,Y39,5,LK06;LK07;LK08;LK09;LK10,6205.0,4,Y35;Y36;Y37;Y38,516.1,747.71,747.71,30.0,60.0,120.0,1675.42,2.1487,0.90,1257.00,7160.0,15250.0,7160.0,15250.0,CCW,15250.0,5.6961,12.1321,12.1321,FAIL,FAIL_CAPACITY,NOT_MODELED,PROXY_SCREENING_ASSUMPTION
S03,Y34-Y01,Contiguous Interval Y34-Y01,CONTIGUOUS_SUBINTERVAL,NO,Y34,Y01,6,LK06;LK07;LK08;LK09;LK10;LK11,9445.0,5,Y35;Y36;Y37;Y38;Y39,709.1,1005.01,1005.01,30.0,60.0,120.0,2190.02,1.6438,0.90,961.64,7160.0,15250.0,7160.0,15250.0,CCW,15250.0,7.4457,15.8584,15.8584,FAIL,FAIL_CAPACITY,NOT_MODELED,PROXY_SCREENING_ASSUMPTION
S03,Y35-Y36,Keelung River Undercrossing,S2,YES,Y35,Y36,1,LK07,1685.0,0,NONE,123.3,135.63,135.63,30.0,60.0,120.0,451.26,7.9777,0.90,4666.93,5640.0,15250.0,5640.0,15250.0,CCW,15250.0,1.2085,3.2677,3.2677,FAIL,FAIL_CAPACITY,NOT_MODELED,PROXY_SCREENING_ASSUMPTION
S03,Y35-Y37,Contiguous Interval Y35-Y37,CONTIGUOUS_SUBINTERVAL,NO,Y35,Y37,2,LK07;LK08,2510.0,1,Y36,208.0,273.80,273.80,30.0,60.0,120.0,727.60,4.9478,0.90,2894.45,7160.0,15250.0,7160.0,15250.0,CCW,15250.0,2.4737,5.2687,5.2687,FAIL,FAIL_CAPACITY,NOT_MODELED,PROXY_SCREENING_ASSUMPTION
S03,Y35-Y38,Contiguous Interval Y35-Y38,CONTIGUOUS_SUBINTERVAL,NO,Y35,Y38,3,LK07;LK08;LK09,4300.0,2,Y36;Y37,335.7,459.27,459.27,30.0,60.0,120.0,1098.54,3.2771,0.90,1917.09,7160.0,15250.0,7160.0,15250.0,CCW,15250.0,3.7348,7.9548,7.9548,FAIL,FAIL_CAPACITY,NOT_MODELED,PROXY_SCREENING_ASSUMPTION
S03,Y35-Y39,Contiguous Interval Y35-Y39,CONTIGUOUS_SUBINTERVAL,NO,Y35,Y39,4,LK07;LK08;LK09;LK10,5300.0,3,Y36;Y37;Y38,427.8,605.58,605.58,30.0,60.0,120.0,1391.16,2.5878,0.90,1513.84,7160.0,15250.0,7160.0,15250.0,CCW,15250.0,4.7297,10.0737,10.0737,FAIL,FAIL_CAPACITY,NOT_MODELED,PROXY_SCREENING_ASSUMPTION
S03,Y35-Y01,Contiguous Interval Y35-Y01,CONTIGUOUS_SUBINTERVAL,NO,Y35,Y01,5,LK07;LK08;LK09;LK10;LK11,8540.0,4,Y36;Y37;Y38;Y39,620.8,862.88,862.88,30.0,60.0,120.0,1905.76,1.8890,0.90,1105.07,7160.0,15250.0,7160.0,15250.0,CCW,15250.0,6.4792,13.8000,13.8000,FAIL,FAIL_CAPACITY,NOT_MODELED,PROXY_SCREENING_ASSUMPTION
S03,Y36-Y37,Contiguous Interval Y36-Y37,CONTIGUOUS_SUBINTERVAL,NO,Y36,Y37,1,LK08,825.0,0,NONE,84.7,93.17,93.17,30.0,60.0,120.0,366.34,9.8269,0.90,5748.76,7160.0,13200.0,7160.0,13200.0,CCW,13200.0,1.2455,2.2961,2.2961,FAIL,FAIL_CAPACITY,NOT_MODELED,PROXY_SCREENING_ASSUMPTION
S03,Y36-Y38,Contiguous Interval Y36-Y38,CONTIGUOUS_SUBINTERVAL,NO,Y36,Y38,2,LK08;LK09,2615.0,1,Y37,212.4,278.64,278.64,30.0,60.0,120.0,737.28,4.8828,0.90,2856.45,7160.0,13200.0,7160.0,13200.0,CCW,13200.0,2.5066,4.6211,4.6211,FAIL,FAIL_CAPACITY,NOT_MODELED,PROXY_SCREENING_ASSUMPTION
S03,Y36-Y39,Contiguous Interval Y36-Y39,CONTIGUOUS_SUBINTERVAL,NO,Y36,Y39,3,LK08;LK09;LK10,3615.0,2,Y37;Y38,304.5,424.95,424.95,30.0,60.0,120.0,1029.90,3.4955,0.90,2044.86,7160.0,13200.0,7160.0,13200.0,CCW,13200.0,3.5015,6.4552,6.4552,FAIL,FAIL_CAPACITY,NOT_MODELED,PROXY_SCREENING_ASSUMPTION
S03,Y36-Y01,Contiguous Interval Y36-Y01,CONTIGUOUS_SUBINTERVAL,NO,Y36,Y01,4,LK08;LK09;LK10;LK11,6855.0,3,Y37;Y38;Y39,497.5,682.25,682.25,30.0,60.0,120.0,1544.50,2.3309,0.90,1363.55,7160.0,13200.0,7160.0,13200.0,CCW,13200.0,5.2510,9.6806,9.6806,FAIL,FAIL_CAPACITY,NOT_MODELED,PROXY_SCREENING_ASSUMPTION
S03,Y37-Y38,Contiguous Interval Y37-Y38,CONTIGUOUS_SUBINTERVAL,NO,Y37,Y38,1,LK09,1790.0,0,NONE,127.7,140.47,140.47,30.0,60.0,120.0,460.94,7.8101,0.90,4568.92,6120.0,12210.0,6120.0,12210.0,CCW,12210.0,1.3395,2.6724,2.6724,FAIL,FAIL_CAPACITY,NOT_MODELED,PROXY_SCREENING_ASSUMPTION
S03,Y37-Y39,Contiguous Interval Y37-Y39,CONTIGUOUS_SUBINTERVAL,NO,Y37,Y39,2,LK09;LK10,2790.0,1,Y38,219.8,286.78,286.78,30.0,60.0,120.0,753.56,4.7773,0.90,2794.73,6120.0,12210.0,6120.0,12210.0,CCW,12210.0,2.1898,4.3689,4.3689,FAIL,FAIL_CAPACITY,NOT_MODELED,PROXY_SCREENING_ASSUMPTION
S03,Y37-Y01,Contiguous Interval Y37-Y01,CONTIGUOUS_SUBINTERVAL,NO,Y37,Y01,3,LK09;LK10;LK11,6030.0,2,Y38;Y39,412.8,544.08,544.08,30.0,60.0,120.0,1268.16,2.8388,0.90,1660.67,6120.0,12210.0,6120.0,12210.0,CCW,12210.0,3.6853,7.3524,7.3524,FAIL,FAIL_CAPACITY,NOT_MODELED,PROXY_SCREENING_ASSUMPTION
S03,Y38-Y39,Contiguous Interval Y38-Y39,CONTIGUOUS_SUBINTERVAL,NO,Y38,Y39,1,LK10,1000.0,0,NONE,92.1,101.31,101.31,30.0,60.0,120.0,382.62,9.4088,0.90,5504.16,4060.0,11970.0,4060.0,11970.0,CCW,11970.0,0.7376,2.1747,2.1747,FAIL,FAIL_CAPACITY,NOT_MODELED,PROXY_SCREENING_ASSUMPTION
S03,Y38-Y01,Southern Tail Extended Section,S4,YES,Y38,Y01,2,LK10;LK11,4240.0,1,Y39,285.1,358.61,358.61,30.0,60.0,120.0,897.22,4.0124,0.90,2347.25,4590.0,11970.0,4590.0,11970.0,CCW,11970.0,1.9555,5.0996,5.0996,FAIL,FAIL_CAPACITY,NOT_MODELED,PROXY_SCREENING_ASSUMPTION
S03,Y39-Y01,Mountain Tunnel Section,S1,YES,Y39,Y01,1,LK11,3240.0,0,NONE,193.0,212.30,212.30,30.0,60.0,120.0,604.60,5.9543,0.90,3483.29,4590.0,10310.0,4590.0,10310.0,CCW,10310.0,1.3177,2.9598,2.9598,FAIL,FAIL_CAPACITY,NOT_MODELED,PROXY_SCREENING_ASSUMPTION
S04,Y29-Y30,Contiguous Interval Y29-Y30,CONTIGUOUS_SUBINTERVAL,NO,Y29,Y30,1,LK01,930.0,0,NONE,89.0,97.90,97.90,30.0,60.0,120.0,375.80,9.5796,0.80,4981.37,5700.0,2370.0,6840.0,2844.0,CW,6840.0,1.3731,0.5709,1.3731,FAIL,FAIL_CAPACITY,NOT_MODELED,PROXY_SCREENING_ASSUMPTION
S04,Y29-Y31,Contiguous Interval Y29-Y31,CONTIGUOUS_SUBINTERVAL,NO,Y29,Y31,2,LK01;LK02,1915.0,1,Y30,180.9,243.99,243.99,30.0,60.0,120.0,667.98,5.3894,0.80,2802.48,5700.0,2420.0,6840.0,2904.0,CW,6840.0,2.4407,1.0362,2.4407,FAIL,FAIL_CAPACITY,NOT_MODELED,PROXY_SCREENING_ASSUMPTION
S04,Y29-Y32,Contiguous Interval Y29-Y32,CONTIGUOUS_SUBINTERVAL,NO,Y29,Y32,3,LK01;LK02;LK03,2450.0,2,Y30;Y31,252.7,367.97,367.97,30.0,60.0,120.0,915.94,3.9304,0.80,2043.80,5700.0,4070.0,6840.0,4884.0,CW,6840.0,3.3467,2.3897,3.3467,FAIL,FAIL_CAPACITY,NOT_MODELED,PROXY_SCREENING_ASSUMPTION
S04,Y29-Y33,Contiguous Interval Y29-Y33,CONTIGUOUS_SUBINTERVAL,NO,Y29,Y33,4,LK01;LK02;LK03;LK04,3325.0,3,Y30;Y31;Y32,339.6,508.56,508.56,30.0,60.0,120.0,1197.12,3.0072,0.80,1563.75,5700.0,7170.0,6840.0,8604.0,CCW,8604.0,4.3741,5.5021,5.5021,FAIL,FAIL_CAPACITY,NOT_MODELED,PROXY_SCREENING_ASSUMPTION
S04,Y29-Y34,Contiguous Interval Y29-Y34,CONTIGUOUS_SUBINTERVAL,NO,Y29,Y34,5,LK01;LK02;LK03;LK04;LK05,4350.0,4,Y30;Y31;Y32;Y33,433.3,656.63,656.63,30.0,60.0,120.0,1493.26,2.4108,0.80,1253.63,5700.0,9330.0,6840.0,11196.0,CCW,11196.0,5.4561,8.9308,8.9308,FAIL,FAIL_CAPACITY,NOT_MODELED,PROXY_SCREENING_ASSUMPTION
S04,Y29-Y35,Contiguous Interval Y29-Y35,CONTIGUOUS_SUBINTERVAL,NO,Y29,Y35,6,LK01;LK02;LK03;LK04;LK05;LK06,5255.0,5,Y30;Y31;Y32;Y33;Y34,521.6,798.76,798.76,30.0,60.0,120.0,1777.52,2.0253,0.80,1053.15,5700.0,10740.0,6840.0,12888.0,CCW,12888.0,6.4948,12.2375,12.2375,FAIL,FAIL_CAPACITY,NOT_MODELED,PROXY_SCREENING_ASSUMPTION
S04,Y29-Y36,Contiguous Interval Y29-Y36,CONTIGUOUS_SUBINTERVAL,NO,Y29,Y36,7,LK01;LK02;LK03;LK04;LK05;LK06;LK07,6940.0,6,Y30;Y31;Y32;Y33;Y34;Y35,644.9,979.39,979.39,30.0,60.0,120.0,2138.78,1.6832,0.80,875.27,5700.0,15250.0,6840.0,18300.0,CCW,18300.0,7.8148,20.9079,20.9079,FAIL,FAIL_CAPACITY,NOT_MODELED,PROXY_SCREENING_ASSUMPTION
S04,Y29-Y37,Contiguous Interval Y29-Y37,CONTIGUOUS_SUBINTERVAL,NO,Y29,Y37,8,LK01;LK02;LK03;LK04;LK05;LK06;LK07;LK08,7765.0,7,Y30;Y31;Y32;Y33;Y34;Y35;Y36,729.6,1117.56,1117.56,30.0,60.0,120.0,2415.12,1.4906,0.80,775.12,7160.0,15250.0,8592.0,18300.0,CCW,18300.0,11.0848,23.6093,23.6093,FAIL,FAIL_CAPACITY,NOT_MODELED,PROXY_SCREENING_ASSUMPTION
S04,Y29-Y38,Contiguous Interval Y29-Y38,CONTIGUOUS_SUBINTERVAL,NO,Y29,Y38,9,LK01;LK02;LK03;LK04;LK05;LK06;LK07;LK08;LK09,9555.0,8,Y30;Y31;Y32;Y33;Y34;Y35;Y36;Y37,857.3,1303.03,1303.03,30.0,60.0,120.0,2786.06,1.2921,0.80,671.92,7160.0,15250.0,8592.0,18300.0,CCW,18300.0,12.7873,27.2355,27.2355,FAIL,FAIL_CAPACITY,NOT_MODELED,PROXY_SCREENING_ASSUMPTION
S04,Y29-Y39,Contiguous Interval Y29-Y39,CONTIGUOUS_SUBINTERVAL,NO,Y29,Y39,10,LK01;LK02;LK03;LK04;LK05;LK06;LK07;LK08;LK09;LK10,10555.0,9,Y30;Y31;Y32;Y33;Y34;Y35;Y36;Y37;Y38,949.4,1449.34,1449.34,30.0,60.0,120.0,3078.68,1.1693,0.80,608.05,7160.0,15250.0,8592.0,18300.0,CCW,18300.0,14.1304,30.0961,30.0961,FAIL,FAIL_CAPACITY,NOT_MODELED,PROXY_SCREENING_ASSUMPTION
S04,Y29-Y01,Contiguous Interval Y29-Y01,CONTIGUOUS_SUBINTERVAL,NO,Y29,Y01,11,LK01;LK02;LK03;LK04;LK05;LK06;LK07;LK08;LK09;LK10;LK11,13795.0,10,Y30;Y31;Y32;Y33;Y34;Y35;Y36;Y37;Y38;Y39,1142.4,1706.64,1706.64,30.0,60.0,120.0,3593.28,1.0019,0.80,520.97,7160.0,15250.0,8592.0,18300.0,CCW,18300.0,16.4922,35.1266,35.1266,FAIL,FAIL_CAPACITY,NOT_MODELED,PROXY_SCREENING_ASSUMPTION
S04,Y30-Y31,Contiguous Interval Y30-Y31,CONTIGUOUS_SUBINTERVAL,NO,Y30,Y31,1,LK02,985.0,0,NONE,91.9,101.09,101.09,30.0,60.0,120.0,382.18,9.4196,0.80,4898.22,5380.0,2420.0,6456.0,2904.0,CW,6456.0,1.3180,0.5929,1.3180,FAIL,FAIL_CAPACITY,NOT_MODELED,PROXY_SCREENING_ASSUMPTION
S04,Y30-Y32,Contiguous Interval Y30-Y32,CONTIGUOUS_SUBINTERVAL,NO,Y30,Y32,2,LK02;LK03,1520.0,1,Y31,163.7,225.07,225.07,30.0,60.0,120.0,630.14,5.7130,0.80,2970.77,5380.0,4070.0,6456.0,4884.0,CW,6456.0,2.1732,1.6440,2.1732,FAIL,FAIL_CAPACITY,NOT_MODELED,PROXY_SCREENING_ASSUMPTION
S04,Y30-Y33,Ruiguang Road Core Corridor,S3,YES,Y30,Y33,3,LK02;LK03;LK04,2395.0,2,Y31;Y32,250.6,365.66,365.66,30.0,60.0,120.0,911.32,3.9503,0.80,2054.16,5380.0,7170.0,6456.0,8604.0,CCW,8604.0,3.1429,4.1886,4.1886,FAIL,FAIL_CAPACITY,NOT_MODELED,PROXY_SCREENING_ASSUMPTION
S04,Y30-Y34,Contiguous Interval Y30-Y34,CONTIGUOUS_SUBINTERVAL,NO,Y30,Y34,4,LK02;LK03;LK04;LK05,3420.0,3,Y31;Y32;Y33,344.3,513.73,513.73,30.0,60.0,120.0,1207.46,2.9815,0.80,1550.36,5380.0,9330.0,6456.0,11196.0,CCW,11196.0,4.1642,7.2215,7.2215,FAIL,FAIL_CAPACITY,NOT_MODELED,PROXY_SCREENING_ASSUMPTION
S04,Y30-Y35,Contiguous Interval Y30-Y35,CONTIGUOUS_SUBINTERVAL,NO,Y30,Y35,5,LK02;LK03;LK04;LK05;LK06,4325.0,4,Y31;Y32;Y33;Y34,432.6,655.86,655.86,30.0,60.0,120.0,1491.72,2.4133,0.80,1254.93,5380.0,10740.0,6456.0,12888.0,CCW,12888.0,5.1445,10.2699,10.2699,FAIL,FAIL_CAPACITY,NOT_MODELED,PROXY_SCREENING_ASSUMPTION
S04,Y30-Y36,Contiguous Interval Y30-Y36,CONTIGUOUS_SUBINTERVAL,NO,Y30,Y36,6,LK02;LK03;LK04;LK05;LK06;LK07,6010.0,5,Y31;Y32;Y33;Y34;Y35,555.9,836.49,836.49,30.0,60.0,120.0,1852.98,1.9428,0.80,1010.26,5640.0,15250.0,6768.0,18300.0,CCW,18300.0,6.6992,18.1141,18.1141,FAIL,FAIL_CAPACITY,NOT_MODELED,PROXY_SCREENING_ASSUMPTION
S04,Y30-Y37,Contiguous Interval Y30-Y37,CONTIGUOUS_SUBINTERVAL,NO,Y30,Y37,7,LK02;LK03;LK04;LK05;LK06;LK07;LK08,6835.0,6,Y31;Y32;Y33;Y34;Y35;Y36,640.6,974.66,974.66,30.0,60.0,120.0,2129.32,1.6907,0.80,879.15,7160.0,15250.0,8592.0,18300.0,CCW,18300.0,9.7730,20.8155,20.8155,FAIL,FAIL_CAPACITY,NOT_MODELED,PROXY_SCREENING_ASSUMPTION
S04,Y30-Y38,Contiguous Interval Y30-Y38,CONTIGUOUS_SUBINTERVAL,NO,Y30,Y38,8,LK02;LK03;LK04;LK05;LK06;LK07;LK08;LK09,8625.0,7,Y31;Y32;Y33;Y34;Y35;Y36;Y37,768.3,1160.13,1160.13,30.0,60.0,120.0,2500.26,1.4399,0.80,748.72,7160.0,15250.0,8592.0,18300.0,CCW,18300.0,11.4756,24.4416,24.4416,FAIL,FAIL_CAPACITY,NOT_MODELED,PROXY_SCREENING_ASSUMPTION
S04,Y30-Y39,Contiguous Interval Y30-Y39,CONTIGUOUS_SUBINTERVAL,NO,Y30,Y39,9,LK02;LK03;LK04;LK05;LK06;LK07;LK08;LK09;LK10,9625.0,8,Y31;Y32;Y33;Y34;Y35;Y36;Y37;Y38,860.4,1306.44,1306.44,30.0,60.0,120.0,2792.88,1.2890,0.80,670.28,7160.0,15250.0,8592.0,18300.0,CCW,18300.0,12.8186,27.3022,27.3022,FAIL,FAIL_CAPACITY,NOT_MODELED,PROXY_SCREENING_ASSUMPTION
S04,Y30-Y01,Contiguous Interval Y30-Y01,CONTIGUOUS_SUBINTERVAL,NO,Y30,Y01,10,LK02;LK03;LK04;LK05;LK06;LK07;LK08;LK09;LK10;LK11,12865.0,9,Y31;Y32;Y33;Y34;Y35;Y36;Y37;Y38;Y39,1053.4,1563.74,1563.74,30.0,60.0,120.0,3307.48,1.0884,0.80,565.99,7160.0,15250.0,8592.0,18300.0,CCW,18300.0,15.1805,32.3327,32.3327,FAIL,FAIL_CAPACITY,NOT_MODELED,PROXY_SCREENING_ASSUMPTION
S04,Y31-Y32,Contiguous Interval Y31-Y32,CONTIGUOUS_SUBINTERVAL,NO,Y31,Y32,1,LK03,535.0,0,NONE,71.8,78.98,78.98,30.0,60.0,120.0,337.96,10.6521,0.80,5539.12,4130.0,4070.0,4956.0,4884.0,CW,4956.0,0.8947,0.8817,0.8947,TIGHT,PRELIMINARY_CAPACITY_PASS_INFRASTRUCTURE_UNVERIFIED,NOT_MODELED,PROXY_SCREENING_ASSUMPTION
S04,Y31-Y33,Contiguous Interval Y31-Y33,CONTIGUOUS_SUBINTERVAL,NO,Y31,Y33,2,LK03;LK04,1410.0,1,Y32,158.7,219.57,219.57,30.0,60.0,120.0,619.14,5.8145,0.80,3023.55,4130.0,7170.0,4956.0,8604.0,CCW,8604.0,1.6391,2.8457,2.8457,FAIL,FAIL_CAPACITY,NOT_MODELED,PROXY_SCREENING_ASSUMPTION
S04,Y31-Y34,Contiguous Interval Y31-Y34,CONTIGUOUS_SUBINTERVAL,NO,Y31,Y34,3,LK03;LK04;LK05,2435.0,2,Y32;Y33,252.4,367.64,367.64,30.0,60.0,120.0,915.28,3.9332,0.80,2045.28,4130.0,9330.0,4956.0,11196.0,CCW,11196.0,2.4231,5.4741,5.4741,FAIL,FAIL_CAPACITY,NOT_MODELED,PROXY_SCREENING_ASSUMPTION
S04,Y31-Y35,Contiguous Interval Y31-Y35,CONTIGUOUS_SUBINTERVAL,NO,Y31,Y35,4,LK03;LK04;LK05;LK06,3340.0,3,Y32;Y33;Y34,340.7,509.77,509.77,30.0,60.0,120.0,1199.54,3.0012,0.80,1560.60,4130.0,10740.0,4956.0,12888.0,CCW,12888.0,3.1757,8.2584,8.2584,FAIL,FAIL_CAPACITY,NOT_MODELED,PROXY_SCREENING_ASSUMPTION
S04,Y31-Y36,Contiguous Interval Y31-Y36,CONTIGUOUS_SUBINTERVAL,NO,Y31,Y36,5,LK03;LK04;LK05;LK06;LK07,5025.0,4,Y32;Y33;Y34;Y35,464.0,690.40,690.40,30.0,60.0,120.0,1560.80,2.3065,0.80,1199.38,5640.0,15250.0,6768.0,18300.0,CCW,18300.0,5.6429,15.2578,15.2578,FAIL,FAIL_CAPACITY,NOT_MODELED,PROXY_SCREENING_ASSUMPTION
S04,Y31-Y37,Contiguous Interval Y31-Y37,CONTIGUOUS_SUBINTERVAL,NO,Y31,Y37,6,LK03;LK04;LK05;LK06;LK07;LK08,5850.0,5,Y32;Y33;Y34;Y35;Y36,548.7,828.57,828.57,30.0,60.0,120.0,1837.14,1.9596,0.80,1018.98,7160.0,15250.0,8592.0,18300.0,CCW,18300.0,8.4320,17.9592,17.9592,FAIL,FAIL_CAPACITY,NOT_MODELED,PROXY_SCREENING_ASSUMPTION
S04,Y31-Y38,Contiguous Interval Y31-Y38,CONTIGUOUS_SUBINTERVAL,NO,Y31,Y38,7,LK03;LK04;LK05;LK06;LK07;LK08;LK09,7640.0,6,Y32;Y33;Y34;Y35;Y36;Y37,676.4,1014.04,1014.04,30.0,60.0,120.0,2208.08,1.6304,0.80,847.80,7160.0,15250.0,8592.0,18300.0,CCW,18300.0,10.1345,21.5854,21.5854,FAIL,FAIL_CAPACITY,NOT_MODELED,PROXY_SCREENING_ASSUMPTION
S04,Y31-Y39,Contiguous Interval Y31-Y39,CONTIGUOUS_SUBINTERVAL,NO,Y31,Y39,8,LK03;LK04;LK05;LK06;LK07;LK08;LK09;LK10,8640.0,7,Y32;Y33;Y34;Y35;Y36;Y37;Y38,768.5,1160.35,1160.35,30.0,60.0,120.0,2500.70,1.4396,0.80,748.59,7160.0,15250.0,8592.0,18300.0,CCW,18300.0,11.4776,24.4459,24.4459,FAIL,FAIL_CAPACITY,NOT_MODELED,PROXY_SCREENING_ASSUMPTION
S04,Y31-Y01,Contiguous Interval Y31-Y01,CONTIGUOUS_SUBINTERVAL,NO,Y31,Y01,9,LK03;LK04;LK05;LK06;LK07;LK08;LK09;LK10;LK11,11880.0,8,Y32;Y33;Y34;Y35;Y36;Y37;Y38;Y39,961.5,1417.65,1417.65,30.0,60.0,120.0,3015.30,1.1939,0.80,620.83,7160.0,15250.0,8592.0,18300.0,CCW,18300.0,13.8395,29.4765,29.4765,FAIL,FAIL_CAPACITY,NOT_MODELED,PROXY_SCREENING_ASSUMPTION
S04,Y32-Y33,Contiguous Interval Y32-Y33,CONTIGUOUS_SUBINTERVAL,NO,Y32,Y33,1,LK04,875.0,0,NONE,86.9,95.59,95.59,30.0,60.0,120.0,371.18,9.6988,0.80,5043.38,3440.0,7170.0,4128.0,8604.0,CCW,8604.0,0.8185,1.7060,1.7060,FAIL,FAIL_CAPACITY,NOT_MODELED,PROXY_SCREENING_ASSUMPTION
S04,Y32-Y34,Contiguous Interval Y32-Y34,CONTIGUOUS_SUBINTERVAL,NO,Y32,Y34,2,LK04;LK05,1900.0,1,Y33,180.6,243.66,243.66,30.0,60.0,120.0,667.32,5.3947,0.80,2805.25,4120.0,9330.0,4944.0,11196.0,CCW,11196.0,1.7624,3.9911,3.9911,FAIL,FAIL_CAPACITY,NOT_MODELED,PROXY_SCREENING_ASSUMPTION
S04,Y32-Y35,Contiguous Interval Y32-Y35,CONTIGUOUS_SUBINTERVAL,NO,Y32,Y35,3,LK04;LK05;LK06,2805.0,2,Y33;Y34,268.9,385.79,385.79,30.0,60.0,120.0,951.58,3.7832,0.80,1967.25,4120.0,10740.0,4944.0,12888.0,CCW,12888.0,2.5131,6.5513,6.5513,FAIL,FAIL_CAPACITY,NOT_MODELED,PROXY_SCREENING_ASSUMPTION
S04,Y32-Y36,Contiguous Interval Y32-Y36,CONTIGUOUS_SUBINTERVAL,NO,Y32,Y36,4,LK04;LK05;LK06;LK07,4490.0,3,Y33;Y34;Y35,392.2,566.42,566.42,30.0,60.0,120.0,1312.84,2.7421,0.80,1425.92,5640.0,15250.0,6768.0,18300.0,CCW,18300.0,4.7464,12.8339,12.8339,FAIL,FAIL_CAPACITY,NOT_MODELED,PROXY_SCREENING_ASSUMPTION
S04,Y32-Y37,Contiguous Interval Y32-Y37,CONTIGUOUS_SUBINTERVAL,NO,Y32,Y37,5,LK04;LK05;LK06;LK07;LK08,5315.0,4,Y33;Y34;Y35;Y36,476.9,704.59,704.59,30.0,60.0,120.0,1589.18,2.2653,0.80,1177.97,7160.0,15250.0,8592.0,18300.0,CCW,18300.0,7.2939,15.5353,15.5353,FAIL,FAIL_CAPACITY,NOT_MODELED,PROXY_SCREENING_ASSUMPTION
S04,Y32-Y38,Contiguous Interval Y32-Y38,CONTIGUOUS_SUBINTERVAL,NO,Y32,Y38,6,LK04;LK05;LK06;LK07;LK08;LK09,7105.0,5,Y33;Y34;Y35;Y36;Y37,604.6,890.06,890.06,30.0,60.0,120.0,1960.12,1.8366,0.80,955.04,7160.0,15250.0,8592.0,18300.0,CCW,18300.0,8.9964,19.1614,19.1614,FAIL,FAIL_CAPACITY,NOT_MODELED,PROXY_SCREENING_ASSUMPTION
S04,Y32-Y39,Contiguous Interval Y32-Y39,CONTIGUOUS_SUBINTERVAL,NO,Y32,Y39,7,LK04;LK05;LK06;LK07;LK08;LK09;LK10,8105.0,6,Y33;Y34;Y35;Y36;Y37;Y38,696.7,1036.37,1036.37,30.0,60.0,120.0,2252.74,1.5981,0.80,830.99,7160.0,15250.0,8592.0,18300.0,CCW,18300.0,10.3395,22.0220,22.0220,FAIL,FAIL_CAPACITY,NOT_MODELED,PROXY_SCREENING_ASSUMPTION
S04,Y32-Y01,Contiguous Interval Y32-Y01,CONTIGUOUS_SUBINTERVAL,NO,Y32,Y01,8,LK04;LK05;LK06;LK07;LK08;LK09;LK10;LK11,11345.0,7,Y33;Y34;Y35;Y36;Y37;Y38;Y39,889.7,1293.67,1293.67,30.0,60.0,120.0,2767.34,1.3009,0.80,676.46,7160.0,15250.0,8592.0,18300.0,CCW,18300.0,12.7014,27.0525,27.0525,FAIL,FAIL_CAPACITY,NOT_MODELED,PROXY_SCREENING_ASSUMPTION
S04,Y33-Y34,Contiguous Interval Y33-Y34,CONTIGUOUS_SUBINTERVAL,NO,Y33,Y34,1,LK05,1025.0,0,NONE,93.7,103.07,103.07,30.0,60.0,120.0,386.14,9.3230,0.80,4847.98,4120.0,9330.0,4944.0,11196.0,CCW,11196.0,1.0198,2.3094,2.3094,FAIL,FAIL_CAPACITY,NOT_MODELED,PROXY_SCREENING_ASSUMPTION
S04,Y33-Y35,Contiguous Interval Y33-Y35,CONTIGUOUS_SUBINTERVAL,NO,Y33,Y35,2,LK05;LK06,1930.0,1,Y34,182.0,245.20,245.20,30.0,60.0,120.0,670.40,5.3699,0.80,2792.36,4120.0,10740.0,4944.0,12888.0,CCW,12888.0,1.7705,4.6154,4.6154,FAIL,FAIL_CAPACITY,NOT_MODELED,PROXY_SCREENING_ASSUMPTION
S04,Y33-Y36,Contiguous Interval Y33-Y36,CONTIGUOUS_SUBINTERVAL,NO,Y33,Y36,3,LK05;LK06;LK07,3615.0,2,Y34;Y35,305.3,425.83,425.83,30.0,60.0,120.0,1031.66,3.4895,0.80,1814.55,5640.0,15250.0,6768.0,18300.0,CCW,18300.0,3.7298,10.0851,10.0851,FAIL,FAIL_CAPACITY,NOT_MODELED,PROXY_SCREENING_ASSUMPTION
S04,Y33-Y37,Contiguous Interval Y33-Y37,CONTIGUOUS_SUBINTERVAL,NO,Y33,Y37,4,LK05;LK06;LK07;LK08,4440.0,3,Y34;Y35;Y36,390.0,564.00,564.00,30.0,60.0,120.0,1308.00,2.7523,0.80,1431.19,7160.0,15250.0,8592.0,18300.0,CCW,18300.0,6.0034,12.7865,12.7865,FAIL,FAIL_CAPACITY,NOT_MODELED,PROXY_SCREENING_ASSUMPTION
S04,Y33-Y38,Contiguous Interval Y33-Y38,CONTIGUOUS_SUBINTERVAL,NO,Y33,Y38,5,LK05;LK06;LK07;LK08;LK09,6230.0,4,Y34;Y35;Y36;Y37,517.7,749.47,749.47,30.0,60.0,120.0,1678.94,2.1442,0.80,1114.99,7160.0,15250.0,8592.0,18300.0,CCW,18300.0,7.7059,16.4127,16.4127,FAIL,FAIL_CAPACITY,NOT_MODELED,PROXY_SCREENING_ASSUMPTION
S04,Y33-Y39,Contiguous Interval Y33-Y39,CONTIGUOUS_SUBINTERVAL,NO,Y33,Y39,6,LK05;LK06;LK07;LK08;LK09;LK10,7230.0,5,Y34;Y35;Y36;Y37;Y38,609.8,895.78,895.78,30.0,60.0,120.0,1971.56,1.8260,0.80,949.50,7160.0,15250.0,8592.0,18300.0,CCW,18300.0,9.0490,19.2733,19.2733,FAIL,FAIL_CAPACITY,NOT_MODELED,PROXY_SCREENING_ASSUMPTION
S04,Y33-Y01,Contiguous Interval Y33-Y01,CONTIGUOUS_SUBINTERVAL,NO,Y33,Y01,7,LK05;LK06;LK07;LK08;LK09;LK10;LK11,10470.0,6,Y34;Y35;Y36;Y37;Y38;Y39,802.8,1153.08,1153.08,30.0,60.0,120.0,2486.16,1.4480,0.80,752.97,7160.0,15250.0,8592.0,18300.0,CCW,18300.0,11.4108,24.3038,24.3038,FAIL,FAIL_CAPACITY,NOT_MODELED,PROXY_SCREENING_ASSUMPTION
S04,Y34-Y35,Contiguous Interval Y34-Y35,CONTIGUOUS_SUBINTERVAL,NO,Y34,Y35,1,LK06,905.0,0,NONE,88.3,97.13,97.13,30.0,60.0,120.0,374.26,9.6190,0.80,5001.87,4010.0,10740.0,4812.0,12888.0,CCW,12888.0,0.9620,2.5766,2.5766,FAIL,FAIL_CAPACITY,NOT_MODELED,PROXY_SCREENING_ASSUMPTION
S04,Y34-Y36,Contiguous Interval Y34-Y36,CONTIGUOUS_SUBINTERVAL,NO,Y34,Y36,2,LK06;LK07,2590.0,1,Y35,211.6,277.76,277.76,30.0,60.0,120.0,735.52,4.8945,0.80,2545.14,5640.0,15250.0,6768.0,18300.0,CCW,18300.0,2.6592,7.1902,7.1902,FAIL,FAIL_CAPACITY,NOT_MODELED,PROXY_SCREENING_ASSUMPTION
S04,Y34-Y37,Contiguous Interval Y34-Y37,CONTIGUOUS_SUBINTERVAL,NO,Y34,Y37,3,LK06;LK07;LK08,3415.0,2,Y35;Y36,296.3,415.93,415.93,30.0,60.0,120.0,1011.86,3.5578,0.80,1850.06,7160.0,15250.0,8592.0,18300.0,CCW,18300.0,4.6442,9.8916,9.8916,FAIL,FAIL_CAPACITY,NOT_MODELED,PROXY_SCREENING_ASSUMPTION
S04,Y34-Y38,Contiguous Interval Y34-Y38,CONTIGUOUS_SUBINTERVAL,NO,Y34,Y38,4,LK06;LK07;LK08;LK09,5205.0,3,Y35;Y36;Y37,424.0,601.40,601.40,30.0,60.0,120.0,1382.80,2.6034,0.80,1353.77,7160.0,15250.0,8592.0,18300.0,CCW,18300.0,6.3467,13.5178,13.5178,FAIL,FAIL_CAPACITY,NOT_MODELED,PROXY_SCREENING_ASSUMPTION
S04,Y34-Y39,Contiguous Interval Y34-Y39,CONTIGUOUS_SUBINTERVAL,NO,Y34,Y39,5,LK06;LK07;LK08;LK09;LK10,6205.0,4,Y35;Y36;Y37;Y38,516.1,747.71,747.71,30.0,60.0,120.0,1675.42,2.1487,0.80,1117.33,7160.0,15250.0,8592.0,18300.0,CCW,18300.0,7.6897,16.3783,16.3783,FAIL,FAIL_CAPACITY,NOT_MODELED,PROXY_SCREENING_ASSUMPTION
S04,Y34-Y01,Contiguous Interval Y34-Y01,CONTIGUOUS_SUBINTERVAL,NO,Y34,Y01,6,LK06;LK07;LK08;LK09;LK10;LK11,9445.0,5,Y35;Y36;Y37;Y38;Y39,709.1,1005.01,1005.01,30.0,60.0,120.0,2190.02,1.6438,0.80,854.79,7160.0,15250.0,8592.0,18300.0,CCW,18300.0,10.0516,21.4088,21.4088,FAIL,FAIL_CAPACITY,NOT_MODELED,PROXY_SCREENING_ASSUMPTION
S04,Y35-Y36,Keelung River Undercrossing,S2,YES,Y35,Y36,1,LK07,1685.0,0,NONE,123.3,135.63,135.63,30.0,60.0,120.0,451.26,7.9777,0.80,4148.38,5640.0,15250.0,6768.0,18300.0,CCW,18300.0,1.6315,4.4114,4.4114,FAIL,FAIL_CAPACITY,NOT_MODELED,PROXY_SCREENING_ASSUMPTION
S04,Y35-Y37,Contiguous Interval Y35-Y37,CONTIGUOUS_SUBINTERVAL,NO,Y35,Y37,2,LK07;LK08,2510.0,1,Y36,208.0,273.80,273.80,30.0,60.0,120.0,727.60,4.9478,0.80,2572.84,7160.0,15250.0,8592.0,18300.0,CCW,18300.0,3.3395,7.1128,7.1128,FAIL,FAIL_CAPACITY,NOT_MODELED,PROXY_SCREENING_ASSUMPTION
S04,Y35-Y38,Contiguous Interval Y35-Y38,CONTIGUOUS_SUBINTERVAL,NO,Y35,Y38,3,LK07;LK08;LK09,4300.0,2,Y36;Y37,335.7,459.27,459.27,30.0,60.0,120.0,1098.54,3.2771,0.80,1704.08,7160.0,15250.0,8592.0,18300.0,CCW,18300.0,5.0420,10.7389,10.7389,FAIL,FAIL_CAPACITY,NOT_MODELED,PROXY_SCREENING_ASSUMPTION
S04,Y35-Y39,Contiguous Interval Y35-Y39,CONTIGUOUS_SUBINTERVAL,NO,Y35,Y39,4,LK07;LK08;LK09;LK10,5300.0,3,Y36;Y37;Y38,427.8,605.58,605.58,30.0,60.0,120.0,1391.16,2.5878,0.80,1345.64,7160.0,15250.0,8592.0,18300.0,CCW,18300.0,6.3851,13.5995,13.5995,FAIL,FAIL_CAPACITY,NOT_MODELED,PROXY_SCREENING_ASSUMPTION
S04,Y35-Y01,Contiguous Interval Y35-Y01,CONTIGUOUS_SUBINTERVAL,NO,Y35,Y01,5,LK07;LK08;LK09;LK10;LK11,8540.0,4,Y36;Y37;Y38;Y39,620.8,862.88,862.88,30.0,60.0,120.0,1905.76,1.8890,0.80,982.29,7160.0,15250.0,8592.0,18300.0,CCW,18300.0,8.7469,18.6300,18.6300,FAIL,FAIL_CAPACITY,NOT_MODELED,PROXY_SCREENING_ASSUMPTION
S04,Y36-Y37,Contiguous Interval Y36-Y37,CONTIGUOUS_SUBINTERVAL,NO,Y36,Y37,1,LK08,825.0,0,NONE,84.7,93.17,93.17,30.0,60.0,120.0,366.34,9.8269,0.80,5110.01,7160.0,13200.0,8592.0,15840.0,CCW,15840.0,1.6814,3.0998,3.0998,FAIL,FAIL_CAPACITY,NOT_MODELED,PROXY_SCREENING_ASSUMPTION
S04,Y36-Y38,Contiguous Interval Y36-Y38,CONTIGUOUS_SUBINTERVAL,NO,Y36,Y38,2,LK08;LK09,2615.0,1,Y37,212.4,278.64,278.64,30.0,60.0,120.0,737.28,4.8828,0.80,2539.06,7160.0,13200.0,8592.0,15840.0,CCW,15840.0,3.3839,6.2385,6.2385,FAIL,FAIL_CAPACITY,NOT_MODELED,PROXY_SCREENING_ASSUMPTION
S04,Y36-Y39,Contiguous Interval Y36-Y39,CONTIGUOUS_SUBINTERVAL,NO,Y36,Y39,3,LK08;LK09;LK10,3615.0,2,Y37;Y38,304.5,424.95,424.95,30.0,60.0,120.0,1029.90,3.4955,0.80,1817.65,7160.0,13200.0,8592.0,15840.0,CCW,15840.0,4.7270,8.7145,8.7145,FAIL,FAIL_CAPACITY,NOT_MODELED,PROXY_SCREENING_ASSUMPTION
S04,Y36-Y01,Contiguous Interval Y36-Y01,CONTIGUOUS_SUBINTERVAL,NO,Y36,Y01,4,LK08;LK09;LK10;LK11,6855.0,3,Y37;Y38;Y39,497.5,682.25,682.25,30.0,60.0,120.0,1544.50,2.3309,0.80,1212.04,7160.0,13200.0,8592.0,15840.0,CCW,15840.0,7.0889,13.0688,13.0688,FAIL,FAIL_CAPACITY,NOT_MODELED,PROXY_SCREENING_ASSUMPTION
S04,Y37-Y38,Contiguous Interval Y37-Y38,CONTIGUOUS_SUBINTERVAL,NO,Y37,Y38,1,LK09,1790.0,0,NONE,127.7,140.47,140.47,30.0,60.0,120.0,460.94,7.8101,0.80,4061.27,6120.0,12210.0,7344.0,14652.0,CCW,14652.0,1.8083,3.6077,3.6077,FAIL,FAIL_CAPACITY,NOT_MODELED,PROXY_SCREENING_ASSUMPTION
S04,Y37-Y39,Contiguous Interval Y37-Y39,CONTIGUOUS_SUBINTERVAL,NO,Y37,Y39,2,LK09;LK10,2790.0,1,Y38,219.8,286.78,286.78,30.0,60.0,120.0,753.56,4.7773,0.80,2484.21,6120.0,12210.0,7344.0,14652.0,CCW,14652.0,2.9563,5.8981,5.8981,FAIL,FAIL_CAPACITY,NOT_MODELED,PROXY_SCREENING_ASSUMPTION
S04,Y37-Y01,Contiguous Interval Y37-Y01,CONTIGUOUS_SUBINTERVAL,NO,Y37,Y01,3,LK09;LK10;LK11,6030.0,2,Y38;Y39,412.8,544.08,544.08,30.0,60.0,120.0,1268.16,2.8388,0.80,1476.15,6120.0,12210.0,7344.0,14652.0,CCW,14652.0,4.9751,9.9258,9.9258,FAIL,FAIL_CAPACITY,NOT_MODELED,PROXY_SCREENING_ASSUMPTION
S04,Y38-Y39,Contiguous Interval Y38-Y39,CONTIGUOUS_SUBINTERVAL,NO,Y38,Y39,1,LK10,1000.0,0,NONE,92.1,101.31,101.31,30.0,60.0,120.0,382.62,9.4088,0.80,4892.58,4060.0,11970.0,4872.0,14364.0,CCW,14364.0,0.9958,2.9359,2.9359,FAIL,FAIL_CAPACITY,NOT_MODELED,PROXY_SCREENING_ASSUMPTION
S04,Y38-Y01,Southern Tail Extended Section,S4,YES,Y38,Y01,2,LK10;LK11,4240.0,1,Y39,285.1,358.61,358.61,30.0,60.0,120.0,897.22,4.0124,0.80,2086.44,4590.0,11970.0,5508.0,14364.0,CCW,14364.0,2.6399,6.8844,6.8844,FAIL,FAIL_CAPACITY,NOT_MODELED,PROXY_SCREENING_ASSUMPTION
S04,Y39-Y01,Mountain Tunnel Section,S1,YES,Y39,Y01,1,LK11,3240.0,0,NONE,193.0,212.30,212.30,30.0,60.0,120.0,604.60,5.9543,0.80,3096.26,4590.0,10310.0,5508.0,12372.0,CCW,12372.0,1.7789,3.9958,3.9958,FAIL,FAIL_CAPACITY,NOT_MODELED,PROXY_SCREENING_ASSUMPTION
S05,Y29-Y30,Contiguous Interval Y29-Y30,CONTIGUOUS_SUBINTERVAL,NO,Y29,Y30,1,LK01,930.0,0,NONE,89.0,80.10,80.10,0.0,0.0,0.0,160.20,22.4719,1.00,14606.74,5700.0,2370.0,5130.0,2133.0,CW,5130.0,0.3512,0.1460,0.3512,COMFORTABLE,PRELIMINARY_CAPACITY_PASS_INFRASTRUCTURE_UNVERIFIED,NOT_MODELED,PROXY_SCREENING_ASSUMPTION
S05,Y29-Y31,Contiguous Interval Y29-Y31,CONTIGUOUS_SUBINTERVAL,NO,Y29,Y31,2,LK01;LK02,1915.0,1,Y30,180.9,162.81,162.81,0.0,0.0,0.0,325.62,11.0558,1.00,7186.29,5700.0,2420.0,5130.0,2178.0,CW,5130.0,0.7139,0.3031,0.7139,COMFORTABLE,PRELIMINARY_CAPACITY_PASS_INFRASTRUCTURE_UNVERIFIED,NOT_MODELED,PROXY_SCREENING_ASSUMPTION
S05,Y29-Y32,Contiguous Interval Y29-Y32,CONTIGUOUS_SUBINTERVAL,NO,Y29,Y32,3,LK01;LK02;LK03,2450.0,2,Y30;Y31,252.7,227.43,227.43,0.0,0.0,0.0,454.86,7.9145,1.00,5144.44,5700.0,4070.0,5130.0,3663.0,CW,5130.0,0.9972,0.7120,0.9972,TIGHT,PRELIMINARY_CAPACITY_PASS_INFRASTRUCTURE_UNVERIFIED,NOT_MODELED,PROXY_SCREENING_ASSUMPTION
S05,Y29-Y33,Contiguous Interval Y29-Y33,CONTIGUOUS_SUBINTERVAL,NO,Y29,Y33,4,LK01;LK02;LK03;LK04,3325.0,3,Y30;Y31;Y32,339.6,305.64,305.64,0.0,0.0,0.0,611.28,5.8893,1.00,3828.03,5700.0,7170.0,5130.0,6453.0,CCW,6453.0,1.3401,1.6857,1.6857,FAIL,FAIL_CAPACITY,NOT_MODELED,PROXY_SCREENING_ASSUMPTION
S05,Y29-Y34,Contiguous Interval Y29-Y34,CONTIGUOUS_SUBINTERVAL,NO,Y29,Y34,5,LK01;LK02;LK03;LK04;LK05,4350.0,4,Y30;Y31;Y32;Y33,433.3,389.97,389.97,0.0,0.0,0.0,779.94,4.6157,1.00,3000.23,5700.0,9330.0,5130.0,8397.0,CCW,8397.0,1.7099,2.7988,2.7988,FAIL,FAIL_CAPACITY,NOT_MODELED,PROXY_SCREENING_ASSUMPTION
S05,Y29-Y35,Contiguous Interval Y29-Y35,CONTIGUOUS_SUBINTERVAL,NO,Y29,Y35,6,LK01;LK02;LK03;LK04;LK05;LK06,5255.0,5,Y30;Y31;Y32;Y33;Y34,521.6,469.44,469.44,0.0,0.0,0.0,938.88,3.8344,1.00,2492.33,5700.0,10740.0,5130.0,9666.0,CCW,9666.0,2.0583,3.8783,3.8783,FAIL,FAIL_CAPACITY,NOT_MODELED,PROXY_SCREENING_ASSUMPTION
S05,Y29-Y36,Contiguous Interval Y29-Y36,CONTIGUOUS_SUBINTERVAL,NO,Y29,Y36,7,LK01;LK02;LK03;LK04;LK05;LK06;LK07,6940.0,6,Y30;Y31;Y32;Y33;Y34;Y35,644.9,580.41,580.41,0.0,0.0,0.0,1160.82,3.1013,1.00,2015.82,5700.0,15250.0,5130.0,13725.0,CCW,13725.0,2.5449,6.8087,6.8087,FAIL,FAIL_CAPACITY,NOT_MODELED,PROXY_SCREENING_ASSUMPTION
S05,Y29-Y37,Contiguous Interval Y29-Y37,CONTIGUOUS_SUBINTERVAL,NO,Y29,Y37,8,LK01;LK02;LK03;LK04;LK05;LK06;LK07;LK08,7765.0,7,Y30;Y31;Y32;Y33;Y34;Y35;Y36,729.6,656.64,656.64,0.0,0.0,0.0,1313.28,2.7412,1.00,1781.80,7160.0,15250.0,6444.0,13725.0,CCW,13725.0,3.6166,7.7029,7.7029,FAIL,FAIL_CAPACITY,NOT_MODELED,PROXY_SCREENING_ASSUMPTION
S05,Y29-Y38,Contiguous Interval Y29-Y38,CONTIGUOUS_SUBINTERVAL,NO,Y29,Y38,9,LK01;LK02;LK03;LK04;LK05;LK06;LK07;LK08;LK09,9555.0,8,Y30;Y31;Y32;Y33;Y34;Y35;Y36;Y37,857.3,771.57,771.57,0.0,0.0,0.0,1543.14,2.3329,1.00,1516.39,7160.0,15250.0,6444.0,13725.0,CCW,13725.0,4.2496,9.0511,9.0511,FAIL,FAIL_CAPACITY,NOT_MODELED,PROXY_SCREENING_ASSUMPTION
S05,Y29-Y39,Contiguous Interval Y29-Y39,CONTIGUOUS_SUBINTERVAL,NO,Y29,Y39,10,LK01;LK02;LK03;LK04;LK05;LK06;LK07;LK08;LK09;LK10,10555.0,9,Y30;Y31;Y32;Y33;Y34;Y35;Y36;Y37;Y38,949.4,854.46,854.46,0.0,0.0,0.0,1708.92,2.1066,1.00,1369.29,7160.0,15250.0,6444.0,13725.0,CCW,13725.0,4.7061,10.0235,10.0235,FAIL,FAIL_CAPACITY,NOT_MODELED,PROXY_SCREENING_ASSUMPTION
S05,Y29-Y01,Contiguous Interval Y29-Y01,CONTIGUOUS_SUBINTERVAL,NO,Y29,Y01,11,LK01;LK02;LK03;LK04;LK05;LK06;LK07;LK08;LK09;LK10;LK11,13795.0,10,Y30;Y31;Y32;Y33;Y34;Y35;Y36;Y37;Y38;Y39,1142.4,1028.16,1028.16,0.0,0.0,0.0,2056.32,1.7507,1.00,1137.96,7160.0,15250.0,6444.0,13725.0,CCW,13725.0,5.6628,12.0611,12.0611,FAIL,FAIL_CAPACITY,NOT_MODELED,PROXY_SCREENING_ASSUMPTION
S05,Y30-Y31,Contiguous Interval Y30-Y31,CONTIGUOUS_SUBINTERVAL,NO,Y30,Y31,1,LK02,985.0,0,NONE,91.9,82.71,82.71,0.0,0.0,0.0,165.42,21.7628,1.00,14145.81,5380.0,2420.0,4842.0,2178.0,CW,4842.0,0.3423,0.1540,0.3423,COMFORTABLE,PRELIMINARY_CAPACITY_PASS_INFRASTRUCTURE_UNVERIFIED,NOT_MODELED,PROXY_SCREENING_ASSUMPTION
S05,Y30-Y32,Contiguous Interval Y30-Y32,CONTIGUOUS_SUBINTERVAL,NO,Y30,Y32,2,LK02;LK03,1520.0,1,Y31,163.7,147.33,147.33,0.0,0.0,0.0,294.66,12.2175,1.00,7941.36,5380.0,4070.0,4842.0,3663.0,CW,4842.0,0.6097,0.4613,0.6097,COMFORTABLE,PRELIMINARY_CAPACITY_PASS_INFRASTRUCTURE_UNVERIFIED,NOT_MODELED,PROXY_SCREENING_ASSUMPTION
S05,Y30-Y33,Ruiguang Road Core Corridor,S3,YES,Y30,Y33,3,LK02;LK03;LK04,2395.0,2,Y31;Y32,250.6,225.54,225.54,0.0,0.0,0.0,451.08,7.9808,1.00,5187.55,5380.0,7170.0,4842.0,6453.0,CCW,6453.0,0.9334,1.2439,1.2439,FAIL,FAIL_CAPACITY,NOT_MODELED,PROXY_SCREENING_ASSUMPTION
S05,Y30-Y34,Contiguous Interval Y30-Y34,CONTIGUOUS_SUBINTERVAL,NO,Y30,Y34,4,LK02;LK03;LK04;LK05,3420.0,3,Y31;Y32;Y33,344.3,309.87,309.87,0.0,0.0,0.0,619.74,5.8089,1.00,3775.78,5380.0,9330.0,4842.0,8397.0,CCW,8397.0,1.2824,2.2239,2.2239,FAIL,FAIL_CAPACITY,NOT_MODELED,PROXY_SCREENING_ASSUMPTION
S05,Y30-Y35,Contiguous Interval Y30-Y35,CONTIGUOUS_SUBINTERVAL,NO,Y30,Y35,5,LK02;LK03;LK04;LK05;LK06,4325.0,4,Y31;Y32;Y33;Y34,432.6,389.34,389.34,0.0,0.0,0.0,778.68,4.6232,1.00,3005.09,5380.0,10740.0,4842.0,9666.0,CCW,9666.0,1.6113,3.2165,3.2165,FAIL,FAIL_CAPACITY,NOT_MODELED,PROXY_SCREENING_ASSUMPTION
S05,Y30-Y36,Contiguous Interval Y30-Y36,CONTIGUOUS_SUBINTERVAL,NO,Y30,Y36,6,LK02;LK03;LK04;LK05;LK06;LK07,6010.0,5,Y31;Y32;Y33;Y34;Y35,555.9,500.31,500.31,0.0,0.0,0.0,1000.62,3.5978,1.00,2338.55,5640.0,15250.0,5076.0,13725.0,CCW,13725.0,2.1706,5.8690,5.8690,FAIL,FAIL_CAPACITY,NOT_MODELED,PROXY_SCREENING_ASSUMPTION
S05,Y30-Y37,Contiguous Interval Y30-Y37,CONTIGUOUS_SUBINTERVAL,NO,Y30,Y37,7,LK02;LK03;LK04;LK05;LK06;LK07;LK08,6835.0,6,Y31;Y32;Y33;Y34;Y35;Y36,640.6,576.54,576.54,0.0,0.0,0.0,1153.08,3.1221,1.00,2029.35,7160.0,15250.0,6444.0,13725.0,CCW,13725.0,3.1754,6.7633,6.7633,FAIL,FAIL_CAPACITY,NOT_MODELED,PROXY_SCREENING_ASSUMPTION
S05,Y30-Y38,Contiguous Interval Y30-Y38,CONTIGUOUS_SUBINTERVAL,NO,Y30,Y38,8,LK02;LK03;LK04;LK05;LK06;LK07;LK08;LK09,8625.0,7,Y31;Y32;Y33;Y34;Y35;Y36;Y37,768.3,691.47,691.47,0.0,0.0,0.0,1382.94,2.6031,1.00,1692.05,7160.0,15250.0,6444.0,13725.0,CCW,13725.0,3.8084,8.1115,8.1115,FAIL,FAIL_CAPACITY,NOT_MODELED,PROXY_SCREENING_ASSUMPTION
S05,Y30-Y39,Contiguous Interval Y30-Y39,CONTIGUOUS_SUBINTERVAL,NO,Y30,Y39,9,LK02;LK03;LK04;LK05;LK06;LK07;LK08;LK09;LK10,9625.0,8,Y31;Y32;Y33;Y34;Y35;Y36;Y37;Y38,860.4,774.36,774.36,0.0,0.0,0.0,1548.72,2.3245,1.00,1510.93,7160.0,15250.0,6444.0,13725.0,CCW,13725.0,4.2649,9.0838,9.0838,FAIL,FAIL_CAPACITY,NOT_MODELED,PROXY_SCREENING_ASSUMPTION
S05,Y30-Y01,Contiguous Interval Y30-Y01,CONTIGUOUS_SUBINTERVAL,NO,Y30,Y01,10,LK02;LK03;LK04;LK05;LK06;LK07;LK08;LK09;LK10;LK11,12865.0,9,Y31;Y32;Y33;Y34;Y35;Y36;Y37;Y38;Y39,1053.4,948.06,948.06,0.0,0.0,0.0,1896.12,1.8986,1.00,1234.10,7160.0,15250.0,6444.0,13725.0,CCW,13725.0,5.2216,11.1215,11.1215,FAIL,FAIL_CAPACITY,NOT_MODELED,PROXY_SCREENING_ASSUMPTION
S05,Y31-Y32,Contiguous Interval Y31-Y32,CONTIGUOUS_SUBINTERVAL,NO,Y31,Y32,1,LK03,535.0,0,NONE,71.8,64.62,64.62,0.0,0.0,0.0,129.24,27.8552,1.00,18105.85,4130.0,4070.0,3717.0,3663.0,CW,3717.0,0.2053,0.2023,0.2053,COMFORTABLE,PRELIMINARY_CAPACITY_PASS_INFRASTRUCTURE_UNVERIFIED,NOT_MODELED,PROXY_SCREENING_ASSUMPTION
S05,Y31-Y33,Contiguous Interval Y31-Y33,CONTIGUOUS_SUBINTERVAL,NO,Y31,Y33,2,LK03;LK04,1410.0,1,Y32,158.7,142.83,142.83,0.0,0.0,0.0,285.66,12.6024,1.00,8191.56,4130.0,7170.0,3717.0,6453.0,CCW,6453.0,0.4538,0.7878,0.7878,COMFORTABLE,PRELIMINARY_CAPACITY_PASS_INFRASTRUCTURE_UNVERIFIED,NOT_MODELED,PROXY_SCREENING_ASSUMPTION
S05,Y31-Y34,Contiguous Interval Y31-Y34,CONTIGUOUS_SUBINTERVAL,NO,Y31,Y34,3,LK03;LK04;LK05,2435.0,2,Y32;Y33,252.4,227.16,227.16,0.0,0.0,0.0,454.32,7.9239,1.00,5150.55,4130.0,9330.0,3717.0,8397.0,CCW,8397.0,0.7217,1.6303,1.6303,FAIL,FAIL_CAPACITY,NOT_MODELED,PROXY_SCREENING_ASSUMPTION
S05,Y31-Y35,Contiguous Interval Y31-Y35,CONTIGUOUS_SUBINTERVAL,NO,Y31,Y35,4,LK03;LK04;LK05;LK06,3340.0,3,Y32;Y33;Y34,340.7,306.63,306.63,0.0,0.0,0.0,613.26,5.8703,1.00,3815.67,4130.0,10740.0,3717.0,9666.0,CCW,9666.0,0.9741,2.5332,2.5332,FAIL,FAIL_CAPACITY,NOT_MODELED,PROXY_SCREENING_ASSUMPTION
S05,Y31-Y36,Contiguous Interval Y31-Y36,CONTIGUOUS_SUBINTERVAL,NO,Y31,Y36,5,LK03;LK04;LK05;LK06;LK07,5025.0,4,Y32;Y33;Y34;Y35,464.0,417.60,417.60,0.0,0.0,0.0,835.20,4.3103,1.00,2801.72,5640.0,15250.0,5076.0,13725.0,CCW,13725.0,1.8117,4.8988,4.8988,FAIL,FAIL_CAPACITY,NOT_MODELED,PROXY_SCREENING_ASSUMPTION
S05,Y31-Y37,Contiguous Interval Y31-Y37,CONTIGUOUS_SUBINTERVAL,NO,Y31,Y37,6,LK03;LK04;LK05;LK06;LK07;LK08,5850.0,5,Y32;Y33;Y34;Y35;Y36,548.7,493.83,493.83,0.0,0.0,0.0,987.66,3.6450,1.00,2369.24,7160.0,15250.0,6444.0,13725.0,CCW,13725.0,2.7199,5.7930,5.7930,FAIL,FAIL_CAPACITY,NOT_MODELED,PROXY_SCREENING_ASSUMPTION
S05,Y31-Y38,Contiguous Interval Y31-Y38,CONTIGUOUS_SUBINTERVAL,NO,Y31,Y38,7,LK03;LK04;LK05;LK06;LK07;LK08;LK09,7640.0,6,Y32;Y33;Y34;Y35;Y36;Y37,676.4,608.76,608.76,0.0,0.0,0.0,1217.52,2.9568,1.00,1921.94,7160.0,15250.0,6444.0,13725.0,CCW,13725.0,3.3529,7.1412,7.1412,FAIL,FAIL_CAPACITY,NOT_MODELED,PROXY_SCREENING_ASSUMPTION
S05,Y31-Y39,Contiguous Interval Y31-Y39,CONTIGUOUS_SUBINTERVAL,NO,Y31,Y39,8,LK03;LK04;LK05;LK06;LK07;LK08;LK09;LK10,8640.0,7,Y32;Y33;Y34;Y35;Y36;Y37;Y38,768.5,691.65,691.65,0.0,0.0,0.0,1383.30,2.6025,1.00,1691.61,7160.0,15250.0,6444.0,13725.0,CCW,13725.0,3.8094,8.1136,8.1136,FAIL,FAIL_CAPACITY,NOT_MODELED,PROXY_SCREENING_ASSUMPTION
S05,Y31-Y01,Contiguous Interval Y31-Y01,CONTIGUOUS_SUBINTERVAL,NO,Y31,Y01,9,LK03;LK04;LK05;LK06;LK07;LK08;LK09;LK10;LK11,11880.0,8,Y32;Y33;Y34;Y35;Y36;Y37;Y38;Y39,961.5,865.35,865.35,0.0,0.0,0.0,1730.70,2.0801,1.00,1352.05,7160.0,15250.0,6444.0,13725.0,CCW,13725.0,4.7661,10.1512,10.1512,FAIL,FAIL_CAPACITY,NOT_MODELED,PROXY_SCREENING_ASSUMPTION
S05,Y32-Y33,Contiguous Interval Y32-Y33,CONTIGUOUS_SUBINTERVAL,NO,Y32,Y33,1,LK04,875.0,0,NONE,86.9,78.21,78.21,0.0,0.0,0.0,156.42,23.0150,1.00,14959.72,3440.0,7170.0,3096.0,6453.0,CCW,6453.0,0.2070,0.4314,0.4314,COMFORTABLE,PRELIMINARY_CAPACITY_PASS_INFRASTRUCTURE_UNVERIFIED,NOT_MODELED,PROXY_SCREENING_ASSUMPTION
S05,Y32-Y34,Contiguous Interval Y32-Y34,CONTIGUOUS_SUBINTERVAL,NO,Y32,Y34,2,LK04;LK05,1900.0,1,Y33,180.6,162.54,162.54,0.0,0.0,0.0,325.08,11.0742,1.00,7198.23,4120.0,9330.0,3708.0,8397.0,CCW,8397.0,0.5151,1.1665,1.1665,FAIL,FAIL_CAPACITY,NOT_MODELED,PROXY_SCREENING_ASSUMPTION
S05,Y32-Y35,Contiguous Interval Y32-Y35,CONTIGUOUS_SUBINTERVAL,NO,Y32,Y35,3,LK04;LK05;LK06,2805.0,2,Y33;Y34,268.9,242.01,242.01,0.0,0.0,0.0,484.02,7.4377,1.00,4834.51,4120.0,10740.0,3708.0,9666.0,CCW,9666.0,0.7670,1.9994,1.9994,FAIL,FAIL_CAPACITY,NOT_MODELED,PROXY_SCREENING_ASSUMPTION
S05,Y32-Y36,Contiguous Interval Y32-Y36,CONTIGUOUS_SUBINTERVAL,NO,Y32,Y36,4,LK04;LK05;LK06;LK07,4490.0,3,Y33;Y34;Y35,392.2,352.98,352.98,0.0,0.0,0.0,705.96,5.0994,1.00,3314.64,5640.0,15250.0,5076.0,13725.0,CCW,13725.0,1.5314,4.1407,4.1407,FAIL,FAIL_CAPACITY,NOT_MODELED,PROXY_SCREENING_ASSUMPTION
S05,Y32-Y37,Contiguous Interval Y32-Y37,CONTIGUOUS_SUBINTERVAL,NO,Y32,Y37,5,LK04;LK05;LK06;LK07;LK08,5315.0,4,Y33;Y34;Y35;Y36,476.9,429.21,429.21,0.0,0.0,0.0,858.42,4.1938,1.00,2725.94,7160.0,15250.0,6444.0,13725.0,CCW,13725.0,2.3640,5.0350,5.0350,FAIL,FAIL_CAPACITY,NOT_MODELED,PROXY_SCREENING_ASSUMPTION
S05,Y32-Y38,Contiguous Interval Y32-Y38,CONTIGUOUS_SUBINTERVAL,NO,Y32,Y38,6,LK04;LK05;LK06;LK07;LK08;LK09,7105.0,5,Y33;Y34;Y35;Y36;Y37,604.6,544.14,544.14,0.0,0.0,0.0,1088.28,3.3080,1.00,2150.18,7160.0,15250.0,6444.0,13725.0,CCW,13725.0,2.9970,6.3832,6.3832,FAIL,FAIL_CAPACITY,NOT_MODELED,PROXY_SCREENING_ASSUMPTION
S05,Y32-Y39,Contiguous Interval Y32-Y39,CONTIGUOUS_SUBINTERVAL,NO,Y32,Y39,7,LK04;LK05;LK06;LK07;LK08;LK09;LK10,8105.0,6,Y33;Y34;Y35;Y36;Y37;Y38,696.7,627.03,627.03,0.0,0.0,0.0,1254.06,2.8707,1.00,1865.94,7160.0,15250.0,6444.0,13725.0,CCW,13725.0,3.4535,7.3555,7.3555,FAIL,FAIL_CAPACITY,NOT_MODELED,PROXY_SCREENING_ASSUMPTION
S05,Y32-Y01,Contiguous Interval Y32-Y01,CONTIGUOUS_SUBINTERVAL,NO,Y32,Y01,8,LK04;LK05;LK06;LK07;LK08;LK09;LK10;LK11,11345.0,7,Y33;Y34;Y35;Y36;Y37;Y38;Y39,889.7,800.73,800.73,0.0,0.0,0.0,1601.46,2.2479,1.00,1461.17,7160.0,15250.0,6444.0,13725.0,CCW,13725.0,4.4102,9.3932,9.3932,FAIL,FAIL_CAPACITY,NOT_MODELED,PROXY_SCREENING_ASSUMPTION
S05,Y33-Y34,Contiguous Interval Y33-Y34,CONTIGUOUS_SUBINTERVAL,NO,Y33,Y34,1,LK05,1025.0,0,NONE,93.7,84.33,84.33,0.0,0.0,0.0,168.66,21.3447,1.00,13874.07,4120.0,9330.0,3708.0,8397.0,CCW,8397.0,0.2673,0.6052,0.6052,COMFORTABLE,PRELIMINARY_CAPACITY_PASS_INFRASTRUCTURE_UNVERIFIED,NOT_MODELED,PROXY_SCREENING_ASSUMPTION
S05,Y33-Y35,Contiguous Interval Y33-Y35,CONTIGUOUS_SUBINTERVAL,NO,Y33,Y35,2,LK05;LK06,1930.0,1,Y34,182.0,163.80,163.80,0.0,0.0,0.0,327.60,10.9890,1.00,7142.86,4120.0,10740.0,3708.0,9666.0,CCW,9666.0,0.5191,1.3532,1.3532,FAIL,FAIL_CAPACITY,NOT_MODELED,PROXY_SCREENING_ASSUMPTION
S05,Y33-Y36,Contiguous Interval Y33-Y36,CONTIGUOUS_SUBINTERVAL,NO,Y33,Y36,3,LK05;LK06;LK07,3615.0,2,Y34;Y35,305.3,274.77,274.77,0.0,0.0,0.0,549.54,6.5509,1.00,4258.11,5640.0,15250.0,5076.0,13725.0,CCW,13725.0,1.1921,3.2233,3.2233,FAIL,FAIL_CAPACITY,NOT_MODELED,PROXY_SCREENING_ASSUMPTION
S05,Y33-Y37,Contiguous Interval Y33-Y37,CONTIGUOUS_SUBINTERVAL,NO,Y33,Y37,4,LK05;LK06;LK07;LK08,4440.0,3,Y34;Y35;Y36,390.0,351.00,351.00,0.0,0.0,0.0,702.00,5.1282,1.00,3333.33,7160.0,15250.0,6444.0,13725.0,CCW,13725.0,1.9332,4.1175,4.1175,FAIL,FAIL_CAPACITY,NOT_MODELED,PROXY_SCREENING_ASSUMPTION
S05,Y33-Y38,Contiguous Interval Y33-Y38,CONTIGUOUS_SUBINTERVAL,NO,Y33,Y38,5,LK05;LK06;LK07;LK08;LK09,6230.0,4,Y34;Y35;Y36;Y37,517.7,465.93,465.93,0.0,0.0,0.0,931.86,3.8632,1.00,2511.11,7160.0,15250.0,6444.0,13725.0,CCW,13725.0,2.5662,5.4657,5.4657,FAIL,FAIL_CAPACITY,NOT_MODELED,PROXY_SCREENING_ASSUMPTION
S05,Y33-Y39,Contiguous Interval Y33-Y39,CONTIGUOUS_SUBINTERVAL,NO,Y33,Y39,6,LK05;LK06;LK07;LK08;LK09;LK10,7230.0,5,Y34;Y35;Y36;Y37;Y38,609.8,548.82,548.82,0.0,0.0,0.0,1097.64,3.2798,1.00,2131.85,7160.0,15250.0,6444.0,13725.0,CCW,13725.0,3.0227,6.4381,6.4381,FAIL,FAIL_CAPACITY,NOT_MODELED,PROXY_SCREENING_ASSUMPTION
S05,Y33-Y01,Contiguous Interval Y33-Y01,CONTIGUOUS_SUBINTERVAL,NO,Y33,Y01,7,LK05;LK06;LK07;LK08;LK09;LK10;LK11,10470.0,6,Y34;Y35;Y36;Y37;Y38;Y39,802.8,722.52,722.52,0.0,0.0,0.0,1445.04,2.4913,1.00,1619.33,7160.0,15250.0,6444.0,13725.0,CCW,13725.0,3.9794,8.4757,8.4757,FAIL,FAIL_CAPACITY,NOT_MODELED,PROXY_SCREENING_ASSUMPTION
S05,Y34-Y35,Contiguous Interval Y34-Y35,CONTIGUOUS_SUBINTERVAL,NO,Y34,Y35,1,LK06,905.0,0,NONE,88.3,79.47,79.47,0.0,0.0,0.0,158.94,22.6501,1.00,14722.54,4010.0,10740.0,3609.0,9666.0,CCW,9666.0,0.2451,0.6565,0.6565,COMFORTABLE,PRELIMINARY_CAPACITY_PASS_INFRASTRUCTURE_UNVERIFIED,NOT_MODELED,PROXY_SCREENING_ASSUMPTION
S05,Y34-Y36,Contiguous Interval Y34-Y36,CONTIGUOUS_SUBINTERVAL,NO,Y34,Y36,2,LK06;LK07,2590.0,1,Y35,211.6,190.44,190.44,0.0,0.0,0.0,380.88,9.4518,1.00,6143.67,5640.0,15250.0,5076.0,13725.0,CCW,13725.0,0.8262,2.2340,2.2340,FAIL,FAIL_CAPACITY,NOT_MODELED,PROXY_SCREENING_ASSUMPTION
S05,Y34-Y37,Contiguous Interval Y34-Y37,CONTIGUOUS_SUBINTERVAL,NO,Y34,Y37,3,LK06;LK07;LK08,3415.0,2,Y35;Y36,296.3,266.67,266.67,0.0,0.0,0.0,533.34,6.7499,1.00,4387.45,7160.0,15250.0,6444.0,13725.0,CCW,13725.0,1.4687,3.1282,3.1282,FAIL,FAIL_CAPACITY,NOT_MODELED,PROXY_SCREENING_ASSUMPTION
S05,Y34-Y38,Contiguous Interval Y34-Y38,CONTIGUOUS_SUBINTERVAL,NO,Y34,Y38,4,LK06;LK07;LK08;LK09,5205.0,3,Y35;Y36;Y37,424.0,381.60,381.60,0.0,0.0,0.0,763.20,4.7170,1.00,3066.04,7160.0,15250.0,6444.0,13725.0,CCW,13725.0,2.1017,4.4765,4.4765,FAIL,FAIL_CAPACITY,NOT_MODELED,PROXY_SCREENING_ASSUMPTION
S05,Y34-Y39,Contiguous Interval Y34-Y39,CONTIGUOUS_SUBINTERVAL,NO,Y34,Y39,5,LK06;LK07;LK08;LK09;LK10,6205.0,4,Y35;Y36;Y37;Y38,516.1,464.49,464.49,0.0,0.0,0.0,928.98,3.8752,1.00,2518.89,7160.0,15250.0,6444.0,13725.0,CCW,13725.0,2.5583,5.4488,5.4488,FAIL,FAIL_CAPACITY,NOT_MODELED,PROXY_SCREENING_ASSUMPTION
S05,Y34-Y01,Contiguous Interval Y34-Y01,CONTIGUOUS_SUBINTERVAL,NO,Y34,Y01,6,LK06;LK07;LK08;LK09;LK10;LK11,9445.0,5,Y35;Y36;Y37;Y38;Y39,709.1,638.19,638.19,0.0,0.0,0.0,1276.38,2.8205,1.00,1833.31,7160.0,15250.0,6444.0,13725.0,CCW,13725.0,3.5150,7.4865,7.4865,FAIL,FAIL_CAPACITY,NOT_MODELED,PROXY_SCREENING_ASSUMPTION
S05,Y35-Y36,Keelung River Undercrossing,S2,YES,Y35,Y36,1,LK07,1685.0,0,NONE,123.3,110.97,110.97,0.0,0.0,0.0,221.94,16.2206,1.00,10543.39,5640.0,15250.0,5076.0,13725.0,CCW,13725.0,0.4814,1.3018,1.3018,FAIL,FAIL_CAPACITY,NOT_MODELED,PROXY_SCREENING_ASSUMPTION
S05,Y35-Y37,Contiguous Interval Y35-Y37,CONTIGUOUS_SUBINTERVAL,NO,Y35,Y37,2,LK07;LK08,2510.0,1,Y36,208.0,187.20,187.20,0.0,0.0,0.0,374.40,9.6154,1.00,6250.00,7160.0,15250.0,6444.0,13725.0,CCW,13725.0,1.0310,2.1960,2.1960,FAIL,FAIL_CAPACITY,NOT_MODELED,PROXY_SCREENING_ASSUMPTION
S05,Y35-Y38,Contiguous Interval Y35-Y38,CONTIGUOUS_SUBINTERVAL,NO,Y35,Y38,3,LK07;LK08;LK09,4300.0,2,Y36;Y37,335.7,302.13,302.13,0.0,0.0,0.0,604.26,5.9577,1.00,3872.51,7160.0,15250.0,6444.0,13725.0,CCW,13725.0,1.6640,3.5442,3.5442,FAIL,FAIL_CAPACITY,NOT_MODELED,PROXY_SCREENING_ASSUMPTION
S05,Y35-Y39,Contiguous Interval Y35-Y39,CONTIGUOUS_SUBINTERVAL,NO,Y35,Y39,4,LK07;LK08;LK09;LK10,5300.0,3,Y36;Y37;Y38,427.8,385.02,385.02,0.0,0.0,0.0,770.04,4.6751,1.00,3038.80,7160.0,15250.0,6444.0,13725.0,CCW,13725.0,2.1206,4.5166,4.5166,FAIL,FAIL_CAPACITY,NOT_MODELED,PROXY_SCREENING_ASSUMPTION
S05,Y35-Y01,Contiguous Interval Y35-Y01,CONTIGUOUS_SUBINTERVAL,NO,Y35,Y01,5,LK07;LK08;LK09;LK10;LK11,8540.0,4,Y36;Y37;Y38;Y39,620.8,558.72,558.72,0.0,0.0,0.0,1117.44,3.2216,1.00,2094.07,7160.0,15250.0,6444.0,13725.0,CCW,13725.0,3.0773,6.5542,6.5542,FAIL,FAIL_CAPACITY,NOT_MODELED,PROXY_SCREENING_ASSUMPTION
S05,Y36-Y37,Contiguous Interval Y36-Y37,CONTIGUOUS_SUBINTERVAL,NO,Y36,Y37,1,LK08,825.0,0,NONE,84.7,76.23,76.23,0.0,0.0,0.0,152.46,23.6128,1.00,15348.29,7160.0,13200.0,6444.0,11880.0,CCW,11880.0,0.4199,0.7740,0.7740,COMFORTABLE,PRELIMINARY_CAPACITY_PASS_INFRASTRUCTURE_UNVERIFIED,NOT_MODELED,PROXY_SCREENING_ASSUMPTION
S05,Y36-Y38,Contiguous Interval Y36-Y38,CONTIGUOUS_SUBINTERVAL,NO,Y36,Y38,2,LK08;LK09,2615.0,1,Y37,212.4,191.16,191.16,0.0,0.0,0.0,382.32,9.4162,1.00,6120.53,7160.0,13200.0,6444.0,11880.0,CCW,11880.0,1.0529,1.9410,1.9410,FAIL,FAIL_CAPACITY,NOT_MODELED,PROXY_SCREENING_ASSUMPTION
S05,Y36-Y39,Contiguous Interval Y36-Y39,CONTIGUOUS_SUBINTERVAL,NO,Y36,Y39,3,LK08;LK09;LK10,3615.0,2,Y37;Y38,304.5,274.05,274.05,0.0,0.0,0.0,548.10,6.5681,1.00,4269.29,7160.0,13200.0,6444.0,11880.0,CCW,11880.0,1.5094,2.7827,2.7827,FAIL,FAIL_CAPACITY,NOT_MODELED,PROXY_SCREENING_ASSUMPTION
S05,Y36-Y01,Contiguous Interval Y36-Y01,CONTIGUOUS_SUBINTERVAL,NO,Y36,Y01,4,LK08;LK09;LK10;LK11,6855.0,3,Y37;Y38;Y39,497.5,447.75,447.75,0.0,0.0,0.0,895.50,4.0201,1.00,2613.07,7160.0,13200.0,6444.0,11880.0,CCW,11880.0,2.4661,4.5464,4.5464,FAIL,FAIL_CAPACITY,NOT_MODELED,PROXY_SCREENING_ASSUMPTION
S05,Y37-Y38,Contiguous Interval Y37-Y38,CONTIGUOUS_SUBINTERVAL,NO,Y37,Y38,1,LK09,1790.0,0,NONE,127.7,114.93,114.93,0.0,0.0,0.0,229.86,15.6617,1.00,10180.11,6120.0,12210.0,5508.0,10989.0,CCW,10989.0,0.5411,1.0795,1.0795,FAIL,FAIL_CAPACITY,NOT_MODELED,PROXY_SCREENING_ASSUMPTION
S05,Y37-Y39,Contiguous Interval Y37-Y39,CONTIGUOUS_SUBINTERVAL,NO,Y37,Y39,2,LK09;LK10,2790.0,1,Y38,219.8,197.82,197.82,0.0,0.0,0.0,395.64,9.0992,1.00,5914.47,6120.0,12210.0,5508.0,10989.0,CCW,10989.0,0.9313,1.8580,1.8580,FAIL,FAIL_CAPACITY,NOT_MODELED,PROXY_SCREENING_ASSUMPTION
S05,Y37-Y01,Contiguous Interval Y37-Y01,CONTIGUOUS_SUBINTERVAL,NO,Y37,Y01,3,LK09;LK10;LK11,6030.0,2,Y38;Y39,412.8,371.52,371.52,0.0,0.0,0.0,743.04,4.8450,1.00,3149.22,6120.0,12210.0,5508.0,10989.0,CCW,10989.0,1.7490,3.4894,3.4894,FAIL,FAIL_CAPACITY,NOT_MODELED,PROXY_SCREENING_ASSUMPTION
S05,Y38-Y39,Contiguous Interval Y38-Y39,CONTIGUOUS_SUBINTERVAL,NO,Y38,Y39,1,LK10,1000.0,0,NONE,92.1,82.89,82.89,0.0,0.0,0.0,165.78,21.7155,1.00,14115.09,4060.0,11970.0,3654.0,10773.0,CCW,10773.0,0.2589,0.7632,0.7632,COMFORTABLE,PRELIMINARY_CAPACITY_PASS_INFRASTRUCTURE_UNVERIFIED,NOT_MODELED,PROXY_SCREENING_ASSUMPTION
S05,Y38-Y01,Southern Tail Extended Section,S4,YES,Y38,Y01,2,LK10;LK11,4240.0,1,Y39,285.1,256.59,256.59,0.0,0.0,0.0,513.18,7.0151,1.00,4559.80,4590.0,11970.0,4131.0,10773.0,CCW,10773.0,0.9060,2.3626,2.3626,FAIL,FAIL_CAPACITY,NOT_MODELED,PROXY_SCREENING_ASSUMPTION
S05,Y39-Y01,Mountain Tunnel Section,S1,YES,Y39,Y01,1,LK11,3240.0,0,NONE,193.0,173.70,173.70,0.0,0.0,0.0,347.40,10.3627,1.00,6735.75,4590.0,10310.0,4131.0,9279.0,CCW,9279.0,0.6133,1.3776,1.3776,FAIL,FAIL_CAPACITY,NOT_MODELED,PROXY_SCREENING_ASSUMPTION
S06,Y29-Y30,Contiguous Interval Y29-Y30,CONTIGUOUS_SUBINTERVAL,NO,Y29,Y30,1,LK01,930.0,0,NONE,89.0,89.00,89.00,18.0,36.0,60.0,274.00,13.1387,0.70,5978.10,5700.0,2370.0,5700.0,2370.0,CW,5700.0,0.9535,0.3964,0.9535,TIGHT,PRELIMINARY_CAPACITY_PASS_INFRASTRUCTURE_UNVERIFIED,NOT_MODELED,PROXY_SCREENING_ASSUMPTION
S06,Y29-Y31,Contiguous Interval Y29-Y31,CONTIGUOUS_SUBINTERVAL,NO,Y29,Y31,2,LK01;LK02,1915.0,1,Y30,180.9,210.90,210.90,18.0,36.0,60.0,517.80,6.9525,0.70,3163.38,5700.0,2420.0,5700.0,2420.0,CW,5700.0,1.8019,0.7650,1.8019,FAIL,FAIL_CAPACITY,NOT_MODELED,PROXY_SCREENING_ASSUMPTION
S06,Y29-Y32,Contiguous Interval Y29-Y32,CONTIGUOUS_SUBINTERVAL,NO,Y29,Y32,3,LK01;LK02;LK03,2450.0,2,Y30;Y31,252.7,312.70,312.70,18.0,36.0,60.0,721.40,4.9903,0.70,2270.58,5700.0,4070.0,5700.0,4070.0,CW,5700.0,2.5104,1.7925,2.5104,FAIL,FAIL_CAPACITY,NOT_MODELED,PROXY_SCREENING_ASSUMPTION
S06,Y29-Y33,Contiguous Interval Y29-Y33,CONTIGUOUS_SUBINTERVAL,NO,Y29,Y33,4,LK01;LK02;LK03;LK04,3325.0,3,Y30;Y31;Y32,339.6,429.60,429.60,18.0,36.0,60.0,955.20,3.7688,0.70,1714.82,5700.0,7170.0,5700.0,7170.0,CCW,7170.0,3.3240,4.1812,4.1812,FAIL,FAIL_CAPACITY,NOT_MODELED,PROXY_SCREENING_ASSUMPTION
S06,Y29-Y34,Contiguous Interval Y29-Y34,CONTIGUOUS_SUBINTERVAL,NO,Y29,Y34,5,LK01;LK02;LK03;LK04;LK05,4350.0,4,Y30;Y31;Y32;Y33,433.3,553.30,553.30,18.0,36.0,60.0,1202.60,2.9935,0.70,1362.05,5700.0,9330.0,5700.0,9330.0,CCW,9330.0,4.1849,6.8500,6.8500,FAIL,FAIL_CAPACITY,NOT_MODELED,PROXY_SCREENING_ASSUMPTION
S06,Y29-Y35,Contiguous Interval Y29-Y35,CONTIGUOUS_SUBINTERVAL,NO,Y29,Y35,6,LK01;LK02;LK03;LK04;LK05;LK06,5255.0,5,Y30;Y31;Y32;Y33;Y34,521.6,671.60,671.60,18.0,36.0,60.0,1439.20,2.5014,0.70,1138.13,5700.0,10740.0,5700.0,10740.0,CCW,10740.0,5.0082,9.4365,9.4365,FAIL,FAIL_CAPACITY,NOT_MODELED,PROXY_SCREENING_ASSUMPTION
S06,Y29-Y36,Contiguous Interval Y29-Y36,CONTIGUOUS_SUBINTERVAL,NO,Y29,Y36,7,LK01;LK02;LK03;LK04;LK05;LK06;LK07,6940.0,6,Y30;Y31;Y32;Y33;Y34;Y35,644.9,824.90,824.90,18.0,36.0,60.0,1745.80,2.0621,0.70,938.25,5700.0,15250.0,5700.0,15250.0,CCW,15250.0,6.0751,16.2536,16.2536,FAIL,FAIL_CAPACITY,NOT_MODELED,PROXY_SCREENING_ASSUMPTION
S06,Y29-Y37,Contiguous Interval Y29-Y37,CONTIGUOUS_SUBINTERVAL,NO,Y29,Y37,8,LK01;LK02;LK03;LK04;LK05;LK06;LK07;LK08,7765.0,7,Y30;Y31;Y32;Y33;Y34;Y35;Y36,729.6,939.60,939.60,18.0,36.0,60.0,1975.20,1.8226,0.70,829.28,7160.0,15250.0,7160.0,15250.0,CCW,15250.0,8.6340,18.3894,18.3894,FAIL,FAIL_CAPACITY,NOT_MODELED,PROXY_SCREENING_ASSUMPTION
S06,Y29-Y38,Contiguous Interval Y29-Y38,CONTIGUOUS_SUBINTERVAL,NO,Y29,Y38,9,LK01;LK02;LK03;LK04;LK05;LK06;LK07;LK08;LK09,9555.0,8,Y30;Y31;Y32;Y33;Y34;Y35;Y36;Y37,857.3,1097.30,1097.30,18.0,36.0,60.0,2290.60,1.5716,0.70,715.10,7160.0,15250.0,7160.0,15250.0,CCW,15250.0,10.0126,21.3258,21.3258,FAIL,FAIL_CAPACITY,NOT_MODELED,PROXY_SCREENING_ASSUMPTION
S06,Y29-Y39,Contiguous Interval Y29-Y39,CONTIGUOUS_SUBINTERVAL,NO,Y29,Y39,10,LK01;LK02;LK03;LK04;LK05;LK06;LK07;LK08;LK09;LK10,10555.0,9,Y30;Y31;Y32;Y33;Y34;Y35;Y36;Y37;Y38,949.4,1219.40,1219.40,18.0,36.0,60.0,2534.80,1.4202,0.70,646.20,7160.0,15250.0,7160.0,15250.0,CCW,15250.0,11.0801,23.5993,23.5993,FAIL,FAIL_CAPACITY,NOT_MODELED,PROXY_SCREENING_ASSUMPTION
S06,Y29-Y01,Contiguous Interval Y29-Y01,CONTIGUOUS_SUBINTERVAL,NO,Y29,Y01,11,LK01;LK02;LK03;LK04;LK05;LK06;LK07;LK08;LK09;LK10;LK11,13795.0,10,Y30;Y31;Y32;Y33;Y34;Y35;Y36;Y37;Y38;Y39,1142.4,1442.40,1442.40,18.0,36.0,60.0,2980.80,1.2077,0.70,549.52,7160.0,15250.0,7160.0,15250.0,CCW,15250.0,13.0296,27.7516,27.7516,FAIL,FAIL_CAPACITY,NOT_MODELED,PROXY_SCREENING_ASSUMPTION
S06,Y30-Y31,Contiguous Interval Y30-Y31,CONTIGUOUS_SUBINTERVAL,NO,Y30,Y31,1,LK02,985.0,0,NONE,91.9,91.90,91.90,18.0,36.0,60.0,279.80,12.8663,0.70,5854.18,5380.0,2420.0,5380.0,2420.0,CW,5380.0,0.9190,0.4134,0.9190,TIGHT,PRELIMINARY_CAPACITY_PASS_INFRASTRUCTURE_UNVERIFIED,NOT_MODELED,PROXY_SCREENING_ASSUMPTION
S06,Y30-Y32,Contiguous Interval Y30-Y32,CONTIGUOUS_SUBINTERVAL,NO,Y30,Y32,2,LK02;LK03,1520.0,1,Y31,163.7,193.70,193.70,18.0,36.0,60.0,483.40,7.4472,0.70,3388.50,5380.0,4070.0,5380.0,4070.0,CW,5380.0,1.5877,1.2011,1.5877,FAIL,FAIL_CAPACITY,NOT_MODELED,PROXY_SCREENING_ASSUMPTION
S06,Y30-Y33,Ruiguang Road Core Corridor,S3,YES,Y30,Y33,3,LK02;LK03;LK04,2395.0,2,Y31;Y32,250.6,310.60,310.60,18.0,36.0,60.0,717.20,5.0195,0.70,2283.88,5380.0,7170.0,5380.0,7170.0,CCW,7170.0,2.3556,3.1394,3.1394,FAIL,FAIL_CAPACITY,NOT_MODELED,PROXY_SCREENING_ASSUMPTION
S06,Y30-Y34,Contiguous Interval Y30-Y34,CONTIGUOUS_SUBINTERVAL,NO,Y30,Y34,4,LK02;LK03;LK04;LK05,3420.0,3,Y31;Y32;Y33,344.3,434.30,434.30,18.0,36.0,60.0,964.60,3.7321,0.70,1698.11,5380.0,9330.0,5380.0,9330.0,CCW,9330.0,3.1682,5.4943,5.4943,FAIL,FAIL_CAPACITY,NOT_MODELED,PROXY_SCREENING_ASSUMPTION
S06,Y30-Y35,Contiguous Interval Y30-Y35,CONTIGUOUS_SUBINTERVAL,NO,Y30,Y35,5,LK02;LK03;LK04;LK05;LK06,4325.0,4,Y31;Y32;Y33;Y34,432.6,552.60,552.60,18.0,36.0,60.0,1201.20,2.9970,0.70,1363.64,5380.0,10740.0,5380.0,10740.0,CCW,10740.0,3.9453,7.8760,7.8760,FAIL,FAIL_CAPACITY,NOT_MODELED,PROXY_SCREENING_ASSUMPTION
S06,Y30-Y36,Contiguous Interval Y30-Y36,CONTIGUOUS_SUBINTERVAL,NO,Y30,Y36,6,LK02;LK03;LK04;LK05;LK06;LK07,6010.0,5,Y31;Y32;Y33;Y34;Y35,555.9,705.90,705.90,18.0,36.0,60.0,1507.80,2.3876,0.70,1086.35,5640.0,15250.0,5640.0,15250.0,CCW,15250.0,5.1917,14.0378,14.0378,FAIL,FAIL_CAPACITY,NOT_MODELED,PROXY_SCREENING_ASSUMPTION
S06,Y30-Y37,Contiguous Interval Y30-Y37,CONTIGUOUS_SUBINTERVAL,NO,Y30,Y37,7,LK02;LK03;LK04;LK05;LK06;LK07;LK08,6835.0,6,Y31;Y32;Y33;Y34;Y35;Y36,640.6,820.60,820.60,18.0,36.0,60.0,1737.20,2.0723,0.70,942.90,7160.0,15250.0,7160.0,15250.0,CCW,15250.0,7.5936,16.1736,16.1736,FAIL,FAIL_CAPACITY,NOT_MODELED,PROXY_SCREENING_ASSUMPTION
S06,Y30-Y38,Contiguous Interval Y30-Y38,CONTIGUOUS_SUBINTERVAL,NO,Y30,Y38,8,LK02;LK03;LK04;LK05;LK06;LK07;LK08;LK09,8625.0,7,Y31;Y32;Y33;Y34;Y35;Y36;Y37,768.3,978.30,978.30,18.0,36.0,60.0,2052.60,1.7539,0.70,798.01,7160.0,15250.0,7160.0,15250.0,CCW,15250.0,8.9723,19.1100,19.1100,FAIL,FAIL_CAPACITY,NOT_MODELED,PROXY_SCREENING_ASSUMPTION
S06,Y30-Y39,Contiguous Interval Y30-Y39,CONTIGUOUS_SUBINTERVAL,NO,Y30,Y39,9,LK02;LK03;LK04;LK05;LK06;LK07;LK08;LK09;LK10,9625.0,8,Y31;Y32;Y33;Y34;Y35;Y36;Y37;Y38,860.4,1100.40,1100.40,18.0,36.0,60.0,2296.80,1.5674,0.70,713.17,7160.0,15250.0,7160.0,15250.0,CCW,15250.0,10.0397,21.3835,21.3835,FAIL,FAIL_CAPACITY,NOT_MODELED,PROXY_SCREENING_ASSUMPTION
S06,Y30-Y01,Contiguous Interval Y30-Y01,CONTIGUOUS_SUBINTERVAL,NO,Y30,Y01,10,LK02;LK03;LK04;LK05;LK06;LK07;LK08;LK09;LK10;LK11,12865.0,9,Y31;Y32;Y33;Y34;Y35;Y36;Y37;Y38;Y39,1053.4,1323.40,1323.40,18.0,36.0,60.0,2742.80,1.3125,0.70,597.20,7160.0,15250.0,7160.0,15250.0,CCW,15250.0,11.9893,25.5358,25.5358,FAIL,FAIL_CAPACITY,NOT_MODELED,PROXY_SCREENING_ASSUMPTION
S06,Y31-Y32,Contiguous Interval Y31-Y32,CONTIGUOUS_SUBINTERVAL,NO,Y31,Y32,1,LK03,535.0,0,NONE,71.8,71.80,71.80,18.0,36.0,60.0,239.60,15.0250,0.70,6836.39,4130.0,4070.0,4130.0,4070.0,CW,4130.0,0.6041,0.5953,0.6041,COMFORTABLE,PRELIMINARY_CAPACITY_PASS_INFRASTRUCTURE_UNVERIFIED,NOT_MODELED,PROXY_SCREENING_ASSUMPTION
S06,Y31-Y33,Contiguous Interval Y31-Y33,CONTIGUOUS_SUBINTERVAL,NO,Y31,Y33,2,LK03;LK04,1410.0,1,Y32,158.7,188.70,188.70,18.0,36.0,60.0,473.40,7.6046,0.70,3460.08,4130.0,7170.0,4130.0,7170.0,CCW,7170.0,1.1936,2.0722,2.0722,FAIL,FAIL_CAPACITY,NOT_MODELED,PROXY_SCREENING_ASSUMPTION
S06,Y31-Y34,Contiguous Interval Y31-Y34,CONTIGUOUS_SUBINTERVAL,NO,Y31,Y34,3,LK03;LK04;LK05,2435.0,2,Y32;Y33,252.4,312.40,312.40,18.0,36.0,60.0,720.80,4.9945,0.70,2272.48,4130.0,9330.0,4130.0,9330.0,CCW,9330.0,1.8174,4.1057,4.1057,FAIL,FAIL_CAPACITY,NOT_MODELED,PROXY_SCREENING_ASSUMPTION
S06,Y31-Y35,Contiguous Interval Y31-Y35,CONTIGUOUS_SUBINTERVAL,NO,Y31,Y35,4,LK03;LK04;LK05;LK06,3340.0,3,Y32;Y33;Y34,340.7,430.70,430.70,18.0,36.0,60.0,957.40,3.7602,0.70,1710.88,4130.0,10740.0,4130.0,10740.0,CCW,10740.0,2.4140,6.2775,6.2775,FAIL,FAIL_CAPACITY,NOT_MODELED,PROXY_SCREENING_ASSUMPTION
S06,Y31-Y36,Contiguous Interval Y31-Y36,CONTIGUOUS_SUBINTERVAL,NO,Y31,Y36,5,LK03;LK04;LK05;LK06;LK07,5025.0,4,Y32;Y33;Y34;Y35,464.0,584.00,584.00,18.0,36.0,60.0,1264.00,2.8481,0.70,1295.89,5640.0,15250.0,5640.0,15250.0,CCW,15250.0,4.3522,11.7680,11.7680,FAIL,FAIL_CAPACITY,NOT_MODELED,PROXY_SCREENING_ASSUMPTION
S06,Y31-Y37,Contiguous Interval Y31-Y37,CONTIGUOUS_SUBINTERVAL,NO,Y31,Y37,6,LK03;LK04;LK05;LK06;LK07;LK08,5850.0,5,Y32;Y33;Y34;Y35;Y36,548.7,698.70,698.70,18.0,36.0,60.0,1493.40,2.4106,0.70,1096.83,7160.0,15250.0,7160.0,15250.0,CCW,15250.0,6.5279,13.9038,13.9038,FAIL,FAIL_CAPACITY,NOT_MODELED,PROXY_SCREENING_ASSUMPTION
S06,Y31-Y38,Contiguous Interval Y31-Y38,CONTIGUOUS_SUBINTERVAL,NO,Y31,Y38,7,LK03;LK04;LK05;LK06;LK07;LK08;LK09,7640.0,6,Y32;Y33;Y34;Y35;Y36;Y37,676.4,856.40,856.40,18.0,36.0,60.0,1808.80,1.9903,0.70,905.57,7160.0,15250.0,7160.0,15250.0,CCW,15250.0,7.9066,16.8402,16.8402,FAIL,FAIL_CAPACITY,NOT_MODELED,PROXY_SCREENING_ASSUMPTION
S06,Y31-Y39,Contiguous Interval Y31-Y39,CONTIGUOUS_SUBINTERVAL,NO,Y31,Y39,8,LK03;LK04;LK05;LK06;LK07;LK08;LK09;LK10,8640.0,7,Y32;Y33;Y34;Y35;Y36;Y37;Y38,768.5,978.50,978.50,18.0,36.0,60.0,2053.00,1.7535,0.70,797.86,7160.0,15250.0,7160.0,15250.0,CCW,15250.0,8.9740,19.1137,19.1137,FAIL,FAIL_CAPACITY,NOT_MODELED,PROXY_SCREENING_ASSUMPTION
S06,Y31-Y01,Contiguous Interval Y31-Y01,CONTIGUOUS_SUBINTERVAL,NO,Y31,Y01,9,LK03;LK04;LK05;LK06;LK07;LK08;LK09;LK10;LK11,11880.0,8,Y32;Y33;Y34;Y35;Y36;Y37;Y38;Y39,961.5,1201.50,1201.50,18.0,36.0,60.0,2499.00,1.4406,0.70,655.46,7160.0,15250.0,7160.0,15250.0,CCW,15250.0,10.9236,23.2660,23.2660,FAIL,FAIL_CAPACITY,NOT_MODELED,PROXY_SCREENING_ASSUMPTION
S06,Y32-Y33,Contiguous Interval Y32-Y33,CONTIGUOUS_SUBINTERVAL,NO,Y32,Y33,1,LK04,875.0,0,NONE,86.9,86.90,86.90,18.0,36.0,60.0,269.80,13.3432,0.70,6071.16,3440.0,7170.0,3440.0,7170.0,CCW,7170.0,0.5666,1.1810,1.1810,FAIL,FAIL_CAPACITY,NOT_MODELED,PROXY_SCREENING_ASSUMPTION
S06,Y32-Y34,Contiguous Interval Y32-Y34,CONTIGUOUS_SUBINTERVAL,NO,Y32,Y34,2,LK04;LK05,1900.0,1,Y33,180.6,210.60,210.60,18.0,36.0,60.0,517.20,6.9606,0.70,3167.05,4120.0,9330.0,4120.0,9330.0,CCW,9330.0,1.3009,2.9460,2.9460,FAIL,FAIL_CAPACITY,NOT_MODELED,PROXY_SCREENING_ASSUMPTION
S06,Y32-Y35,Contiguous Interval Y32-Y35,CONTIGUOUS_SUBINTERVAL,NO,Y32,Y35,3,LK04;LK05;LK06,2805.0,2,Y33;Y34,268.9,328.90,328.90,18.0,36.0,60.0,753.80,4.7758,0.70,2172.99,4120.0,10740.0,4120.0,10740.0,CCW,10740.0,1.8960,4.9425,4.9425,FAIL,FAIL_CAPACITY,NOT_MODELED,PROXY_SCREENING_ASSUMPTION
S06,Y32-Y36,Contiguous Interval Y32-Y36,CONTIGUOUS_SUBINTERVAL,NO,Y32,Y36,4,LK04;LK05;LK06;LK07,4490.0,3,Y33;Y34;Y35,392.2,482.20,482.20,18.0,36.0,60.0,1060.40,3.3949,0.70,1544.70,5640.0,15250.0,5640.0,15250.0,CCW,15250.0,3.6512,9.8725,9.8725,FAIL,FAIL_CAPACITY,NOT_MODELED,PROXY_SCREENING_ASSUMPTION
S06,Y32-Y37,Contiguous Interval Y32-Y37,CONTIGUOUS_SUBINTERVAL,NO,Y32,Y37,5,LK04;LK05;LK06;LK07;LK08,5315.0,4,Y33;Y34;Y35;Y36,476.9,596.90,596.90,18.0,36.0,60.0,1289.80,2.7911,0.70,1269.96,7160.0,15250.0,7160.0,15250.0,CCW,15250.0,5.6380,12.0082,12.0082,FAIL,FAIL_CAPACITY,NOT_MODELED,PROXY_SCREENING_ASSUMPTION
S06,Y32-Y38,Contiguous Interval Y32-Y38,CONTIGUOUS_SUBINTERVAL,NO,Y32,Y38,6,LK04;LK05;LK06;LK07;LK08;LK09,7105.0,5,Y33;Y34;Y35;Y36;Y37,604.6,754.60,754.60,18.0,36.0,60.0,1605.20,2.2427,0.70,1020.43,7160.0,15250.0,7160.0,15250.0,CCW,15250.0,7.0166,14.9446,14.9446,FAIL,FAIL_CAPACITY,NOT_MODELED,PROXY_SCREENING_ASSUMPTION
S06,Y32-Y39,Contiguous Interval Y32-Y39,CONTIGUOUS_SUBINTERVAL,NO,Y32,Y39,7,LK04;LK05;LK06;LK07;LK08;LK09;LK10,8105.0,6,Y33;Y34;Y35;Y36;Y37;Y38,696.7,876.70,876.70,18.0,36.0,60.0,1849.40,1.9466,0.70,885.69,7160.0,15250.0,7160.0,15250.0,CCW,15250.0,8.0841,17.2182,17.2182,FAIL,FAIL_CAPACITY,NOT_MODELED,PROXY_SCREENING_ASSUMPTION
S06,Y32-Y01,Contiguous Interval Y32-Y01,CONTIGUOUS_SUBINTERVAL,NO,Y32,Y01,8,LK04;LK05;LK06;LK07;LK08;LK09;LK10;LK11,11345.0,7,Y33;Y34;Y35;Y36;Y37;Y38;Y39,889.7,1099.70,1099.70,18.0,36.0,60.0,2295.40,1.5684,0.70,713.60,7160.0,15250.0,7160.0,15250.0,CCW,15250.0,10.0336,21.3705,21.3705,FAIL,FAIL_CAPACITY,NOT_MODELED,PROXY_SCREENING_ASSUMPTION
S06,Y33-Y34,Contiguous Interval Y33-Y34,CONTIGUOUS_SUBINTERVAL,NO,Y33,Y34,1,LK05,1025.0,0,NONE,93.7,93.70,93.70,18.0,36.0,60.0,283.40,12.7029,0.70,5779.82,4120.0,9330.0,4120.0,9330.0,CCW,9330.0,0.7128,1.6142,1.6142,FAIL,FAIL_CAPACITY,NOT_MODELED,PROXY_SCREENING_ASSUMPTION
S06,Y33-Y35,Contiguous Interval Y33-Y35,CONTIGUOUS_SUBINTERVAL,NO,Y33,Y35,2,LK05;LK06,1930.0,1,Y34,182.0,212.00,212.00,18.0,36.0,60.0,520.00,6.9231,0.70,3150.00,4120.0,10740.0,4120.0,10740.0,CCW,10740.0,1.3079,3.4095,3.4095,FAIL,FAIL_CAPACITY,NOT_MODELED,PROXY_SCREENING_ASSUMPTION
S06,Y33-Y36,Contiguous Interval Y33-Y36,CONTIGUOUS_SUBINTERVAL,NO,Y33,Y36,3,LK05;LK06;LK07,3615.0,2,Y34;Y35,305.3,365.30,365.30,18.0,36.0,60.0,826.60,4.3552,0.70,1981.61,5640.0,15250.0,5640.0,15250.0,CCW,15250.0,2.8462,7.6958,7.6958,FAIL,FAIL_CAPACITY,NOT_MODELED,PROXY_SCREENING_ASSUMPTION
S06,Y33-Y37,Contiguous Interval Y33-Y37,CONTIGUOUS_SUBINTERVAL,NO,Y33,Y37,4,LK05;LK06;LK07;LK08,4440.0,3,Y34;Y35;Y36,390.0,480.00,480.00,18.0,36.0,60.0,1056.00,3.4091,0.70,1551.14,7160.0,15250.0,7160.0,15250.0,CCW,15250.0,4.6160,9.8315,9.8315,FAIL,FAIL_CAPACITY,NOT_MODELED,PROXY_SCREENING_ASSUMPTION
S06,Y33-Y38,Contiguous Interval Y33-Y38,CONTIGUOUS_SUBINTERVAL,NO,Y33,Y38,5,LK05;LK06;LK07;LK08;LK09,6230.0,4,Y34;Y35;Y36;Y37,517.7,637.70,637.70,18.0,36.0,60.0,1371.40,2.6251,0.70,1194.40,7160.0,15250.0,7160.0,15250.0,CCW,15250.0,5.9946,12.7679,12.7679,FAIL,FAIL_CAPACITY,NOT_MODELED,PROXY_SCREENING_ASSUMPTION
S06,Y33-Y39,Contiguous Interval Y33-Y39,CONTIGUOUS_SUBINTERVAL,NO,Y33,Y39,6,LK05;LK06;LK07;LK08;LK09;LK10,7230.0,5,Y34;Y35;Y36;Y37;Y38,609.8,759.80,759.80,18.0,36.0,60.0,1615.60,2.2283,0.70,1013.86,7160.0,15250.0,7160.0,15250.0,CCW,15250.0,7.0621,15.0415,15.0415,FAIL,FAIL_CAPACITY,NOT_MODELED,PROXY_SCREENING_ASSUMPTION
S06,Y33-Y01,Contiguous Interval Y33-Y01,CONTIGUOUS_SUBINTERVAL,NO,Y33,Y01,7,LK05;LK06;LK07;LK08;LK09;LK10;LK11,10470.0,6,Y34;Y35;Y36;Y37;Y38;Y39,802.8,982.80,982.80,18.0,36.0,60.0,2061.60,1.7462,0.70,794.53,7160.0,15250.0,7160.0,15250.0,CCW,15250.0,9.0116,19.1938,19.1938,FAIL,FAIL_CAPACITY,NOT_MODELED,PROXY_SCREENING_ASSUMPTION
S06,Y34-Y35,Contiguous Interval Y34-Y35,CONTIGUOUS_SUBINTERVAL,NO,Y34,Y35,1,LK06,905.0,0,NONE,88.3,88.30,88.30,18.0,36.0,60.0,272.60,13.2062,0.70,6008.80,4010.0,10740.0,4010.0,10740.0,CCW,10740.0,0.6674,1.7874,1.7874,FAIL,FAIL_CAPACITY,NOT_MODELED,PROXY_SCREENING_ASSUMPTION
S06,Y34-Y36,Contiguous Interval Y34-Y36,CONTIGUOUS_SUBINTERVAL,NO,Y34,Y36,2,LK06;LK07,2590.0,1,Y35,211.6,241.60,241.60,18.0,36.0,60.0,579.20,6.2155,0.70,2828.04,5640.0,15250.0,5640.0,15250.0,CCW,15250.0,1.9943,5.3924,5.3924,FAIL,FAIL_CAPACITY,NOT_MODELED,PROXY_SCREENING_ASSUMPTION
S06,Y34-Y37,Contiguous Interval Y34-Y37,CONTIGUOUS_SUBINTERVAL,NO,Y34,Y37,3,LK06;LK07;LK08,3415.0,2,Y35;Y36,296.3,356.30,356.30,18.0,36.0,60.0,808.60,4.4521,0.70,2025.72,7160.0,15250.0,7160.0,15250.0,CCW,15250.0,3.5345,7.5282,7.5282,FAIL,FAIL_CAPACITY,NOT_MODELED,PROXY_SCREENING_ASSUMPTION
S06,Y34-Y38,Contiguous Interval Y34-Y38,CONTIGUOUS_SUBINTERVAL,NO,Y34,Y38,4,LK06;LK07;LK08;LK09,5205.0,3,Y35;Y36;Y37,424.0,514.00,514.00,18.0,36.0,60.0,1124.00,3.2028,0.70,1457.30,7160.0,15250.0,7160.0,15250.0,CCW,15250.0,4.9132,10.4646,10.4646,FAIL,FAIL_CAPACITY,NOT_MODELED,PROXY_SCREENING_ASSUMPTION
S06,Y34-Y39,Contiguous Interval Y34-Y39,CONTIGUOUS_SUBINTERVAL,NO,Y34,Y39,5,LK06;LK07;LK08;LK09;LK10,6205.0,4,Y35;Y36;Y37;Y38,516.1,636.10,636.10,18.0,36.0,60.0,1368.20,2.6312,0.70,1197.19,7160.0,15250.0,7160.0,15250.0,CCW,15250.0,5.9807,12.7381,12.7381,FAIL,FAIL_CAPACITY,NOT_MODELED,PROXY_SCREENING_ASSUMPTION
S06,Y34-Y01,Contiguous Interval Y34-Y01,CONTIGUOUS_SUBINTERVAL,NO,Y34,Y01,6,LK06;LK07;LK08;LK09;LK10;LK11,9445.0,5,Y35;Y36;Y37;Y38;Y39,709.1,859.10,859.10,18.0,36.0,60.0,1814.20,1.9843,0.70,902.88,7160.0,15250.0,7160.0,15250.0,CCW,15250.0,7.9302,16.8904,16.8904,FAIL,FAIL_CAPACITY,NOT_MODELED,PROXY_SCREENING_ASSUMPTION
S06,Y35-Y36,Keelung River Undercrossing,S2,YES,Y35,Y36,1,LK07,1685.0,0,NONE,123.3,123.30,123.30,18.0,36.0,60.0,342.60,10.5079,0.70,4781.09,5640.0,15250.0,5640.0,15250.0,CCW,15250.0,1.1796,3.1897,3.1897,FAIL,FAIL_CAPACITY,NOT_MODELED,PROXY_SCREENING_ASSUMPTION
S06,Y35-Y37,Contiguous Interval Y35-Y37,CONTIGUOUS_SUBINTERVAL,NO,Y35,Y37,2,LK07;LK08,2510.0,1,Y36,208.0,238.00,238.00,18.0,36.0,60.0,572.00,6.2937,0.70,2863.64,7160.0,15250.0,7160.0,15250.0,CCW,15250.0,2.5003,5.3254,5.3254,FAIL,FAIL_CAPACITY,NOT_MODELED,PROXY_SCREENING_ASSUMPTION
S06,Y35-Y38,Contiguous Interval Y35-Y38,CONTIGUOUS_SUBINTERVAL,NO,Y35,Y38,3,LK07;LK08;LK09,4300.0,2,Y36;Y37,335.7,395.70,395.70,18.0,36.0,60.0,887.40,4.0568,0.70,1845.84,7160.0,15250.0,7160.0,15250.0,CCW,15250.0,3.8790,8.2618,8.2618,FAIL,FAIL_CAPACITY,NOT_MODELED,PROXY_SCREENING_ASSUMPTION
S06,Y35-Y39,Contiguous Interval Y35-Y39,CONTIGUOUS_SUBINTERVAL,NO,Y35,Y39,4,LK07;LK08;LK09;LK10,5300.0,3,Y36;Y37;Y38,427.8,517.80,517.80,18.0,36.0,60.0,1131.60,3.1813,0.70,1447.51,7160.0,15250.0,7160.0,15250.0,CCW,15250.0,4.9464,10.5353,10.5353,FAIL,FAIL_CAPACITY,NOT_MODELED,PROXY_SCREENING_ASSUMPTION
S06,Y35-Y01,Contiguous Interval Y35-Y01,CONTIGUOUS_SUBINTERVAL,NO,Y35,Y01,5,LK07;LK08;LK09;LK10;LK11,8540.0,4,Y36;Y37;Y38;Y39,620.8,740.80,740.80,18.0,36.0,60.0,1577.60,2.2819,0.70,1038.29,7160.0,15250.0,7160.0,15250.0,CCW,15250.0,6.8960,14.6877,14.6877,FAIL,FAIL_CAPACITY,NOT_MODELED,PROXY_SCREENING_ASSUMPTION
S06,Y36-Y37,Contiguous Interval Y36-Y37,CONTIGUOUS_SUBINTERVAL,NO,Y36,Y37,1,LK08,825.0,0,NONE,84.7,84.70,84.70,18.0,36.0,60.0,265.40,13.5644,0.70,6171.82,7160.0,13200.0,7160.0,13200.0,CCW,13200.0,1.1601,2.1388,2.1388,FAIL,FAIL_CAPACITY,NOT_MODELED,PROXY_SCREENING_ASSUMPTION
S06,Y36-Y38,Contiguous Interval Y36-Y38,CONTIGUOUS_SUBINTERVAL,NO,Y36,Y38,2,LK08;LK09,2615.0,1,Y37,212.4,242.40,242.40,18.0,36.0,60.0,580.80,6.1983,0.70,2820.25,7160.0,13200.0,7160.0,13200.0,CCW,13200.0,2.5388,4.6804,4.6804,FAIL,FAIL_CAPACITY,NOT_MODELED,PROXY_SCREENING_ASSUMPTION
S06,Y36-Y39,Contiguous Interval Y36-Y39,CONTIGUOUS_SUBINTERVAL,NO,Y36,Y39,3,LK08;LK09;LK10,3615.0,2,Y37;Y38,304.5,364.50,364.50,18.0,36.0,60.0,825.00,4.3636,0.70,1985.45,7160.0,13200.0,7160.0,13200.0,CCW,13200.0,3.6062,6.6484,6.6484,FAIL,FAIL_CAPACITY,NOT_MODELED,PROXY_SCREENING_ASSUMPTION
S06,Y36-Y01,Contiguous Interval Y36-Y01,CONTIGUOUS_SUBINTERVAL,NO,Y36,Y01,4,LK08;LK09;LK10;LK11,6855.0,3,Y37;Y38;Y39,497.5,587.50,587.50,18.0,36.0,60.0,1271.00,2.8324,0.70,1288.75,7160.0,13200.0,7160.0,13200.0,CCW,13200.0,5.5558,10.2425,10.2425,FAIL,FAIL_CAPACITY,NOT_MODELED,PROXY_SCREENING_ASSUMPTION
S06,Y37-Y38,Contiguous Interval Y37-Y38,CONTIGUOUS_SUBINTERVAL,NO,Y37,Y38,1,LK09,1790.0,0,NONE,127.7,127.70,127.70,18.0,36.0,60.0,351.40,10.2447,0.70,4661.35,6120.0,12210.0,6120.0,12210.0,CCW,12210.0,1.3129,2.6194,2.6194,FAIL,FAIL_CAPACITY,NOT_MODELED,PROXY_SCREENING_ASSUMPTION
S06,Y37-Y39,Contiguous Interval Y37-Y39,CONTIGUOUS_SUBINTERVAL,NO,Y37,Y39,2,LK09;LK10,2790.0,1,Y38,219.8,249.80,249.80,18.0,36.0,60.0,595.60,6.0443,0.70,2750.17,6120.0,12210.0,6120.0,12210.0,CCW,12210.0,2.2253,4.4397,4.4397,FAIL,FAIL_CAPACITY,NOT_MODELED,PROXY_SCREENING_ASSUMPTION
S06,Y37-Y01,Contiguous Interval Y37-Y01,CONTIGUOUS_SUBINTERVAL,NO,Y37,Y01,3,LK09;LK10;LK11,6030.0,2,Y38;Y39,412.8,472.80,472.80,18.0,36.0,60.0,1041.60,3.4562,0.70,1572.58,6120.0,12210.0,6120.0,12210.0,CCW,12210.0,3.8917,7.7643,7.7643,FAIL,FAIL_CAPACITY,NOT_MODELED,PROXY_SCREENING_ASSUMPTION
S06,Y38-Y39,Contiguous Interval Y38-Y39,CONTIGUOUS_SUBINTERVAL,NO,Y38,Y39,1,LK10,1000.0,0,NONE,92.1,92.10,92.10,18.0,36.0,60.0,280.20,12.8480,0.70,5845.82,4060.0,11970.0,4060.0,11970.0,CCW,11970.0,0.6945,2.0476,2.0476,FAIL,FAIL_CAPACITY,NOT_MODELED,PROXY_SCREENING_ASSUMPTION
S06,Y38-Y01,Southern Tail Extended Section,S4,YES,Y38,Y01,2,LK10;LK11,4240.0,1,Y39,285.1,315.10,315.10,18.0,36.0,60.0,726.20,4.9573,0.70,2255.58,4590.0,11970.0,4590.0,11970.0,CCW,11970.0,2.0350,5.3068,5.3068,FAIL,FAIL_CAPACITY,NOT_MODELED,PROXY_SCREENING_ASSUMPTION
S06,Y39-Y01,Mountain Tunnel Section,S1,YES,Y39,Y01,1,LK11,3240.0,0,NONE,193.0,193.00,193.00,18.0,36.0,60.0,482.00,7.4689,0.70,3398.34,4590.0,10310.0,4590.0,10310.0,CCW,10310.0,1.3507,3.0338,3.0338,FAIL,FAIL_CAPACITY,NOT_MODELED,PROXY_SCREENING_ASSUMPTION
